salary_target_eur,fe_log_salary_target_eur,minutes,nineties,matches,starts,fe_start_rate,fe_is_regular_1500min,goals,assists,fe_goal_contribution,fe_goal_contribution_per90,stats_age,fe_age_squared,fe_is_prime_age_24_29,fe_is_young_prospect_u23,fe_salary_vs_league_mean,fe_salary_vs_club_mean,fe_club_mean_salary_target_eur,fe_league_mean_salary_target_eur,pos_DF,pos_FW,pos_GK,pos_MF
80000.0,11.289794,34.0,0.4,3.0,0.0,0.0,0.0,0.0,0.0,0.0,0.0,20.0,400.0,0.0,1.0,0.033633,0.062609,1277777.777778,2378628.738298,0.0,0.0,0.0,1.0
1700000.0,14.346139,2097.0,23.3,29.0,25.0,0.862069,1.0,5.0,0.0,5.0,0.214592,27.0,729.0,1.0,0.0,0.714697,1.330435,1277777.777778,2378628.738298,0.0,0.0,0.0,1.0
750000.0,13.52783,1743.0,19.4,28.0,18.0,0.642857,1.0,6.0,0.0,6.0,0.309278,21.0,441.0,0.0,1.0,0.315308,0.586957,1277777.777778,2378628.738298,0.0,0.0,0.0,1.0
1320000.0,14.093143,4.0,0.0,1.0,0.0,0.0,0.0,0.0,0.0,0.0,0.0,26.0,676.0,1.0,0.0,0.554942,1.033043,1277777.777778,2378628.738298,0.0,0.0,0.0,1.0
570000.0,13.253393,1069.0,11.9,15.0,11.0,0.733333,0.0,2.0,0.0,2.0,0.168067,24.0,576.0,1.0,0.0,0.239634,0.446087,1277777.777778,2378628.738298,1.0,0.0,0.0,0.0
2080000.0,14.547879,1816.0,20.2,27.0,20.0,0.740741,1.0,0.0,0.0,0.0,0.0,27.0,729.0,1.0,0.0,0.874453,1.627826,1277777.777778,2378628.738298,1.0,0.0,0.0,0.0
2260000.0,14.630876,1489.0,16.5,18.0,17.0,0.944444,0.0,1.0,0.0,1.0,0.060606,23.0,529.0,0.0,1.0,0.950127,1.768696,1277777.777778,2378628.738298,1.0,0.0,0.0,0.0
1320000.0,14.093143,1888.0,21.0,27.0,25.0,0.925926,1.0,2.0,0.0,2.0,0.095238,29.0,841.0,1.0,0.0,0.554942,1.033043,1277777.777778,2378628.738298,0.0,0.0,0.0,1.0
940000.0,13.753636,497.0,5.5,10.0,7.0,0.7,0.0,0.0,0.0,0.0,0.0,25.0,625.0,1.0,0.0,0.395186,0.735652,1277777.777778,2378628.738298,0.0,0.0,0.0,1.0
1510000.0,14.227621,1118.0,12.4,26.0,10.0,0.384615,0.0,2.0,0.0,2.0,0.16129,27.0,729.0,1.0,0.0,0.63482,1.181739,1277777.777778,2378628.738298,0.0,0.0,0.0,1.0
1510000.0,14.227621,2476.0,27.5,35.0,30.0,0.857143,1.0,6.0,0.0,6.0,0.218182,23.0,529.0,0.0,1.0,0.63482,1.181739,1277777.777778,2378628.738298,0.0,0.0,0.0,1.0
2260000.0,14.630876,3060.0,34.0,34.0,34.0,1.0,1.0,0.0,12.0,12.0,0.352941,27.0,729.0,1.0,0.0,0.950127,1.768696,1277777.777778,2378628.738298,0.0,0.0,1.0,0.0
1510000.0,14.227621,2427.0,27.0,33.0,29.0,0.878788,1.0,2.0,0.0,2.0,0.074074,24.0,576.0,1.0,0.0,0.63482,1.181739,1277777.777778,2378628.738298,0.0,0.0,0.0,1.0
470000.0,13.06049,94.0,1.0,6.0,0.0,0.0,0.0,0.0,0.0,0.0,0.0,21.0,441.0,0.0,1.0,0.197593,0.367826,1277777.777778,2378628.738298,0.0,0.0,0.0,1.0
2260000.0,14.630876,848.0,9.4,11.0,10.0,0.909091,0.0,0.0,0.0,0.0,0.0,34.0,1156.0,0.0,0.0,0.950127,1.768696,1277777.777778,2378628.738298,1.0,0.0,0.0,0.0
2080000.0,14.547879,2031.0,22.6,24.0,22.0,0.916667,1.0,0.0,0.0,0.0,0.0,28.0,784.0,1.0,0.0,0.874453,1.627826,1277777.777778,2378628.738298,1.0,0.0,0.0,0.0
2260000.0,14.630876,1653.0,18.4,26.0,18.0,0.692308,1.0,2.0,0.0,2.0,0.108696,28.0,784.0,1.0,0.0,0.950127,1.768696,1277777.777778,2378628.738298,0.0,0.0,0.0,1.0
1130000.0,13.937729,210.0,2.3,7.0,1.0,0.142857,0.0,0.0,0.0,0.0,0.0,28.0,784.0,1.0,0.0,0.475064,0.884348,1277777.777778,2378628.738298,0.0,0.0,0.0,1.0
2260000.0,14.630876,1019.0,11.3,29.0,12.0,0.413793,0.0,1.0,0.0,1.0,0.088496,30.0,900.0,0.0,0.0,0.950127,1.768696,1277777.777778,2378628.738298,0.0,0.0,0.0,1.0
660000.0,13.399997,1464.0,16.3,28.0,17.0,0.607143,0.0,2.0,0.0,2.0,0.122699,20.0,400.0,0.0,1.0,0.277471,0.516522,1277777.777778,2378628.738298,0.0,0.0,0.0,1.0
570000.0,13.253393,913.0,10.1,17.0,11.0,0.647059,0.0,6.0,0.0,6.0,0.594059,31.0,961.0,0.0,0.0,0.239634,0.446087,1277777.777778,2378628.738298,0.0,1.0,0.0,0.0
660000.0,13.399997,1725.0,19.2,23.0,20.0,0.869565,1.0,1.0,0.0,1.0,0.052083,18.0,324.0,0.0,1.0,0.277471,0.516522,1277777.777778,2378628.738298,1.0,0.0,0.0,0.0
1320000.0,14.093143,1808.0,20.1,29.0,19.0,0.655172,1.0,6.0,0.0,6.0,0.298507,28.0,784.0,1.0,0.0,0.554942,0.988126,1335862.068966,2378628.738298,0.0,1.0,0.0,0.0
1320000.0,14.093143,2799.0,31.1,34.0,31.0,0.911765,1.0,3.0,0.0,3.0,0.096463,27.0,729.0,1.0,0.0,0.554942,1.033043,1277777.777778,2378628.738298,0.0,0.0,0.0,1.0
470000.0,13.06049,636.0,7.1,14.0,6.0,0.428571,0.0,2.0,0.0,2.0,0.28169,20.0,400.0,0.0,1.0,0.197593,0.367826,1277777.777778,2378628.738298,0.0,1.0,0.0,0.0
1510000.0,14.227621,414.0,4.6,14.0,2.0,0.142857,0.0,1.0,0.0,1.0,0.217391,27.0,729.0,1.0,0.0,0.63482,1.181739,1277777.777778,2378628.738298,0.0,0.0,0.0,1.0
470000.0,13.06049,47.0,0.5,5.0,0.0,0.0,0.0,0.0,0.0,0.0,0.0,19.0,361.0,0.0,1.0,0.197593,0.367826,1277777.777778,2378628.738298,0.0,1.0,0.0,0.0
570000.0,13.253393,248.0,2.8,6.0,2.0,0.333333,0.0,0.0,0.0,0.0,0.0,25.0,625.0,1.0,0.0,0.239634,0.446087,1277777.777778,2378628.738298,0.0,0.0,0.0,1.0
5660000.0,15.548935,1462.0,16.2,24.0,16.0,0.666667,0.0,3.0,0.0,3.0,0.185185,21.0,441.0,0.0,1.0,2.379522,0.59005,9592400.0,2378628.738298,0.0,0.0,0.0,1.0
15000000.0,16.523561,525.0,5.8,13.0,6.0,0.461538,0.0,1.0,0.0,1.0,0.172414,24.0,576.0,1.0,0.0,6.306154,1.563738,9592400.0,2378628.738298,1.0,0.0,0.0,0.0
230000.0,12.345839,143.0,1.6,4.0,2.0,0.5,0.0,0.0,0.0,0.0,0.0,17.0,289.0,0.0,1.0,0.096694,0.023977,9592400.0,2378628.738298,0.0,0.0,0.0,1.0
10000000.0,16.118096,1794.0,19.9,24.0,21.0,0.875,1.0,1.0,0.0,1.0,0.050251,26.0,676.0,1.0,0.0,4.204103,1.042492,9592400.0,2378628.738298,1.0,0.0,0.0,0.0
230000.0,12.345839,116.0,1.3,9.0,0.0,0.0,0.0,0.0,0.0,0.0,0.0,18.0,324.0,0.0,1.0,0.096694,0.185197,1241923.076923,2378628.738298,0.0,0.0,0.0,1.0
25000000.0,17.034386,2377.0,26.4,31.0,25.0,0.806452,1.0,36.0,0.0,36.0,1.363636,32.0,1024.0,0.0,0.0,10.510257,2.60623,9592400.0,2378628.738298,0.0,1.0,0.0,0.0
3770000.0,15.142586,920.0,10.2,16.0,10.0,0.625,0.0,1.0,0.0,1.0,0.098039,26.0,676.0,1.0,0.0,1.584947,0.393019,9592400.0,2378628.738298,1.0,0.0,0.0,0.0
20750000.0,16.848057,683.0,7.6,15.0,7.0,0.466667,0.0,3.0,0.0,3.0,0.394737,22.0,484.0,0.0,1.0,8.723514,2.163171,9592400.0,2378628.738298,0.0,0.0,0.0,1.0
1502118.0,14.222387,60.0,0.7,8.0,0.0,0.0,0.0,0.0,0.0,0.0,0.0,18.0,324.0,0.0,1.0,0.320122,0.395257,3800358.541667,4692329.188912,0.0,1.0,0.0,0.0
1320000.0,14.093143,1111.0,12.3,14.0,11.0,0.785714,0.0,0.0,9.0,9.0,0.731707,21.0,441.0,0.0,1.0,0.554942,0.137609,9592400.0,2378628.738298,0.0,0.0,1.0,0.0
12000000.0,16.300417,2018.0,22.4,28.0,23.0,0.821429,1.0,2.0,0.0,2.0,0.089286,29.0,841.0,1.0,0.0,5.044923,1.25099,9592400.0,2378628.738298,1.0,0.0,0.0,0.0
20000000.0,16.811243,2280.0,25.3,29.0,24.0,0.827586,1.0,2.0,0.0,2.0,0.079051,30.0,900.0,0.0,0.0,8.408206,2.084984,9592400.0,2378628.738298,0.0,0.0,0.0,1.0
6600000.0,15.70258,1857.0,20.6,26.0,19.0,0.730769,1.0,2.0,0.0,2.0,0.097087,25.0,625.0,1.0,0.0,2.774708,0.688045,9592400.0,2378628.738298,1.0,0.0,0.0,0.0
12000000.0,16.300417,1602.0,17.8,25.0,19.0,0.76,1.0,1.0,0.0,1.0,0.05618,28.0,784.0,1.0,0.0,5.044923,1.25099,9592400.0,2378628.738298,1.0,0.0,0.0,0.0
9000000.0,16.012735,1994.0,22.2,29.0,22.0,0.758621,1.0,3.0,0.0,3.0,0.135135,28.0,784.0,1.0,0.0,3.783693,0.938243,9592400.0,2378628.738298,1.0,0.0,0.0,0.0
2000000.0,14.508658,1281.0,14.2,26.0,16.0,0.615385,0.0,5.0,0.0,5.0,0.352113,17.0,289.0,0.0,1.0,0.840821,0.208498,9592400.0,2378628.738298,0.0,0.0,0.0,1.0
13000000.0,16.38046,1947.0,21.6,31.0,25.0,0.806452,1.0,5.0,0.0,5.0,0.231481,30.0,900.0,0.0,0.0,5.465334,1.35524,9592400.0,2378628.738298,0.0,0.0,0.0,1.0
14000000.0,16.454568,2447.0,27.2,32.0,27.0,0.84375,1.0,15.0,0.0,15.0,0.551471,28.0,784.0,1.0,0.0,5.885744,1.459489,9592400.0,2378628.738298,0.0,0.0,0.0,1.0
21000000.0,16.860033,1859.0,20.7,22.0,22.0,1.0,1.0,0.0,19.0,19.0,0.917874,39.0,1521.0,0.0,0.0,8.828616,2.189233,9592400.0,2378628.738298,0.0,0.0,1.0,0.0
13510000.0,16.418941,2316.0,25.7,32.0,23.0,0.71875,1.0,15.0,0.0,15.0,0.583658,23.0,529.0,0.0,1.0,5.679743,1.408407,9592400.0,2378628.738298,0.0,0.0,0.0,1.0
7550000.0,15.837058,1007.0,11.2,23.0,12.0,0.521739,0.0,8.0,0.0,8.0,0.714286,24.0,576.0,1.0,0.0,3.174098,0.787081,9592400.0,2378628.738298,0.0,1.0,0.0,0.0
8000000.0,15.894952,784.0,8.7,18.0,8.0,0.444444,0.0,5.0,0.0,5.0,0.574713,31.0,961.0,0.0,0.0,3.363282,0.833994,9592400.0,2378628.738298,0.0,0.0,0.0,1.0
1420000.0,14.166168,463.0,5.1,9.0,5.0,0.555556,0.0,0.0,0.0,0.0,0.0,24.0,576.0,1.0,0.0,0.596983,0.148034,9592400.0,2378628.738298,1.0,0.0,0.0,0.0
13000000.0,16.38046,1219.0,13.5,21.0,16.0,0.761905,0.0,8.0,0.0,8.0,0.592593,30.0,900.0,0.0,0.0,5.465334,1.35524,9592400.0,2378628.738298,0.0,0.0,0.0,1.0
1890000.0,14.452088,90.0,1.0,1.0,1.0,1.0,0.0,0.0,0.0,0.0,0.0,36.0,1296.0,0.0,0.0,0.794575,0.197031,9592400.0,2378628.738298,0.0,0.0,1.0,0.0
2830000.0,14.855788,1302.0,14.5,26.0,14.0,0.538462,0.0,3.0,0.0,3.0,0.206897,20.0,400.0,0.0,1.0,1.189761,0.295025,9592400.0,2378628.738298,1.0,0.0,0.0,0.0
280000.0,12.542548,30.0,0.3,4.0,0.0,0.0,0.0,0.0,0.0,0.0,0.0,16.0,256.0,0.0,1.0,0.117715,0.02919,9592400.0,2378628.738298,0.0,1.0,0.0,0.0
1090000.0,13.901689,384.0,4.3,9.0,4.0,0.444444,0.0,1.0,0.0,1.0,0.232558,20.0,400.0,0.0,1.0,0.458247,0.209067,5213636.363636,2378628.738298,1.0,0.0,0.0,0.0
750000.0,13.52783,16.0,0.2,1.0,0.0,0.0,0.0,0.0,0.0,0.0,0.0,19.0,361.0,0.0,1.0,0.315308,0.143854,5213636.363636,2378628.738298,1.0,0.0,0.0,0.0
6000000.0,15.60727,919.0,10.2,28.0,8.0,0.285714,0.0,2.0,0.0,2.0,0.196078,21.0,441.0,0.0,1.0,2.522462,1.150828,5213636.363636,2378628.738298,0.0,0.0,0.0,1.0
470000.0,13.06049,96.0,1.1,6.0,0.0,0.0,0.0,0.0,0.0,0.0,0.0,19.0,361.0,0.0,1.0,0.197593,0.251498,1868800.0,2378628.738298,0.0,1.0,0.0,0.0
3020000.0,14.920768,2454.0,27.3,33.0,27.0,0.818182,1.0,2.0,0.0,2.0,0.07326,23.0,529.0,0.0,1.0,1.269639,0.57925,5213636.363636,2378628.738298,0.0,0.0,0.0,1.0
6420000.0,15.674929,621.0,6.9,9.0,7.0,0.777778,0.0,3.0,0.0,3.0,0.434783,31.0,961.0,0.0,0.0,2.699034,1.231386,5213636.363636,2378628.738298,1.0,0.0,0.0,0.0
4150000.0,15.238619,817.0,9.1,28.0,7.0,0.25,0.0,2.0,0.0,2.0,0.21978,23.0,529.0,0.0,1.0,1.744703,0.79599,5213636.363636,2378628.738298,0.0,1.0,0.0,0.0
8020000.0,15.897449,2176.0,24.2,29.0,25.0,0.862069,1.0,2.0,0.0,2.0,0.082645,24.0,576.0,1.0,0.0,3.371691,1.538274,5213636.363636,2378628.738298,0.0,0.0,0.0,1.0
380000.0,12.847929,131.0,1.5,4.0,2.0,0.5,0.0,0.0,0.0,0.0,0.0,20.0,400.0,0.0,1.0,0.159756,0.072886,5213636.363636,2378628.738298,1.0,0.0,0.0,0.0
9060000.0,16.01938,3060.0,34.0,34.0,34.0,1.0,1.0,0.0,22.0,22.0,0.647059,27.0,729.0,1.0,0.0,3.808917,1.737751,5213636.363636,2378628.738298,0.0,0.0,1.0,0.0
4720000.0,15.36732,1786.0,19.8,32.0,20.0,0.625,1.0,0.0,0.0,0.0,0.0,19.0,361.0,0.0,1.0,1.984337,0.905318,5213636.363636,2378628.738298,0.0,0.0,0.0,1.0
7000000.0,15.761421,1606.0,17.8,29.0,17.0,0.586207,1.0,7.0,0.0,7.0,0.393258,29.0,841.0,1.0,0.0,2.942872,1.342633,5213636.363636,2378628.738298,0.0,0.0,0.0,1.0
5000000.0,15.424949,2266.0,25.2,31.0,26.0,0.83871,1.0,0.0,0.0,0.0,0.0,27.0,729.0,1.0,0.0,2.102051,0.959024,5213636.363636,2378628.738298,0.0,0.0,0.0,1.0
5000000.0,15.424949,1195.0,13.3,28.0,15.0,0.535714,0.0,7.0,0.0,7.0,0.526316,23.0,529.0,0.0,1.0,2.102051,0.959024,5213636.363636,2378628.738298,0.0,0.0,0.0,1.0
7510000.0,15.831746,1817.0,20.2,26.0,21.0,0.807692,1.0,1.0,0.0,1.0,0.049505,31.0,961.0,0.0,0.0,3.157281,1.440453,5213636.363636,2378628.738298,0.0,0.0,0.0,1.0
4150000.0,15.238619,2026.0,22.5,32.0,24.0,0.75,1.0,9.0,0.0,9.0,0.4,22.0,484.0,0.0,1.0,1.744703,0.79599,5213636.363636,2378628.738298,0.0,0.0,0.0,1.0
4720000.0,15.36732,2520.0,28.0,28.0,28.0,1.0,1.0,5.0,0.0,5.0,0.178571,25.0,625.0,1.0,0.0,1.984337,0.905318,5213636.363636,2378628.738298,1.0,0.0,0.0,0.0
10000000.0,16.118096,486.0,5.4,11.0,7.0,0.636364,0.0,0.0,0.0,0.0,0.0,29.0,841.0,1.0,0.0,4.204103,1.918047,5213636.363636,2378628.738298,1.0,0.0,0.0,0.0
5407625.0,15.503321,2249.0,25.0,30.0,25.0,0.833333,1.0,1.0,0.0,1.0,0.04,34.0,1156.0,0.0,0.0,1.152439,1.828255,2957806.909091,4692329.188912,0.0,0.0,0.0,1.0
4510000.0,15.321808,1530.0,17.0,21.0,15.0,0.714286,1.0,5.0,0.0,5.0,0.294118,30.0,900.0,0.0,0.0,1.89605,0.865039,5213636.363636,2378628.738298,1.0,0.0,0.0,0.0
3770000.0,15.142586,81.0,0.9,11.0,0.0,0.0,0.0,0.0,0.0,0.0,0.0,27.0,729.0,1.0,0.0,1.584947,0.723104,5213636.363636,2378628.738298,0.0,0.0,0.0,1.0
9430000.0,16.059407,2337.0,26.0,33.0,27.0,0.818182,1.0,17.0,0.0,17.0,0.653846,29.0,841.0,1.0,0.0,3.964469,1.808718,5213636.363636,2378628.738298,0.0,1.0,0.0,0.0
5280000.0,15.479437,2880.0,32.0,32.0,32.0,1.0,1.0,2.0,0.0,2.0,0.0625,29.0,841.0,1.0,0.0,2.219766,1.012729,5213636.363636,2378628.738298,1.0,0.0,0.0,0.0
4720000.0,15.36732,997.0,11.1,19.0,11.0,0.578947,0.0,2.0,0.0,2.0,0.18018,23.0,529.0,0.0,1.0,1.984337,0.905318,5213636.363636,2378628.738298,0.0,0.0,0.0,1.0
940000.0,13.753636,1326.0,14.7,28.0,12.0,0.428571,0.0,4.0,0.0,4.0,0.272109,23.0,529.0,0.0,1.0,0.395186,0.429346,2189376.5,2378628.738298,0.0,0.0,0.0,1.0
1802542.0,14.404709,1513.0,16.8,28.0,17.0,0.607143,1.0,6.0,0.0,6.0,0.357143,23.0,529.0,0.0,1.0,0.757807,0.823313,2189376.5,2378628.738298,0.0,1.0,0.0,0.0
4150000.0,15.238619,2141.0,23.8,24.0,24.0,1.0,1.0,1.0,0.0,1.0,0.042017,25.0,625.0,1.0,0.0,1.744703,1.895517,2189376.5,2378628.738298,1.0,0.0,0.0,0.0
850000.0,13.652993,1678.0,18.6,24.0,18.0,0.75,1.0,0.0,0.0,0.0,0.0,22.0,484.0,0.0,1.0,0.357349,0.388238,2189376.5,2378628.738298,1.0,0.0,0.0,0.0
330000.0,12.706851,144.0,1.6,4.0,1.0,0.25,0.0,0.0,0.0,0.0,0.0,28.0,784.0,1.0,0.0,0.138735,0.150728,2189376.5,2378628.738298,1.0,0.0,0.0,0.0
380000.0,12.847929,586.0,6.5,17.0,6.0,0.352941,0.0,2.0,0.0,2.0,0.307692,20.0,400.0,0.0,1.0,0.159756,0.173565,2189376.5,2378628.738298,0.0,0.0,0.0,1.0
1320000.0,14.093143,1156.0,12.8,21.0,15.0,0.714286,0.0,8.0,0.0,8.0,0.625,19.0,361.0,0.0,1.0,0.554942,0.602911,2189376.5,2378628.738298,0.0,0.0,0.0,1.0
660000.0,13.399997,75.0,0.8,5.0,0.0,0.0,0.0,0.0,0.0,0.0,0.0,19.0,361.0,0.0,1.0,0.277471,0.301456,2189376.5,2378628.738298,1.0,0.0,0.0,0.0
3400000.0,15.039286,1444.0,16.0,25.0,16.0,0.64,0.0,0.0,0.0,0.0,0.0,30.0,900.0,0.0,0.0,1.429395,1.552954,2189376.5,2378628.738298,0.0,0.0,0.0,1.0
1890000.0,14.452088,1246.0,13.8,24.0,14.0,0.583333,0.0,5.0,0.0,5.0,0.362319,22.0,484.0,0.0,1.0,1.05777,0.920787,2052592.592593,1786777.246187,0.0,1.0,0.0,0.0
1890000.0,14.452088,1792.0,19.9,28.0,21.0,0.75,1.0,2.0,0.0,2.0,0.100503,22.0,484.0,0.0,1.0,0.794575,0.863259,2189376.5,2378628.738298,0.0,0.0,0.0,1.0
2830000.0,14.855788,1812.0,20.1,25.0,21.0,0.84,1.0,2.0,0.0,2.0,0.099502,21.0,441.0,0.0,1.0,1.189761,1.292605,2189376.5,2378628.738298,0.0,0.0,0.0,1.0
1130000.0,13.937729,1331.0,14.8,27.0,15.0,0.555556,0.0,3.0,0.0,3.0,0.202703,20.0,400.0,0.0,1.0,0.475064,0.516129,2189376.5,2378628.738298,0.0,0.0,0.0,1.0
470000.0,13.06049,62.0,0.7,3.0,0.0,0.0,0.0,0.0,0.0,0.0,0.0,25.0,625.0,1.0,0.0,0.197593,0.214673,2189376.5,2378628.738298,0.0,1.0,0.0,0.0
4910000.0,15.406785,1336.0,14.8,22.0,15.0,0.681818,0.0,13.0,0.0,13.0,0.878378,25.0,625.0,1.0,0.0,2.064215,2.242648,2189376.5,2378628.738298,0.0,1.0,0.0,0.0
570000.0,13.253393,1084.0,12.0,13.0,13.0,1.0,0.0,0.0,3.0,3.0,0.25,22.0,484.0,0.0,1.0,0.239634,0.260348,2189376.5,2378628.738298,0.0,0.0,1.0,0.0
380000.0,12.847929,65.0,0.7,5.0,1.0,0.2,0.0,0.0,0.0,0.0,0.0,17.0,289.0,0.0,1.0,0.159756,0.173565,2189376.5,2378628.738298,0.0,0.0,0.0,1.0
3210000.0,14.981782,716.0,8.0,15.0,8.0,0.533333,0.0,2.0,0.0,2.0,0.25,29.0,841.0,1.0,0.0,1.349517,1.466171,2189376.5,2378628.738298,0.0,0.0,0.0,1.0
3510000.0,15.071127,886.0,9.8,21.0,8.0,0.380952,0.0,0.0,0.0,0.0,0.0,33.0,1089.0,0.0,0.0,1.47564,1.603196,2189376.5,2378628.738298,0.0,0.0,0.0,1.0
3770000.0,15.142586,1976.0,22.0,22.0,21.0,0.954545,1.0,0.0,8.0,8.0,0.363636,30.0,900.0,0.0,0.0,1.584947,1.721951,2189376.5,2378628.738298,0.0,0.0,1.0,0.0
3400000.0,15.039286,139.0,1.5,6.0,1.0,0.166667,0.0,1.0,0.0,1.0,0.666667,31.0,961.0,0.0,0.0,1.429395,1.552954,2189376.5,2378628.738298,0.0,1.0,0.0,0.0
2260000.0,14.630876,2656.0,29.5,33.0,29.0,0.878788,1.0,4.0,0.0,4.0,0.135593,22.0,484.0,0.0,1.0,0.950127,1.032257,2189376.5,2378628.738298,0.0,0.0,0.0,1.0
940000.0,13.753636,1500.0,16.7,23.0,16.0,0.695652,1.0,1.0,0.0,1.0,0.05988,21.0,441.0,0.0,1.0,0.395186,0.429346,2189376.5,2378628.738298,1.0,0.0,0.0,0.0
470000.0,13.06049,1089.0,12.1,24.0,12.0,0.5,0.0,1.0,0.0,1.0,0.082645,20.0,400.0,0.0,1.0,0.197593,0.214673,2189376.5,2378628.738298,0.0,0.0,0.0,1.0
4720000.0,15.36732,1538.0,17.1,22.0,19.0,0.863636,1.0,2.0,0.0,2.0,0.116959,28.0,784.0,1.0,0.0,1.984337,2.155865,2189376.5,2378628.738298,1.0,0.0,0.0,0.0
5660000.0,15.548935,2364.0,26.3,31.0,28.0,0.903226,1.0,5.0,0.0,5.0,0.190114,27.0,729.0,1.0,0.0,2.379522,2.585211,2189376.5,2378628.738298,0.0,0.0,0.0,1.0
5660000.0,15.548935,2833.0,31.5,32.0,32.0,1.0,1.0,3.0,0.0,3.0,0.095238,29.0,841.0,1.0,0.0,2.379522,2.585211,2189376.5,2378628.738298,1.0,0.0,0.0,0.0
940000.0,13.753636,11.0,0.1,1.0,0.0,0.0,0.0,0.0,0.0,0.0,0.0,35.0,1225.0,0.0,0.0,0.395186,0.429346,2189376.5,2378628.738298,1.0,0.0,0.0,0.0
750000.0,13.52783,133.0,1.5,5.0,2.0,0.4,0.0,1.0,0.0,1.0,0.666667,21.0,441.0,0.0,1.0,0.315308,0.342563,2189376.5,2378628.738298,0.0,1.0,0.0,0.0
940000.0,13.753636,526.0,5.8,12.0,4.0,0.333333,0.0,0.0,0.0,0.0,0.0,33.0,1089.0,0.0,0.0,0.395186,0.405252,2319545.454545,2378628.738298,1.0,0.0,0.0,0.0
2830000.0,14.855788,1547.0,17.2,24.0,18.0,0.75,1.0,0.0,0.0,0.0,0.0,32.0,1024.0,0.0,0.0,1.189761,1.220067,2319545.454545,2378628.738298,1.0,0.0,0.0,0.0
1130000.0,13.937729,347.0,3.9,10.0,3.0,0.3,0.0,0.0,0.0,0.0,0.0,20.0,400.0,0.0,1.0,0.475064,0.487164,2319545.454545,2378628.738298,0.0,0.0,0.0,1.0
940000.0,13.753636,1301.0,14.5,31.0,12.0,0.387097,0.0,5.0,0.0,5.0,0.344828,22.0,484.0,0.0,1.0,0.395186,0.405252,2319545.454545,2378628.738298,0.0,0.0,0.0,1.0
660000.0,13.399997,1379.0,15.4,22.0,16.0,0.727273,0.0,3.0,0.0,3.0,0.194805,23.0,529.0,0.0,1.0,0.277471,0.724706,910714.285714,2378628.738298,0.0,0.0,0.0,1.0
1320000.0,14.093143,1571.0,17.5,31.0,14.0,0.451613,1.0,11.0,0.0,11.0,0.628571,22.0,484.0,0.0,1.0,0.554942,0.569077,2319545.454545,2378628.738298,0.0,1.0,0.0,0.0
3400000.0,15.039286,1704.0,18.9,28.0,20.0,0.714286,1.0,2.0,0.0,2.0,0.10582,26.0,676.0,1.0,0.0,1.429395,1.465804,2319545.454545,2378628.738298,0.0,0.0,0.0,1.0
940000.0,13.753636,2077.0,23.1,27.0,26.0,0.962963,1.0,5.0,0.0,5.0,0.21645,19.0,361.0,0.0,1.0,0.395186,0.405252,2319545.454545,2378628.738298,0.0,0.0,0.0,1.0
3020000.0,14.920768,1178.0,13.1,20.0,12.0,0.6,0.0,0.0,0.0,0.0,0.0,23.0,529.0,0.0,1.0,1.269639,1.301979,2319545.454545,2378628.738298,1.0,0.0,0.0,0.0
570000.0,13.253393,446.0,5.0,9.0,7.0,0.777778,0.0,1.0,0.0,1.0,0.2,24.0,576.0,1.0,0.0,0.239634,0.245738,2319545.454545,2378628.738298,0.0,1.0,0.0,0.0
660000.0,13.399997,2037.0,22.6,33.0,25.0,0.757576,1.0,3.0,0.0,3.0,0.132743,31.0,961.0,0.0,0.0,0.277471,0.284539,2319545.454545,2378628.738298,0.0,1.0,0.0,0.0
1890000.0,14.452088,1587.0,17.6,23.0,19.0,0.826087,1.0,2.0,0.0,2.0,0.113636,32.0,1024.0,0.0,0.0,0.794575,0.814815,2319545.454545,2378628.738298,1.0,0.0,0.0,0.0
5660000.0,15.548935,2833.0,31.5,32.0,32.0,1.0,1.0,3.0,0.0,3.0,0.095238,31.0,961.0,0.0,0.0,2.379522,2.440133,2319545.454545,2378628.738298,1.0,0.0,0.0,0.0
4720000.0,15.36732,3060.0,34.0,34.0,34.0,1.0,1.0,3.0,0.0,3.0,0.088235,28.0,784.0,1.0,0.0,1.984337,2.034881,2319545.454545,2378628.738298,0.0,0.0,0.0,1.0
2260000.0,14.630876,29.0,0.3,2.0,0.0,0.0,0.0,0.0,0.0,0.0,0.0,31.0,961.0,0.0,0.0,0.950127,0.974329,2319545.454545,2378628.738298,0.0,1.0,0.0,0.0
1510000.0,14.227621,492.0,5.5,12.0,5.0,0.416667,0.0,0.0,0.0,0.0,0.0,22.0,484.0,0.0,1.0,0.63482,0.65099,2319545.454545,2378628.738298,1.0,0.0,0.0,0.0
931313.0,13.744352,748.0,8.3,18.0,6.0,0.333333,0.0,1.0,0.0,1.0,0.120482,23.0,529.0,0.0,1.0,0.198476,0.236773,3933364.318182,4692329.188912,0.0,0.0,0.0,1.0
940000.0,13.753636,291.0,3.2,13.0,2.0,0.153846,0.0,0.0,0.0,0.0,0.0,35.0,1225.0,0.0,0.0,0.395186,0.405252,2319545.454545,2378628.738298,0.0,0.0,0.0,1.0
1130000.0,13.937729,3060.0,34.0,34.0,34.0,1.0,1.0,0.0,13.0,13.0,0.382353,23.0,529.0,0.0,1.0,0.475064,0.487164,2319545.454545,2378628.738298,0.0,0.0,1.0,0.0
1700000.0,14.346139,1189.0,13.2,20.0,13.0,0.65,0.0,1.0,0.0,1.0,0.075758,25.0,625.0,1.0,0.0,0.714697,0.732902,2319545.454545,2378628.738298,0.0,0.0,0.0,1.0
5280000.0,15.479437,1302.0,14.5,20.0,14.0,0.7,0.0,1.0,0.0,1.0,0.068966,29.0,841.0,1.0,0.0,2.219766,2.276308,2319545.454545,2378628.738298,1.0,0.0,0.0,0.0
2450000.0,14.711599,2186.0,24.3,28.0,24.0,0.857143,1.0,1.0,0.0,1.0,0.041152,24.0,576.0,1.0,0.0,1.030005,1.056241,2319545.454545,2378628.738298,1.0,0.0,0.0,0.0
4530000.0,15.326233,1710.0,19.0,33.0,21.0,0.636364,1.0,7.0,0.0,7.0,0.368421,32.0,1024.0,0.0,0.0,1.904459,1.952969,2319545.454545,2378628.738298,0.0,0.0,0.0,1.0
3210000.0,14.981782,1632.0,18.1,25.0,18.0,0.72,1.0,4.0,0.0,4.0,0.220994,23.0,529.0,0.0,1.0,1.349517,1.383892,2319545.454545,2378628.738298,0.0,0.0,0.0,1.0
380000.0,12.847929,127.0,1.4,6.0,0.0,0.0,0.0,0.0,0.0,0.0,0.0,19.0,361.0,0.0,1.0,0.159756,0.114443,3320416.666667,2378628.738298,0.0,1.0,0.0,0.0
1130000.0,13.937729,1584.0,17.6,26.0,20.0,0.769231,1.0,3.0,0.0,3.0,0.170455,22.0,484.0,0.0,1.0,0.475064,0.580369,1947037.115385,2378628.738298,0.0,0.0,0.0,1.0
140000.0,11.849405,5.0,0.1,1.0,0.0,0.0,0.0,0.0,0.0,0.0,0.0,19.0,361.0,0.0,1.0,0.058857,0.071904,1947037.115385,2378628.738298,0.0,1.0,0.0,0.0
940000.0,13.753636,674.0,7.5,15.0,8.0,0.533333,0.0,0.0,0.0,0.0,0.0,20.0,400.0,0.0,1.0,0.395186,0.482785,1947037.115385,2378628.738298,1.0,0.0,0.0,0.0
3960000.0,15.191755,930.0,10.3,17.0,11.0,0.647059,0.0,0.0,0.0,0.0,0.0,28.0,784.0,1.0,0.0,1.664825,2.03386,1947037.115385,2378628.738298,0.0,0.0,0.0,1.0
4720000.0,15.36732,1977.0,22.0,28.0,24.0,0.857143,1.0,2.0,0.0,2.0,0.090909,28.0,784.0,1.0,0.0,1.984337,2.424196,1947037.115385,2378628.738298,0.0,0.0,0.0,1.0
280000.0,12.542548,119.0,1.3,8.0,0.0,0.0,0.0,1.0,0.0,1.0,0.769231,22.0,484.0,0.0,1.0,0.117715,0.143808,1947037.115385,2378628.738298,0.0,1.0,0.0,0.0
1890000.0,14.452088,2382.0,26.5,32.0,28.0,0.875,1.0,13.0,0.0,13.0,0.490566,31.0,961.0,0.0,0.0,0.794575,0.970706,1947037.115385,2378628.738298,0.0,1.0,0.0,0.0
570000.0,13.253393,550.0,6.1,13.0,5.0,0.384615,0.0,1.0,0.0,1.0,0.163934,22.0,484.0,0.0,1.0,0.239634,0.292753,1947037.115385,2378628.738298,0.0,0.0,0.0,1.0
230000.0,12.345839,39.0,0.4,3.0,0.0,0.0,0.0,0.0,0.0,0.0,0.0,21.0,441.0,0.0,1.0,0.096694,0.118128,1947037.115385,2378628.738298,1.0,0.0,0.0,0.0
1510000.0,14.227621,2608.0,29.0,32.0,29.0,0.90625,1.0,2.0,0.0,2.0,0.068966,22.0,484.0,0.0,1.0,0.63482,0.775537,1947037.115385,2378628.738298,1.0,0.0,0.0,0.0
2830000.0,14.855788,2464.0,27.4,30.0,28.0,0.933333,1.0,5.0,0.0,5.0,0.182482,28.0,784.0,1.0,0.0,1.189761,1.453491,1947037.115385,2378628.738298,1.0,0.0,0.0,0.0
2830000.0,14.855788,1324.0,14.7,29.0,15.0,0.517241,0.0,1.0,0.0,1.0,0.068027,31.0,961.0,0.0,0.0,1.189761,1.453491,1947037.115385,2378628.738298,0.0,0.0,0.0,1.0
1230000.0,14.022526,342.0,3.8,8.0,3.0,0.375,0.0,0.0,0.0,0.0,0.0,20.0,400.0,0.0,1.0,0.517105,0.631729,1947037.115385,2378628.738298,1.0,0.0,0.0,0.0
2102965.0,14.558859,1297.0,14.4,22.0,13.0,0.590909,0.0,0.0,0.0,0.0,0.0,22.0,484.0,0.0,1.0,0.884108,1.080085,1947037.115385,2378628.738298,0.0,0.0,0.0,1.0
1510000.0,14.227621,1305.0,14.5,23.0,14.0,0.608696,0.0,0.0,0.0,0.0,0.0,21.0,441.0,0.0,1.0,0.63482,0.775537,1947037.115385,2378628.738298,1.0,0.0,0.0,0.0
2080000.0,14.547879,152.0,1.7,6.0,1.0,0.166667,0.0,0.0,0.0,0.0,0.0,29.0,841.0,1.0,0.0,0.874453,1.06829,1947037.115385,2378628.738298,1.0,0.0,0.0,0.0
2830000.0,14.855788,3060.0,34.0,34.0,34.0,1.0,1.0,0.0,9.0,9.0,0.264706,27.0,729.0,1.0,0.0,1.189761,1.453491,1947037.115385,2378628.738298,0.0,0.0,1.0,0.0
3580000.0,15.090874,2966.0,33.0,33.0,33.0,1.0,1.0,0.0,0.0,0.0,0.0,28.0,784.0,1.0,0.0,1.505069,1.838691,1947037.115385,2378628.738298,1.0,0.0,0.0,0.0
420000.0,12.948012,43.0,0.5,4.0,0.0,0.0,0.0,1.0,0.0,1.0,2.0,21.0,441.0,0.0,1.0,0.176572,0.215712,1947037.115385,2378628.738298,0.0,0.0,0.0,1.0
1510000.0,14.227621,2445.0,27.2,30.0,29.0,0.966667,1.0,2.0,0.0,2.0,0.073529,27.0,729.0,1.0,0.0,0.63482,0.775537,1947037.115385,2378628.738298,1.0,0.0,0.0,0.0
3770000.0,15.142586,320.0,3.6,8.0,3.0,0.375,0.0,1.0,0.0,1.0,0.277778,26.0,676.0,1.0,0.0,1.584947,1.936275,1947037.115385,2378628.738298,0.0,0.0,0.0,1.0
1700000.0,14.346139,2627.0,29.2,31.0,31.0,1.0,1.0,0.0,0.0,0.0,0.0,23.0,529.0,0.0,1.0,0.714697,0.873122,1947037.115385,2378628.738298,0.0,0.0,0.0,1.0
2260000.0,14.630876,1076.0,12.0,32.0,9.0,0.28125,0.0,3.0,0.0,3.0,0.25,25.0,625.0,1.0,0.0,0.950127,1.160738,1947037.115385,2378628.738298,0.0,1.0,0.0,0.0
3770000.0,15.142586,7.0,0.1,3.0,0.0,0.0,0.0,0.0,0.0,0.0,0.0,29.0,841.0,1.0,0.0,1.584947,1.936275,1947037.115385,2378628.738298,0.0,1.0,0.0,0.0
1700000.0,14.346139,552.0,6.1,15.0,6.0,0.4,0.0,2.0,0.0,2.0,0.327869,16.0,256.0,0.0,1.0,0.714697,0.873122,1947037.115385,2378628.738298,0.0,0.0,0.0,1.0
1130000.0,13.937729,2487.0,27.6,31.0,29.0,0.935484,1.0,2.0,0.0,2.0,0.072464,24.0,576.0,1.0,0.0,0.475064,0.580369,1947037.115385,2378628.738298,0.0,0.0,0.0,1.0
240000.0,12.388398,136.0,1.5,4.0,2.0,0.5,0.0,0.0,0.0,0.0,0.0,20.0,400.0,0.0,1.0,0.100898,0.216582,1108125.0,2378628.738298,0.0,0.0,0.0,1.0
1130000.0,13.937729,492.0,5.5,7.0,6.0,0.857143,0.0,1.0,0.0,1.0,0.181818,24.0,576.0,1.0,0.0,0.475064,1.019741,1108125.0,2378628.738298,0.0,0.0,0.0,1.0
1510000.0,14.227621,1710.0,19.0,26.0,20.0,0.769231,1.0,5.0,0.0,5.0,0.263158,25.0,625.0,1.0,0.0,0.63482,1.362662,1108125.0,2378628.738298,0.0,0.0,0.0,1.0
470000.0,13.06049,321.0,3.6,11.0,5.0,0.454545,0.0,0.0,0.0,0.0,0.0,18.0,324.0,0.0,1.0,0.197593,0.42414,1108125.0,2378628.738298,0.0,1.0,0.0,0.0
1130000.0,13.937729,911.0,10.1,15.0,12.0,0.8,0.0,1.0,0.0,1.0,0.09901,27.0,729.0,1.0,0.0,0.475064,1.019741,1108125.0,2378628.738298,0.0,0.0,0.0,1.0
750000.0,13.52783,536.0,6.0,12.0,6.0,0.5,0.0,0.0,0.0,0.0,0.0,21.0,441.0,0.0,1.0,0.315308,0.676819,1108125.0,2378628.738298,0.0,1.0,0.0,0.0
1700000.0,14.346139,1253.0,13.9,21.0,15.0,0.714286,0.0,0.0,0.0,0.0,0.0,28.0,784.0,1.0,0.0,0.714697,1.534123,1108125.0,2378628.738298,1.0,0.0,0.0,0.0
1130000.0,13.937729,2970.0,33.0,33.0,33.0,1.0,1.0,0.0,9.0,9.0,0.272727,32.0,1024.0,0.0,0.0,0.475064,1.019741,1108125.0,2378628.738298,0.0,0.0,1.0,0.0
940000.0,13.753636,120.0,1.3,2.0,2.0,1.0,0.0,0.0,0.0,0.0,0.0,26.0,676.0,1.0,0.0,0.395186,0.84828,1108125.0,2378628.738298,0.0,1.0,0.0,0.0
470000.0,13.06049,448.0,5.0,16.0,3.0,0.1875,0.0,1.0,0.0,1.0,0.2,20.0,400.0,0.0,1.0,0.197593,0.42414,1108125.0,2378628.738298,0.0,1.0,0.0,0.0
2830000.0,14.855788,2206.0,24.5,29.0,25.0,0.862069,1.0,7.0,0.0,7.0,0.285714,25.0,625.0,1.0,0.0,1.189761,2.553864,1108125.0,2378628.738298,0.0,0.0,0.0,1.0
790000.0,13.579789,940.0,10.4,24.0,9.0,0.375,0.0,0.0,0.0,0.0,0.0,24.0,576.0,1.0,0.0,0.332124,0.712916,1108125.0,2378628.738298,0.0,0.0,0.0,1.0
720000.0,13.487008,48.0,0.5,8.0,0.0,0.0,0.0,0.0,0.0,0.0,0.0,27.0,729.0,1.0,0.0,0.302695,0.649746,1108125.0,2378628.738298,1.0,0.0,0.0,0.0
380000.0,12.847929,35.0,0.4,6.0,0.0,0.0,0.0,0.0,0.0,0.0,0.0,24.0,576.0,1.0,0.0,0.159756,0.342922,1108125.0,2378628.738298,0.0,1.0,0.0,0.0
1890000.0,14.452088,1138.0,12.6,20.0,12.0,0.6,0.0,3.0,0.0,3.0,0.238095,29.0,841.0,1.0,0.0,0.794575,1.705584,1108125.0,2378628.738298,0.0,1.0,0.0,0.0
850000.0,13.652993,145.0,1.6,4.0,1.0,0.25,0.0,0.0,0.0,0.0,0.0,30.0,900.0,0.0,0.0,0.357349,0.767061,1108125.0,2378628.738298,0.0,0.0,0.0,1.0
2080000.0,14.547879,1962.0,21.8,24.0,21.0,0.875,1.0,0.0,0.0,0.0,0.0,27.0,729.0,1.0,0.0,0.874453,1.877045,1108125.0,2378628.738298,1.0,0.0,0.0,0.0
150000.0,11.918397,1.0,0.0,1.0,0.0,0.0,0.0,0.0,0.0,0.0,0.0,15.0,225.0,0.0,1.0,0.063062,0.135364,1108125.0,2378628.738298,1.0,0.0,0.0,0.0
570000.0,13.253393,2442.0,27.1,28.0,27.0,0.964286,1.0,6.0,0.0,6.0,0.221402,18.0,324.0,0.0,1.0,0.239634,0.514382,1108125.0,2378628.738298,1.0,0.0,0.0,0.0
1890000.0,14.452088,2435.0,27.1,29.0,27.0,0.931034,1.0,0.0,0.0,0.0,0.0,27.0,729.0,1.0,0.0,0.794575,1.705584,1108125.0,2378628.738298,0.0,0.0,0.0,1.0
1320000.0,14.093143,2880.0,32.0,32.0,32.0,1.0,1.0,0.0,0.0,0.0,0.0,25.0,625.0,1.0,0.0,0.554942,1.191201,1108125.0,2378628.738298,0.0,0.0,0.0,1.0
2260000.0,14.630876,2001.0,22.2,26.0,24.0,0.923077,1.0,1.0,0.0,1.0,0.045045,26.0,676.0,1.0,0.0,0.950127,2.039481,1108125.0,2378628.738298,1.0,0.0,0.0,0.0
570000.0,13.253393,293.0,3.3,10.0,2.0,0.2,0.0,0.0,0.0,0.0,0.0,18.0,324.0,0.0,1.0,0.239634,0.514382,1108125.0,2378628.738298,0.0,1.0,0.0,0.0
570000.0,13.253393,471.0,5.2,9.0,7.0,0.777778,0.0,1.0,0.0,1.0,0.192308,26.0,676.0,1.0,0.0,0.239634,0.514382,1108125.0,2378628.738298,0.0,0.0,0.0,1.0
940000.0,13.753636,2329.0,25.9,33.0,29.0,0.878788,1.0,5.0,0.0,5.0,0.19305,23.0,529.0,0.0,1.0,0.395186,0.84828,1108125.0,2378628.738298,0.0,1.0,0.0,0.0
1510000.0,14.227621,1285.0,14.3,28.0,13.0,0.464286,0.0,5.0,0.0,5.0,0.34965,24.0,576.0,1.0,0.0,0.63482,1.362662,1108125.0,2378628.738298,0.0,1.0,0.0,0.0
2260000.0,14.630876,612.0,6.8,19.0,7.0,0.368421,0.0,3.0,0.0,3.0,0.441176,31.0,961.0,0.0,0.0,0.950127,2.039481,1108125.0,2378628.738298,0.0,1.0,0.0,0.0
470000.0,13.06049,90.0,1.0,1.0,1.0,1.0,0.0,0.0,0.0,0.0,0.0,22.0,484.0,0.0,1.0,0.197593,0.42414,1108125.0,2378628.738298,0.0,0.0,1.0,0.0
170000.0,12.04356,15.0,0.2,2.0,0.0,0.0,0.0,0.0,0.0,0.0,0.0,18.0,324.0,0.0,1.0,0.07147,0.153412,1108125.0,2378628.738298,1.0,0.0,0.0,0.0
660000.0,13.399997,1605.0,17.8,20.0,17.0,0.85,1.0,0.0,0.0,0.0,0.0,25.0,625.0,1.0,0.0,0.277471,0.595601,1108125.0,2378628.738298,1.0,0.0,0.0,0.0
470000.0,13.06049,1372.0,15.2,26.0,15.0,0.576923,0.0,0.0,0.0,0.0,0.0,21.0,441.0,0.0,1.0,0.197593,0.42414,1108125.0,2378628.738298,0.0,0.0,0.0,1.0
2640000.0,14.78629,334.0,3.7,15.0,1.0,0.066667,0.0,1.0,0.0,1.0,0.27027,31.0,961.0,0.0,0.0,1.109883,2.382403,1108125.0,2378628.738298,0.0,1.0,0.0,0.0
380000.0,12.847929,93.0,1.0,6.0,0.0,0.0,0.0,1.0,0.0,1.0,1.0,19.0,361.0,0.0,1.0,0.159756,0.417255,910714.285714,2378628.738298,1.0,0.0,0.0,0.0
1510000.0,14.227621,868.0,9.6,24.0,9.0,0.375,0.0,1.0,0.0,1.0,0.104167,28.0,784.0,1.0,0.0,0.63482,1.658039,910714.285714,2378628.738298,0.0,0.0,0.0,1.0
1130000.0,13.937729,2169.0,24.1,32.0,25.0,0.78125,1.0,2.0,0.0,2.0,0.082988,19.0,361.0,0.0,1.0,0.475064,1.240784,910714.285714,2378628.738298,0.0,0.0,0.0,1.0
1700000.0,14.346139,1436.0,16.0,21.0,18.0,0.857143,0.0,0.0,0.0,0.0,0.0,28.0,784.0,1.0,0.0,0.714697,1.866667,910714.285714,2378628.738298,1.0,0.0,0.0,0.0
1890000.0,14.452088,1142.0,12.7,20.0,14.0,0.7,0.0,6.0,0.0,6.0,0.472441,31.0,961.0,0.0,0.0,0.794575,2.075294,910714.285714,2378628.738298,0.0,1.0,0.0,0.0
660000.0,13.399997,404.0,4.5,9.0,4.0,0.444444,0.0,0.0,0.0,0.0,0.0,25.0,625.0,1.0,0.0,0.277471,0.724706,910714.285714,2378628.738298,0.0,0.0,0.0,1.0
1510000.0,14.227621,2790.0,31.0,31.0,31.0,1.0,1.0,0.0,5.0,5.0,0.16129,23.0,529.0,0.0,1.0,0.63482,1.658039,910714.285714,2378628.738298,0.0,0.0,1.0,0.0
190000.0,12.154785,270.0,3.0,3.0,3.0,1.0,0.0,0.0,1.0,1.0,0.333333,21.0,441.0,0.0,1.0,0.079878,0.208627,910714.285714,2378628.738298,0.0,0.0,1.0,0.0
230000.0,12.345839,1318.0,14.6,16.0,15.0,0.9375,0.0,1.0,0.0,1.0,0.068493,20.0,400.0,0.0,1.0,0.096694,0.252549,910714.285714,2378628.738298,1.0,0.0,0.0,0.0
1510000.0,14.227621,2252.0,25.0,31.0,29.0,0.935484,1.0,3.0,0.0,3.0,0.12,26.0,676.0,1.0,0.0,0.63482,1.658039,910714.285714,2378628.738298,0.0,0.0,0.0,1.0
660000.0,13.399997,2325.0,25.8,27.0,25.0,0.925926,1.0,1.0,0.0,1.0,0.03876,29.0,841.0,1.0,0.0,0.277471,0.724706,910714.285714,2378628.738298,1.0,0.0,0.0,0.0
420000.0,12.948012,1383.0,15.4,24.0,17.0,0.708333,0.0,3.0,0.0,3.0,0.194805,24.0,576.0,1.0,0.0,0.176572,0.461176,910714.285714,2378628.738298,0.0,0.0,0.0,1.0
1320000.0,14.093143,6.0,0.1,1.0,1.0,1.0,0.0,0.0,0.0,0.0,0.0,30.0,900.0,0.0,0.0,0.554942,1.449412,910714.285714,2378628.738298,1.0,0.0,0.0,0.0
570000.0,13.253393,207.0,2.3,6.0,1.0,0.166667,0.0,0.0,0.0,0.0,0.0,23.0,529.0,0.0,1.0,0.239634,0.625882,910714.285714,2378628.738298,1.0,0.0,0.0,0.0
470000.0,13.06049,682.0,7.6,18.0,8.0,0.444444,0.0,2.0,0.0,2.0,0.263158,23.0,529.0,0.0,1.0,0.197593,0.516078,910714.285714,2378628.738298,0.0,0.0,0.0,1.0
750000.0,13.52783,1915.0,21.3,29.0,20.0,0.689655,1.0,1.0,0.0,1.0,0.046948,30.0,900.0,0.0,0.0,0.315308,0.823529,910714.285714,2378628.738298,1.0,0.0,0.0,0.0
1130000.0,13.937729,1650.0,18.3,27.0,20.0,0.740741,1.0,4.0,0.0,4.0,0.218579,25.0,625.0,1.0,0.0,0.475064,1.240784,910714.285714,2378628.738298,0.0,1.0,0.0,0.0
1320000.0,14.093143,1249.0,13.9,27.0,15.0,0.555556,0.0,2.0,0.0,2.0,0.143885,28.0,784.0,1.0,0.0,0.554942,1.449412,910714.285714,2378628.738298,0.0,0.0,0.0,1.0
750000.0,13.52783,537.0,6.0,16.0,6.0,0.375,0.0,1.0,0.0,1.0,0.166667,24.0,576.0,1.0,0.0,0.315308,0.823529,910714.285714,2378628.738298,0.0,1.0,0.0,0.0
1700000.0,14.346139,2258.0,25.1,32.0,27.0,0.84375,1.0,0.0,0.0,0.0,0.0,27.0,729.0,1.0,0.0,0.714697,1.866667,910714.285714,2378628.738298,0.0,0.0,0.0,1.0
570000.0,13.253393,1501.0,16.7,26.0,16.0,0.615385,1.0,0.0,0.0,0.0,0.0,27.0,729.0,1.0,0.0,0.239634,0.625882,910714.285714,2378628.738298,1.0,0.0,0.0,0.0
1890000.0,14.452088,3060.0,34.0,34.0,34.0,1.0,1.0,2.0,0.0,2.0,0.058824,30.0,900.0,0.0,0.0,0.794575,2.075294,910714.285714,2378628.738298,1.0,0.0,0.0,0.0
750000.0,13.52783,625.0,6.9,15.0,3.0,0.2,0.0,2.0,0.0,2.0,0.289855,29.0,841.0,1.0,0.0,0.315308,0.823529,910714.285714,2378628.738298,0.0,0.0,0.0,1.0
380000.0,12.847929,820.0,9.1,27.0,3.0,0.111111,0.0,5.0,0.0,5.0,0.549451,31.0,961.0,0.0,0.0,0.159756,0.417255,910714.285714,2378628.738298,0.0,1.0,0.0,0.0
280000.0,12.542548,188.0,2.1,4.0,3.0,0.75,0.0,0.0,0.0,0.0,0.0,25.0,625.0,1.0,0.0,0.117715,0.307451,910714.285714,2378628.738298,1.0,0.0,0.0,0.0
940000.0,13.753636,1081.0,12.0,15.0,12.0,0.8,0.0,0.0,0.0,0.0,0.0,25.0,625.0,1.0,0.0,0.395186,1.032157,910714.285714,2378628.738298,1.0,0.0,0.0,0.0
230000.0,12.345839,49.0,0.5,4.0,0.0,0.0,0.0,0.0,0.0,0.0,0.0,18.0,324.0,0.0,1.0,0.096694,0.252549,910714.285714,2378628.738298,0.0,1.0,0.0,0.0
2830000.0,14.855788,41.0,0.5,5.0,0.0,0.0,0.0,0.0,0.0,0.0,0.0,23.0,529.0,0.0,1.0,1.189761,1.514341,1868800.0,2378628.738298,0.0,1.0,0.0,0.0
1510000.0,14.227621,2434.0,27.0,30.0,28.0,0.933333,1.0,1.0,0.0,1.0,0.037037,22.0,484.0,0.0,1.0,0.63482,0.808005,1868800.0,2378628.738298,1.0,0.0,0.0,0.0
2080000.0,14.547879,1308.0,14.5,32.0,12.0,0.375,0.0,3.0,0.0,3.0,0.206897,24.0,576.0,1.0,0.0,0.874453,1.113014,1868800.0,2378628.738298,0.0,0.0,0.0,1.0
3960000.0,15.191755,2207.0,24.5,34.0,26.0,0.764706,1.0,14.0,0.0,14.0,0.571429,34.0,1156.0,0.0,0.0,1.664825,2.119007,1868800.0,2378628.738298,0.0,0.0,0.0,1.0
1230000.0,14.022526,2308.0,25.6,30.0,29.0,0.966667,1.0,5.0,0.0,5.0,0.195312,19.0,361.0,0.0,1.0,0.517105,0.658176,1868800.0,2378628.738298,0.0,0.0,0.0,1.0
3770000.0,15.142586,2312.0,25.7,29.0,26.0,0.896552,1.0,0.0,0.0,0.0,0.0,30.0,900.0,0.0,0.0,1.584947,2.017337,1868800.0,2378628.738298,1.0,0.0,0.0,0.0
1890000.0,14.452088,2335.0,25.9,33.0,31.0,0.939394,1.0,10.0,0.0,10.0,0.3861,22.0,484.0,0.0,1.0,0.794575,1.011344,1868800.0,2378628.738298,0.0,1.0,0.0,0.0
1320000.0,14.093143,1758.0,19.5,33.0,16.0,0.484848,1.0,7.0,0.0,7.0,0.358974,30.0,900.0,0.0,0.0,0.554942,0.706336,1868800.0,2378628.738298,0.0,0.0,0.0,1.0
2260000.0,14.630876,190.0,2.1,16.0,0.0,0.0,0.0,0.0,0.0,0.0,0.0,31.0,961.0,0.0,0.0,0.950127,1.209332,1868800.0,2378628.738298,0.0,1.0,0.0,0.0
1510000.0,14.227621,61.0,0.7,8.0,1.0,0.125,0.0,0.0,0.0,0.0,0.0,30.0,900.0,0.0,0.0,0.63482,0.808005,1868800.0,2378628.738298,1.0,0.0,0.0,0.0
3770000.0,15.142586,44.0,0.5,1.0,1.0,1.0,0.0,0.0,0.0,0.0,0.0,27.0,729.0,1.0,0.0,1.584947,2.017337,1868800.0,2378628.738298,1.0,0.0,0.0,0.0
1890000.0,14.452088,2834.0,31.5,33.0,32.0,0.969697,1.0,0.0,0.0,0.0,0.0,21.0,441.0,0.0,1.0,0.794575,1.011344,1868800.0,2378628.738298,0.0,0.0,0.0,1.0
230000.0,12.345839,10.0,0.1,1.0,0.0,0.0,0.0,0.0,0.0,0.0,0.0,22.0,484.0,0.0,1.0,0.096694,0.123074,1868800.0,2378628.738298,0.0,0.0,0.0,1.0
470000.0,13.06049,420.0,4.7,22.0,1.0,0.045455,0.0,2.0,0.0,2.0,0.425532,19.0,361.0,0.0,1.0,0.197593,0.251498,1868800.0,2378628.738298,0.0,1.0,0.0,0.0
940000.0,13.753636,277.0,3.1,15.0,2.0,0.133333,0.0,0.0,0.0,0.0,0.0,21.0,441.0,0.0,1.0,0.395186,0.502997,1868800.0,2378628.738298,0.0,0.0,0.0,1.0
3580000.0,15.090874,3060.0,34.0,34.0,34.0,1.0,1.0,0.0,18.0,18.0,0.529412,35.0,1225.0,0.0,0.0,1.505069,1.915668,1868800.0,2378628.738298,0.0,0.0,1.0,0.0
2830000.0,14.855788,1751.0,19.5,25.0,18.0,0.72,1.0,4.0,0.0,4.0,0.205128,25.0,625.0,1.0,0.0,1.189761,1.514341,1868800.0,2378628.738298,1.0,0.0,0.0,0.0
1320000.0,14.093143,2251.0,25.0,29.0,26.0,0.896552,1.0,1.0,0.0,1.0,0.04,25.0,625.0,1.0,0.0,0.554942,0.706336,1868800.0,2378628.738298,1.0,0.0,0.0,0.0
940000.0,13.753636,1944.0,21.6,29.0,24.0,0.827586,1.0,8.0,0.0,8.0,0.37037,23.0,529.0,0.0,1.0,0.395186,0.502997,1868800.0,2378628.738298,0.0,1.0,0.0,0.0
380000.0,12.847929,136.0,1.5,5.0,1.0,0.2,0.0,0.0,0.0,0.0,0.0,20.0,400.0,0.0,1.0,0.159756,0.203339,1868800.0,2378628.738298,0.0,0.0,0.0,1.0
2450000.0,14.711599,59.0,0.7,8.0,0.0,0.0,0.0,1.0,0.0,1.0,1.428571,25.0,625.0,1.0,0.0,1.030005,1.311002,1868800.0,2378628.738298,1.0,0.0,0.0,0.0
3770000.0,15.142586,3012.0,33.5,34.0,34.0,1.0,1.0,1.0,0.0,1.0,0.029851,32.0,1024.0,0.0,0.0,1.584947,2.017337,1868800.0,2378628.738298,1.0,0.0,0.0,0.0
1040000.0,13.854732,2430.0,27.0,30.0,30.0,1.0,1.0,4.0,0.0,4.0,0.148148,24.0,576.0,1.0,0.0,0.437227,0.556507,1868800.0,2378628.738298,0.0,0.0,0.0,1.0
280000.0,12.542548,1.0,0.0,1.0,0.0,0.0,0.0,0.0,0.0,0.0,0.0,19.0,361.0,0.0,1.0,0.117715,0.149829,1868800.0,2378628.738298,0.0,1.0,0.0,0.0
2640000.0,14.78629,672.0,7.5,14.0,7.0,0.5,0.0,1.0,0.0,1.0,0.133333,28.0,784.0,1.0,0.0,1.109883,2.125736,1241923.076923,2378628.738298,0.0,0.0,0.0,1.0
660000.0,13.399997,1791.0,19.9,25.0,20.0,0.8,1.0,0.0,0.0,0.0,0.0,24.0,576.0,1.0,0.0,0.277471,0.531434,1241923.076923,2378628.738298,1.0,0.0,0.0,0.0
940000.0,13.753636,726.0,8.1,15.0,9.0,0.6,0.0,0.0,0.0,0.0,0.0,24.0,576.0,1.0,0.0,0.395186,0.756891,1241923.076923,2378628.738298,0.0,0.0,0.0,1.0
1130000.0,13.937729,382.0,4.2,9.0,5.0,0.555556,0.0,0.0,0.0,0.0,0.0,31.0,961.0,0.0,0.0,0.475064,0.909879,1241923.076923,2378628.738298,1.0,0.0,0.0,0.0
570000.0,13.253393,2559.0,28.4,31.0,30.0,0.967742,1.0,2.0,0.0,2.0,0.070423,23.0,529.0,0.0,1.0,0.239634,0.458966,1241923.076923,2378628.738298,0.0,0.0,0.0,1.0
1510000.0,14.227621,279.0,3.1,15.0,2.0,0.133333,0.0,1.0,0.0,1.0,0.322581,32.0,1024.0,0.0,0.0,0.63482,1.215856,1241923.076923,2378628.738298,0.0,0.0,0.0,1.0
260000.0,12.468441,100.0,1.1,7.0,1.0,0.142857,0.0,0.0,0.0,0.0,0.0,17.0,289.0,0.0,1.0,0.109307,0.209353,1241923.076923,2378628.738298,0.0,1.0,0.0,0.0
380000.0,12.847929,863.0,9.6,11.0,10.0,0.909091,0.0,0.0,0.0,0.0,0.0,19.0,361.0,0.0,1.0,0.159756,0.305977,1241923.076923,2378628.738298,1.0,0.0,0.0,0.0
1130000.0,13.937729,3016.0,33.5,34.0,34.0,1.0,1.0,7.0,0.0,7.0,0.208955,23.0,529.0,0.0,1.0,0.475064,0.909879,1241923.076923,2378628.738298,0.0,0.0,0.0,1.0
1230000.0,14.022526,1540.0,17.1,26.0,20.0,0.769231,1.0,3.0,0.0,3.0,0.175439,23.0,529.0,0.0,1.0,0.517105,0.9904,1241923.076923,2378628.738298,0.0,0.0,0.0,1.0
1040000.0,13.854732,1078.0,12.0,16.0,13.0,0.8125,0.0,0.0,0.0,0.0,0.0,26.0,676.0,1.0,0.0,0.437227,0.837411,1241923.076923,2378628.738298,1.0,0.0,0.0,0.0
470000.0,13.06049,23.0,0.3,1.0,0.0,0.0,0.0,0.0,0.0,0.0,0.0,25.0,625.0,1.0,0.0,0.197593,0.378445,1241923.076923,2378628.738298,1.0,0.0,0.0,0.0
850000.0,13.652993,2276.0,25.3,33.0,26.0,0.787879,1.0,0.0,0.0,0.0,0.0,23.0,529.0,0.0,1.0,0.357349,0.684422,1241923.076923,2378628.738298,1.0,0.0,0.0,0.0
1510000.0,14.227621,1023.0,11.4,24.0,9.0,0.375,0.0,2.0,0.0,2.0,0.175439,26.0,676.0,1.0,0.0,0.63482,1.215856,1241923.076923,2378628.738298,0.0,0.0,0.0,1.0
3020000.0,14.920768,677.0,7.5,24.0,7.0,0.291667,0.0,5.0,0.0,5.0,0.666667,29.0,841.0,1.0,0.0,1.269639,2.431713,1241923.076923,2378628.738298,0.0,1.0,0.0,0.0
1320000.0,14.093143,1597.0,17.7,32.0,18.0,0.5625,1.0,5.0,0.0,5.0,0.282486,32.0,1024.0,0.0,0.0,0.554942,1.062868,1241923.076923,2378628.738298,0.0,1.0,0.0,0.0
2260000.0,14.630876,3060.0,34.0,34.0,34.0,1.0,1.0,0.0,7.0,7.0,0.205882,30.0,900.0,0.0,0.0,0.950127,1.819758,1241923.076923,2378628.738298,0.0,0.0,1.0,0.0
2830000.0,14.855788,1718.0,19.1,29.0,18.0,0.62069,1.0,7.0,0.0,7.0,0.366492,27.0,729.0,1.0,0.0,1.189761,2.278724,1241923.076923,2378628.738298,0.0,1.0,0.0,0.0
1130000.0,13.937729,1131.0,12.6,14.0,12.0,0.857143,0.0,0.0,0.0,0.0,0.0,21.0,441.0,0.0,1.0,0.475064,0.909879,1241923.076923,2378628.738298,1.0,0.0,0.0,0.0
720000.0,13.487008,1956.0,21.7,34.0,20.0,0.588235,1.0,13.0,0.0,13.0,0.599078,18.0,324.0,0.0,1.0,0.302695,0.579746,1241923.076923,2378628.738298,0.0,1.0,0.0,0.0
1130000.0,13.937729,1809.0,20.1,31.0,21.0,0.677419,1.0,1.0,0.0,1.0,0.049751,22.0,484.0,0.0,1.0,0.475064,0.909879,1241923.076923,2378628.738298,0.0,0.0,0.0,1.0
1040000.0,13.854732,2498.0,27.8,31.0,28.0,0.903226,1.0,0.0,0.0,0.0,0.0,25.0,625.0,1.0,0.0,0.437227,0.837411,1241923.076923,2378628.738298,1.0,0.0,0.0,0.0
2640000.0,14.78629,675.0,7.5,8.0,8.0,1.0,0.0,0.0,0.0,0.0,0.0,29.0,841.0,1.0,0.0,1.109883,2.125736,1241923.076923,2378628.738298,1.0,0.0,0.0,0.0
1420000.0,14.166168,1780.0,19.8,26.0,19.0,0.730769,1.0,0.0,0.0,0.0,0.0,24.0,576.0,1.0,0.0,0.596983,1.143388,1241923.076923,2378628.738298,0.0,0.0,0.0,1.0
230000.0,12.345839,194.0,2.2,10.0,2.0,0.2,0.0,0.0,0.0,0.0,0.0,19.0,361.0,0.0,1.0,0.096694,0.185197,1241923.076923,2378628.738298,0.0,0.0,0.0,1.0
5280000.0,15.479437,2667.0,29.6,33.0,31.0,0.939394,1.0,3.0,0.0,3.0,0.101351,28.0,784.0,1.0,0.0,2.219766,1.590162,3320416.666667,2378628.738298,0.0,0.0,0.0,1.0
1510000.0,14.227621,1136.0,12.6,20.0,13.0,0.65,0.0,1.0,0.0,1.0,0.079365,22.0,484.0,0.0,1.0,0.63482,0.454762,3320416.666667,2378628.738298,0.0,0.0,0.0,1.0
380000.0,12.847929,222.0,2.5,6.0,2.0,0.333333,0.0,0.0,0.0,0.0,0.0,17.0,289.0,0.0,1.0,0.159756,0.114443,3320416.666667,2378628.738298,0.0,0.0,0.0,1.0
660000.0,13.399997,1239.0,13.8,29.0,12.0,0.413793,0.0,5.0,0.0,5.0,0.362319,19.0,361.0,0.0,1.0,0.277471,0.19877,3320416.666667,2378628.738298,0.0,1.0,0.0,0.0
520000.0,13.161586,758.0,8.4,23.0,6.0,0.26087,0.0,1.0,0.0,1.0,0.119048,19.0,361.0,0.0,1.0,0.183833,0.276008,1884000.0,2828656.453629,0.0,1.0,0.0,0.0
5660000.0,15.548935,2575.0,28.6,29.0,29.0,1.0,1.0,5.0,0.0,5.0,0.174825,26.0,676.0,1.0,0.0,2.379522,1.704605,3320416.666667,2378628.738298,1.0,0.0,0.0,0.0
3210000.0,14.981782,297.0,3.3,12.0,2.0,0.166667,0.0,0.0,0.0,0.0,0.0,20.0,400.0,0.0,1.0,1.349517,0.966746,3320416.666667,2378628.738298,0.0,0.0,0.0,1.0
940000.0,13.753636,1482.0,16.5,29.0,16.0,0.551724,0.0,5.0,0.0,5.0,0.30303,21.0,441.0,0.0,1.0,0.395186,0.283097,3320416.666667,2378628.738298,0.0,0.0,0.0,1.0
7550000.0,15.837058,1099.0,12.2,18.0,12.0,0.666667,0.0,0.0,0.0,0.0,0.0,26.0,676.0,1.0,0.0,3.174098,2.273811,3320416.666667,2378628.738298,0.0,0.0,0.0,1.0
2450000.0,14.711599,984.0,10.9,20.0,12.0,0.6,0.0,0.0,0.0,0.0,0.0,23.0,529.0,0.0,1.0,1.030005,0.737859,3320416.666667,2378628.738298,0.0,0.0,0.0,1.0
1320000.0,14.093143,1849.0,20.5,28.0,20.0,0.714286,1.0,3.0,0.0,3.0,0.146341,19.0,361.0,0.0,1.0,0.554942,0.39754,3320416.666667,2378628.738298,0.0,0.0,0.0,1.0
1230000.0,14.022526,931.0,10.3,11.0,10.0,0.909091,0.0,0.0,5.0,5.0,0.485437,34.0,1156.0,0.0,0.0,0.517105,0.370435,3320416.666667,2378628.738298,0.0,0.0,1.0,0.0
3770000.0,15.142586,2299.0,25.5,28.0,25.0,0.892857,1.0,4.0,0.0,4.0,0.156863,22.0,484.0,0.0,1.0,1.584947,1.1354,3320416.666667,2378628.738298,1.0,0.0,0.0,0.0
750000.0,13.52783,1546.0,17.1,22.0,17.0,0.772727,1.0,0.0,0.0,0.0,0.0,20.0,400.0,0.0,1.0,0.315308,0.343331,2184482.758621,2378628.738298,1.0,0.0,0.0,0.0
4340000.0,15.283385,1013.0,11.3,23.0,11.0,0.478261,0.0,2.0,0.0,2.0,0.176991,33.0,1089.0,0.0,0.0,1.824581,1.307065,3320416.666667,2378628.738298,0.0,0.0,0.0,1.0
4720000.0,15.36732,1653.0,18.4,23.0,19.0,0.826087,1.0,0.0,0.0,0.0,0.0,25.0,625.0,1.0,0.0,1.984337,1.421508,3320416.666667,2378628.738298,1.0,0.0,0.0,0.0
6600000.0,15.70258,481.0,5.3,12.0,6.0,0.5,0.0,1.0,0.0,1.0,0.188679,34.0,1156.0,0.0,0.0,2.774708,1.987702,3320416.666667,2378628.738298,0.0,0.0,0.0,1.0
4720000.0,15.36732,1674.0,18.6,29.0,18.0,0.62069,1.0,6.0,0.0,6.0,0.322581,23.0,529.0,0.0,1.0,1.984337,1.421508,3320416.666667,2378628.738298,0.0,0.0,0.0,1.0
4720000.0,15.36732,2129.0,23.7,24.0,24.0,1.0,1.0,0.0,12.0,12.0,0.506329,32.0,1024.0,0.0,0.0,1.984337,1.421508,3320416.666667,2378628.738298,0.0,0.0,1.0,0.0
4720000.0,15.36732,675.0,7.5,18.0,7.0,0.388889,0.0,4.0,0.0,4.0,0.533333,28.0,784.0,1.0,0.0,1.984337,1.421508,3320416.666667,2378628.738298,0.0,0.0,0.0,1.0
340000.0,12.736704,736.0,8.2,12.0,9.0,0.75,0.0,1.0,0.0,1.0,0.121951,17.0,289.0,0.0,1.0,0.142939,0.102397,3320416.666667,2378628.738298,0.0,0.0,0.0,1.0
3400000.0,15.039286,868.0,9.6,17.0,10.0,0.588235,0.0,1.0,0.0,1.0,0.104167,26.0,676.0,1.0,0.0,1.429395,1.023968,3320416.666667,2378628.738298,0.0,0.0,0.0,1.0
7550000.0,15.837058,1988.0,22.1,28.0,23.0,0.821429,1.0,16.0,0.0,16.0,0.723982,29.0,841.0,1.0,0.0,3.174098,2.273811,3320416.666667,2378628.738298,0.0,1.0,0.0,0.0
3905507.0,15.177898,1882.0,20.9,26.0,21.0,0.807692,1.0,1.0,0.0,1.0,0.047847,23.0,529.0,0.0,1.0,0.832317,0.445714,8762355.166667,4692329.188912,1.0,0.0,0.0,0.0
3770000.0,15.142586,2546.0,28.3,32.0,29.0,0.90625,1.0,2.0,0.0,2.0,0.070671,30.0,900.0,0.0,0.0,1.584947,1.1354,3320416.666667,2378628.738298,1.0,0.0,0.0,0.0
470000.0,13.06049,18.0,0.2,2.0,0.0,0.0,0.0,0.0,0.0,0.0,0.0,21.0,441.0,0.0,1.0,0.197593,0.141549,3320416.666667,2378628.738298,1.0,0.0,0.0,0.0
2450000.0,14.711599,851.0,9.5,13.0,8.0,0.615385,0.0,0.0,0.0,0.0,0.0,28.0,784.0,1.0,0.0,1.030005,1.834022,1335862.068966,2378628.738298,1.0,0.0,0.0,0.0
1890000.0,14.452088,519.0,5.8,10.0,6.0,0.6,0.0,0.0,0.0,0.0,0.0,28.0,784.0,1.0,0.0,0.794575,1.414817,1335862.068966,2378628.738298,0.0,0.0,0.0,1.0
750000.0,13.52783,548.0,6.1,22.0,3.0,0.136364,0.0,2.0,0.0,2.0,0.327869,22.0,484.0,0.0,1.0,0.315308,0.561435,1335862.068966,2378628.738298,0.0,1.0,0.0,0.0
850000.0,13.652993,1039.0,11.5,23.0,12.0,0.521739,0.0,1.0,0.0,1.0,0.086957,27.0,729.0,1.0,0.0,0.475717,0.373695,2274583.333333,1786777.246187,0.0,1.0,0.0,0.0
380000.0,12.847929,9.0,0.1,1.0,0.0,0.0,0.0,0.0,0.0,0.0,0.0,22.0,484.0,0.0,1.0,0.159756,0.284461,1335862.068966,2378628.738298,0.0,1.0,0.0,0.0
2260000.0,14.630876,872.0,9.7,14.0,13.0,0.928571,0.0,1.0,0.0,1.0,0.103093,24.0,576.0,1.0,0.0,0.950127,1.691791,1335862.068966,2378628.738298,0.0,1.0,0.0,0.0
380000.0,12.847929,1890.0,21.0,21.0,21.0,1.0,1.0,0.0,9.0,9.0,0.428571,34.0,1156.0,0.0,0.0,0.159756,0.284461,1335862.068966,2378628.738298,0.0,0.0,1.0,0.0
1510000.0,14.227621,2695.0,29.9,34.0,30.0,0.882353,1.0,2.0,0.0,2.0,0.06689,32.0,1024.0,0.0,0.0,0.63482,1.130356,1335862.068966,2378628.738298,1.0,0.0,0.0,0.0
2260000.0,14.630876,2338.0,26.0,29.0,28.0,0.965517,1.0,2.0,0.0,2.0,0.076923,31.0,961.0,0.0,0.0,0.950127,1.691791,1335862.068966,2378628.738298,1.0,0.0,0.0,0.0
470000.0,13.06049,77.0,0.9,2.0,1.0,0.5,0.0,0.0,0.0,0.0,0.0,25.0,625.0,1.0,0.0,0.197593,0.351833,1335862.068966,2378628.738298,0.0,1.0,0.0,0.0
280000.0,12.542548,1065.0,11.8,15.0,9.0,0.6,0.0,1.0,0.0,1.0,0.084746,17.0,289.0,0.0,1.0,0.117715,0.209602,1335862.068966,2378628.738298,1.0,0.0,0.0,0.0
850000.0,13.652993,3059.0,34.0,34.0,34.0,1.0,1.0,1.0,0.0,1.0,0.029412,24.0,576.0,1.0,0.0,0.357349,0.636293,1335862.068966,2378628.738298,0.0,0.0,0.0,1.0
380000.0,12.847929,292.0,3.2,4.0,3.0,0.75,0.0,0.0,0.0,0.0,0.0,24.0,576.0,1.0,0.0,0.159756,0.284461,1335862.068966,2378628.738298,0.0,0.0,1.0,0.0
2640000.0,14.78629,2185.0,24.3,28.0,26.0,0.928571,1.0,4.0,0.0,4.0,0.164609,32.0,1024.0,0.0,0.0,1.109883,1.976252,1335862.068966,2378628.738298,0.0,0.0,0.0,1.0
1320000.0,14.093143,485.0,5.4,21.0,4.0,0.190476,0.0,0.0,0.0,0.0,0.0,25.0,625.0,1.0,0.0,0.554942,0.988126,1335862.068966,2378628.738298,1.0,0.0,0.0,0.0
1130000.0,13.937729,162.0,1.8,3.0,2.0,0.666667,0.0,0.0,0.0,0.0,0.0,27.0,729.0,1.0,0.0,0.475064,0.845896,1335862.068966,2378628.738298,1.0,0.0,0.0,0.0
2830000.0,14.855788,2083.0,23.1,26.0,24.0,0.923077,1.0,12.0,0.0,12.0,0.519481,28.0,784.0,1.0,0.0,1.189761,2.118482,1335862.068966,2378628.738298,0.0,0.0,0.0,1.0
1130000.0,13.937729,558.0,6.2,24.0,3.0,0.125,0.0,0.0,0.0,0.0,0.0,20.0,400.0,0.0,1.0,0.475064,0.845896,1335862.068966,2378628.738298,0.0,1.0,0.0,0.0
470000.0,13.06049,660.0,7.3,21.0,6.0,0.285714,0.0,0.0,0.0,0.0,0.0,22.0,484.0,0.0,1.0,0.197593,0.351833,1335862.068966,2378628.738298,0.0,0.0,0.0,1.0
1420000.0,14.166168,2073.0,23.0,30.0,24.0,0.8,1.0,5.0,0.0,5.0,0.217391,22.0,484.0,0.0,1.0,0.596983,1.062984,1335862.068966,2378628.738298,0.0,0.0,0.0,1.0
1890000.0,14.452088,2069.0,23.0,29.0,24.0,0.827586,1.0,1.0,0.0,1.0,0.043478,31.0,961.0,0.0,0.0,0.794575,1.414817,1335862.068966,2378628.738298,0.0,0.0,0.0,1.0
2450000.0,14.711599,876.0,9.7,10.0,10.0,1.0,0.0,0.0,1.0,1.0,0.103093,30.0,900.0,0.0,0.0,1.030005,1.834022,1335862.068966,2378628.738298,0.0,0.0,1.0,0.0
830000.0,13.629182,1104.0,12.3,23.0,11.0,0.478261,0.0,3.0,0.0,3.0,0.243902,30.0,900.0,0.0,0.0,0.348941,0.621322,1335862.068966,2378628.738298,0.0,1.0,0.0,0.0
1130000.0,13.937729,334.0,3.7,8.0,4.0,0.5,0.0,1.0,0.0,1.0,0.27027,26.0,676.0,1.0,0.0,0.475064,0.845896,1335862.068966,2378628.738298,0.0,1.0,0.0,0.0
2080000.0,14.547879,1810.0,20.1,27.0,22.0,0.814815,1.0,2.0,0.0,2.0,0.099502,32.0,1024.0,0.0,0.0,0.874453,1.557047,1335862.068966,2378628.738298,0.0,0.0,0.0,1.0
750000.0,13.52783,309.0,3.4,10.0,3.0,0.3,0.0,0.0,0.0,0.0,0.0,24.0,576.0,1.0,0.0,0.315308,0.561435,1335862.068966,2378628.738298,0.0,0.0,0.0,1.0
1700000.0,14.346139,1039.0,11.5,18.0,13.0,0.722222,0.0,2.0,0.0,2.0,0.173913,33.0,1089.0,0.0,0.0,0.714697,1.272586,1335862.068966,2378628.738298,1.0,0.0,0.0,0.0
750000.0,13.52783,1788.0,19.9,30.0,19.0,0.633333,1.0,1.0,0.0,1.0,0.050251,28.0,784.0,1.0,0.0,0.315308,0.561435,1335862.068966,2378628.738298,1.0,0.0,0.0,0.0
1040000.0,13.854732,223.0,2.5,9.0,2.0,0.222222,0.0,0.0,0.0,0.0,0.0,22.0,484.0,0.0,1.0,0.437227,0.778523,1335862.068966,2378628.738298,0.0,0.0,0.0,1.0
1130000.0,13.937729,93.0,1.0,8.0,0.0,0.0,0.0,0.0,0.0,0.0,0.0,18.0,324.0,0.0,1.0,0.475064,0.345409,3271481.481481,2378628.738298,0.0,1.0,0.0,0.0
2260000.0,14.630876,2027.0,22.5,31.0,24.0,0.774194,1.0,4.0,0.0,4.0,0.177778,20.0,400.0,0.0,1.0,0.950127,0.690819,3271481.481481,2378628.738298,0.0,1.0,0.0,0.0
1320000.0,14.093143,948.0,10.5,19.0,13.0,0.684211,0.0,4.0,0.0,4.0,0.380952,19.0,361.0,0.0,1.0,0.554942,0.403487,3271481.481481,2378628.738298,0.0,0.0,0.0,1.0
7550000.0,15.837058,305.0,3.4,17.0,3.0,0.176471,0.0,1.0,0.0,1.0,0.294118,28.0,784.0,1.0,0.0,3.174098,2.307823,3271481.481481,2378628.738298,1.0,0.0,0.0,0.0
1510000.0,14.227621,1472.0,16.4,31.0,16.0,0.516129,0.0,4.0,0.0,4.0,0.243902,21.0,441.0,0.0,1.0,0.63482,0.461565,3271481.481481,2378628.738298,0.0,0.0,0.0,1.0
5280000.0,15.479437,2176.0,24.2,26.0,24.0,0.923077,1.0,1.0,0.0,1.0,0.041322,22.0,484.0,0.0,1.0,2.219766,1.613948,3271481.481481,2378628.738298,1.0,0.0,0.0,0.0
4340000.0,15.283385,2780.0,30.9,33.0,32.0,0.969697,1.0,13.0,0.0,13.0,0.420712,25.0,625.0,1.0,0.0,1.824581,1.326616,3271481.481481,2378628.738298,0.0,0.0,0.0,1.0
2260000.0,14.630876,932.0,10.4,29.0,8.0,0.275862,0.0,3.0,0.0,3.0,0.288462,20.0,400.0,0.0,1.0,0.950127,0.690819,3271481.481481,2378628.738298,0.0,1.0,0.0,0.0
7550000.0,15.837058,2553.0,28.4,30.0,29.0,0.966667,1.0,3.0,0.0,3.0,0.105634,27.0,729.0,1.0,0.0,3.174098,2.307823,3271481.481481,2378628.738298,1.0,0.0,0.0,0.0
2830000.0,14.855788,655.0,7.3,11.0,8.0,0.727273,0.0,0.0,0.0,0.0,0.0,20.0,400.0,0.0,1.0,1.189761,0.865052,3271481.481481,2378628.738298,1.0,0.0,0.0,0.0
1510000.0,14.227621,597.0,6.6,24.0,2.0,0.083333,0.0,0.0,0.0,0.0,0.0,20.0,400.0,0.0,1.0,0.63482,0.461565,3271481.481481,2378628.738298,0.0,0.0,0.0,1.0
3210000.0,14.981782,777.0,8.6,20.0,8.0,0.4,0.0,2.0,0.0,2.0,0.232558,22.0,484.0,0.0,1.0,1.349517,0.981207,3271481.481481,2378628.738298,0.0,1.0,0.0,0.0
2450000.0,14.711599,3.0,0.0,3.0,0.0,0.0,0.0,0.0,0.0,0.0,0.0,34.0,1156.0,0.0,0.0,1.030005,0.748896,3271481.481481,2378628.738298,0.0,0.0,0.0,1.0
1320000.0,14.093143,251.0,2.8,5.0,3.0,0.6,0.0,0.0,0.0,0.0,0.0,19.0,361.0,0.0,1.0,0.554942,0.403487,3271481.481481,2378628.738298,1.0,0.0,0.0,0.0
7410000.0,15.818341,717.0,8.0,26.0,7.0,0.269231,0.0,1.0,0.0,1.0,0.125,25.0,625.0,1.0,0.0,3.536938,1.418241,5224782.608696,2095032.57671,0.0,1.0,0.0,0.0
5660000.0,15.548935,95.0,1.1,5.0,1.0,0.2,0.0,0.0,0.0,0.0,0.0,29.0,841.0,1.0,0.0,2.379522,1.730103,3271481.481481,2378628.738298,1.0,0.0,0.0,0.0
1890000.0,14.452088,1052.0,11.7,12.0,11.0,0.916667,0.0,0.0,8.0,8.0,0.683761,23.0,529.0,0.0,1.0,0.794575,0.57772,3271481.481481,2378628.738298,0.0,0.0,1.0,0.0
750000.0,13.52783,504.0,5.6,13.0,5.0,0.384615,0.0,1.0,0.0,1.0,0.178571,21.0,441.0,0.0,1.0,0.315308,0.229254,3271481.481481,2378628.738298,1.0,0.0,0.0,0.0
3400000.0,15.039286,2694.0,29.9,33.0,31.0,0.939394,1.0,0.0,0.0,0.0,0.0,24.0,576.0,1.0,0.0,1.429395,1.039285,3271481.481481,2378628.738298,0.0,0.0,0.0,1.0
5660000.0,15.548935,2008.0,22.3,23.0,23.0,1.0,1.0,0.0,12.0,12.0,0.538117,35.0,1225.0,0.0,0.0,2.379522,1.730103,3271481.481481,2378628.738298,0.0,0.0,1.0,0.0
3770000.0,15.142586,2504.0,27.8,32.0,28.0,0.875,1.0,2.0,0.0,2.0,0.071942,27.0,729.0,1.0,0.0,1.584947,1.152383,3271481.481481,2378628.738298,1.0,0.0,0.0,0.0
1510000.0,14.227621,2188.0,24.3,30.0,27.0,0.9,1.0,9.0,0.0,9.0,0.37037,23.0,529.0,0.0,1.0,0.63482,0.461565,3271481.481481,2378628.738298,0.0,1.0,0.0,0.0
190000.0,12.154785,4.0,0.0,1.0,0.0,0.0,0.0,0.0,0.0,0.0,0.0,16.0,256.0,0.0,1.0,0.079878,0.058078,3271481.481481,2378628.738298,0.0,1.0,0.0,0.0
570000.0,13.253393,348.0,3.9,18.0,2.0,0.111111,0.0,1.0,0.0,1.0,0.25641,18.0,324.0,0.0,1.0,0.239634,0.174233,3271481.481481,2378628.738298,0.0,1.0,0.0,0.0
10000000.0,16.118096,14.0,0.2,3.0,0.0,0.0,0.0,0.0,0.0,0.0,0.0,29.0,841.0,1.0,0.0,4.204103,3.056719,3271481.481481,2378628.738298,0.0,1.0,0.0,0.0
5660000.0,15.548935,2949.0,32.8,33.0,33.0,1.0,1.0,2.0,0.0,2.0,0.060976,32.0,1024.0,0.0,0.0,2.379522,1.730103,3271481.481481,2378628.738298,1.0,0.0,0.0,0.0
4000000.0,15.201805,1837.0,20.4,26.0,21.0,0.807692,1.0,3.0,0.0,3.0,0.147059,27.0,729.0,1.0,0.0,1.681641,1.222688,3271481.481481,2378628.738298,0.0,0.0,0.0,1.0
11716521.0,16.276511,1845.0,20.5,29.0,20.0,0.689655,1.0,2.0,0.0,2.0,0.097561,22.0,484.0,0.0,1.0,2.496952,2.129424,5502202.703704,4692329.188912,0.0,0.0,0.0,1.0
750000.0,13.52783,2472.0,27.5,33.0,28.0,0.848485,1.0,12.0,0.0,12.0,0.436364,18.0,324.0,0.0,1.0,0.315308,0.229254,3271481.481481,2378628.738298,0.0,1.0,0.0,0.0
260000.0,12.468441,336.0,3.7,20.0,0.0,0.0,0.0,3.0,0.0,3.0,0.810811,21.0,441.0,0.0,1.0,0.109307,0.262626,990000.0,2378628.738298,0.0,1.0,0.0,0.0
470000.0,13.06049,1288.0,14.3,19.0,14.0,0.736842,0.0,1.0,0.0,1.0,0.06993,29.0,841.0,1.0,0.0,0.197593,0.474747,990000.0,2378628.738298,1.0,0.0,0.0,0.0
660000.0,13.399997,1067.0,11.9,21.0,15.0,0.714286,0.0,4.0,0.0,4.0,0.336134,23.0,529.0,0.0,1.0,0.277471,0.666667,990000.0,2378628.738298,0.0,1.0,0.0,0.0
660000.0,13.399997,2576.0,28.6,31.0,30.0,0.967742,1.0,0.0,0.0,0.0,0.0,22.0,484.0,0.0,1.0,0.277471,0.666667,990000.0,2378628.738298,0.0,0.0,0.0,1.0
1320000.0,14.093143,592.0,6.6,25.0,3.0,0.12,0.0,0.0,0.0,0.0,0.0,25.0,625.0,1.0,0.0,0.554942,1.333333,990000.0,2378628.738298,0.0,0.0,0.0,1.0
1130000.0,13.937729,2069.0,23.0,30.0,23.0,0.766667,1.0,5.0,0.0,5.0,0.217391,28.0,784.0,1.0,0.0,0.475064,1.141414,990000.0,2378628.738298,0.0,0.0,0.0,1.0
570000.0,13.253393,150.0,1.7,7.0,1.0,0.142857,0.0,0.0,0.0,0.0,0.0,27.0,729.0,1.0,0.0,0.239634,0.575758,990000.0,2378628.738298,0.0,0.0,0.0,1.0
1890000.0,14.452088,2311.0,25.7,27.0,26.0,0.962963,1.0,2.0,0.0,2.0,0.077821,28.0,784.0,1.0,0.0,0.794575,1.909091,990000.0,2378628.738298,1.0,0.0,0.0,0.0
380000.0,12.847929,27.0,0.3,1.0,0.0,0.0,0.0,0.0,0.0,0.0,0.0,22.0,484.0,0.0,1.0,0.159756,0.383838,990000.0,2378628.738298,1.0,0.0,0.0,0.0
1700000.0,14.346139,2592.0,28.8,30.0,29.0,0.966667,1.0,2.0,0.0,2.0,0.069444,31.0,961.0,0.0,0.0,0.714697,1.717172,990000.0,2378628.738298,1.0,0.0,0.0,0.0
2080000.0,14.547879,1624.0,18.0,24.0,18.0,0.75,1.0,0.0,0.0,0.0,0.0,32.0,1024.0,0.0,0.0,0.874453,2.10101,990000.0,2378628.738298,0.0,0.0,0.0,1.0
1040000.0,13.854732,1934.0,21.5,24.0,23.0,0.958333,1.0,1.0,0.0,1.0,0.046512,25.0,625.0,1.0,0.0,0.437227,1.050505,990000.0,2378628.738298,0.0,0.0,0.0,1.0
750000.0,13.52783,2665.0,29.6,32.0,31.0,0.96875,1.0,1.0,0.0,1.0,0.033784,23.0,529.0,0.0,1.0,0.315308,0.757576,990000.0,2378628.738298,0.0,0.0,0.0,1.0
660000.0,13.399997,1932.0,21.5,23.0,22.0,0.956522,1.0,1.0,0.0,1.0,0.046512,32.0,1024.0,0.0,0.0,0.277471,0.666667,990000.0,2378628.738298,1.0,0.0,0.0,0.0
470000.0,13.06049,966.0,10.7,21.0,12.0,0.571429,0.0,0.0,0.0,0.0,0.0,27.0,729.0,1.0,0.0,0.197593,0.474747,990000.0,2378628.738298,0.0,0.0,0.0,1.0
660000.0,13.399997,1620.0,18.0,23.0,17.0,0.73913,1.0,1.0,0.0,1.0,0.055556,23.0,529.0,0.0,1.0,0.277471,0.666667,990000.0,2378628.738298,0.0,0.0,0.0,1.0
1700000.0,14.346139,1106.0,12.3,17.0,12.0,0.705882,0.0,1.0,0.0,1.0,0.081301,28.0,784.0,1.0,0.0,0.714697,1.717172,990000.0,2378628.738298,0.0,0.0,0.0,1.0
1600000.0,14.285515,1348.0,15.0,29.0,14.0,0.482759,0.0,3.0,0.0,3.0,0.2,26.0,676.0,1.0,0.0,0.672656,1.616162,990000.0,2378628.738298,0.0,1.0,0.0,0.0
1600000.0,14.285515,2018.0,22.4,28.0,25.0,0.892857,1.0,2.0,0.0,2.0,0.089286,28.0,784.0,1.0,0.0,0.672656,1.616162,990000.0,2378628.738298,0.0,0.0,0.0,1.0
850000.0,13.652993,694.0,7.7,13.0,8.0,0.615385,0.0,0.0,0.0,0.0,0.0,27.0,729.0,1.0,0.0,0.357349,0.858586,990000.0,2378628.738298,0.0,0.0,0.0,1.0
1700000.0,14.346139,3060.0,34.0,34.0,34.0,1.0,1.0,0.0,6.0,6.0,0.176471,29.0,841.0,1.0,0.0,0.714697,1.717172,990000.0,2378628.738298,0.0,0.0,1.0,0.0
380000.0,12.847929,351.0,3.9,9.0,3.0,0.333333,0.0,2.0,0.0,2.0,0.512821,24.0,576.0,1.0,0.0,0.159756,0.383838,990000.0,2378628.738298,0.0,1.0,0.0,0.0
570000.0,13.253393,27.0,0.3,4.0,0.0,0.0,0.0,0.0,0.0,0.0,0.0,26.0,676.0,1.0,0.0,0.239634,0.575758,990000.0,2378628.738298,0.0,1.0,0.0,0.0
660000.0,13.399997,1260.0,14.0,15.0,14.0,0.933333,0.0,0.0,0.0,0.0,0.0,26.0,676.0,1.0,0.0,0.277471,0.666667,990000.0,2378628.738298,1.0,0.0,0.0,0.0
4150000.0,15.238619,3060.0,34.0,34.0,34.0,1.0,1.0,0.0,18.0,18.0,0.529412,28.0,784.0,1.0,0.0,1.744703,1.756924,2362083.333333,2378628.738298,0.0,0.0,1.0,0.0
1510000.0,14.227621,380.0,4.2,8.0,3.0,0.375,0.0,0.0,0.0,0.0,0.0,23.0,529.0,0.0,1.0,0.63482,0.639266,2362083.333333,2378628.738298,1.0,0.0,0.0,0.0
4530000.0,15.326233,2743.0,30.5,34.0,30.0,0.882353,1.0,2.0,0.0,2.0,0.065574,24.0,576.0,1.0,0.0,1.904459,1.917799,2362083.333333,2378628.738298,0.0,0.0,0.0,1.0
2830000.0,14.855788,1884.0,20.9,28.0,22.0,0.785714,1.0,0.0,0.0,0.0,0.0,28.0,784.0,1.0,0.0,1.189761,1.198095,2362083.333333,2378628.738298,0.0,0.0,0.0,1.0
1510000.0,14.227621,556.0,6.1,16.0,6.0,0.375,0.0,0.0,0.0,0.0,0.0,20.0,400.0,0.0,1.0,0.63482,0.639266,2362083.333333,2378628.738298,0.0,0.0,0.0,1.0
2830000.0,14.855788,1630.0,18.1,25.0,19.0,0.76,1.0,4.0,0.0,4.0,0.220994,21.0,441.0,0.0,1.0,1.189761,1.198095,2362083.333333,2378628.738298,0.0,0.0,0.0,1.0
750000.0,13.52783,1310.0,14.6,25.0,14.0,0.56,0.0,3.0,0.0,3.0,0.205479,20.0,400.0,0.0,1.0,0.315308,0.317516,2362083.333333,2378628.738298,0.0,0.0,0.0,1.0
3400000.0,15.039286,1698.0,18.9,33.0,20.0,0.606061,1.0,7.0,0.0,7.0,0.37037,27.0,729.0,1.0,0.0,1.429395,1.439407,2362083.333333,2378628.738298,0.0,0.0,0.0,1.0
2260000.0,14.630876,209.0,2.3,3.0,3.0,1.0,0.0,0.0,0.0,0.0,0.0,26.0,676.0,1.0,0.0,0.950127,0.956783,2362083.333333,2378628.738298,1.0,0.0,0.0,0.0
4530000.0,15.326233,2241.0,24.9,29.0,25.0,0.862069,1.0,19.0,0.0,19.0,0.763052,29.0,841.0,1.0,0.0,1.904459,1.917799,2362083.333333,2378628.738298,0.0,1.0,0.0,0.0
4720000.0,15.36732,1497.0,16.6,25.0,17.0,0.68,0.0,12.0,0.0,12.0,0.722892,27.0,729.0,1.0,0.0,1.984337,1.998236,2362083.333333,2378628.738298,0.0,1.0,0.0,0.0
940000.0,13.753636,1511.0,16.8,23.0,17.0,0.73913,1.0,0.0,0.0,0.0,0.0,19.0,361.0,0.0,1.0,0.395186,0.397954,2362083.333333,2378628.738298,1.0,0.0,0.0,0.0
3210000.0,14.981782,2367.0,26.3,32.0,26.0,0.8125,1.0,7.0,0.0,7.0,0.26616,24.0,576.0,1.0,0.0,1.349517,1.35897,2362083.333333,2378628.738298,0.0,0.0,0.0,1.0
750000.0,13.52783,38.0,0.4,7.0,0.0,0.0,0.0,0.0,0.0,0.0,0.0,20.0,400.0,0.0,1.0,0.315308,0.317516,2362083.333333,2378628.738298,0.0,1.0,0.0,0.0
2830000.0,14.855788,1587.0,17.6,27.0,18.0,0.666667,1.0,1.0,0.0,1.0,0.056818,24.0,576.0,1.0,0.0,1.189761,1.198095,2362083.333333,2378628.738298,1.0,0.0,0.0,0.0
2830000.0,14.855788,2294.0,25.5,27.0,26.0,0.962963,1.0,0.0,0.0,0.0,0.0,27.0,729.0,1.0,0.0,1.189761,1.198095,2362083.333333,2378628.738298,1.0,0.0,0.0,0.0
570000.0,13.253393,40.0,0.4,3.0,0.0,0.0,0.0,0.0,0.0,0.0,0.0,18.0,324.0,0.0,1.0,0.239634,0.241312,2362083.333333,2378628.738298,0.0,1.0,0.0,0.0
2260000.0,14.630876,1094.0,12.2,24.0,12.0,0.5,0.0,0.0,0.0,0.0,0.0,25.0,625.0,1.0,0.0,0.950127,0.956783,2362083.333333,2378628.738298,1.0,0.0,0.0,0.0
850000.0,13.652993,898.0,10.0,14.0,10.0,0.714286,0.0,0.0,0.0,0.0,0.0,22.0,484.0,0.0,1.0,0.357349,0.359852,2362083.333333,2378628.738298,1.0,0.0,0.0,0.0
4910000.0,15.406785,2186.0,24.3,32.0,24.0,0.75,1.0,6.0,0.0,6.0,0.246914,28.0,784.0,1.0,0.0,2.064215,2.078673,2362083.333333,2378628.738298,1.0,0.0,0.0,0.0
7961226.0,15.890094,1992.0,22.1,34.0,25.0,0.735294,1.0,8.0,0.0,8.0,0.361991,23.0,529.0,0.0,1.0,1.696647,1.515672,5252606.32,4692329.188912,0.0,1.0,0.0,0.0
940000.0,13.753636,1256.0,14.0,28.0,14.0,0.5,0.0,4.0,0.0,4.0,0.285714,25.0,625.0,1.0,0.0,0.395186,0.397954,2362083.333333,2378628.738298,0.0,0.0,0.0,1.0
940000.0,13.753636,106.0,1.2,2.0,2.0,1.0,0.0,0.0,0.0,0.0,0.0,29.0,841.0,1.0,0.0,0.395186,0.397954,2362083.333333,2378628.738298,0.0,0.0,0.0,1.0
750000.0,13.52783,2025.0,22.5,31.0,22.0,0.709677,1.0,0.0,0.0,0.0,0.0,24.0,576.0,1.0,0.0,0.315308,0.317516,2362083.333333,2378628.738298,1.0,0.0,0.0,0.0
1890000.0,14.452088,1020.0,11.3,27.0,10.0,0.37037,0.0,5.0,0.0,5.0,0.442478,23.0,529.0,0.0,1.0,0.794575,0.800141,2362083.333333,2378628.738298,0.0,0.0,0.0,1.0
2260000.0,14.630876,459.0,5.1,20.0,2.0,0.1,0.0,0.0,0.0,0.0,0.0,27.0,729.0,1.0,0.0,0.950127,1.60694,1406400.0,2378628.738298,0.0,0.0,0.0,1.0
940000.0,13.753636,1959.0,21.8,30.0,23.0,0.766667,1.0,0.0,0.0,0.0,0.0,20.0,400.0,0.0,1.0,0.395186,0.668373,1406400.0,2378628.738298,0.0,0.0,0.0,1.0
1510000.0,14.227621,2257.0,25.1,32.0,24.0,0.75,1.0,5.0,0.0,5.0,0.199203,25.0,625.0,1.0,0.0,0.63482,1.073663,1406400.0,2378628.738298,0.0,1.0,0.0,0.0
1700000.0,14.346139,1421.0,15.8,28.0,16.0,0.571429,0.0,2.0,0.0,2.0,0.126582,26.0,676.0,1.0,0.0,0.714697,1.20876,1406400.0,2378628.738298,0.0,0.0,0.0,1.0
300000.0,12.611541,330.0,3.7,4.0,3.0,0.75,0.0,0.0,2.0,2.0,0.540541,31.0,961.0,0.0,0.0,0.126123,0.213311,1406400.0,2378628.738298,0.0,0.0,1.0,0.0
1890000.0,14.452088,1861.0,20.7,29.0,22.0,0.758621,1.0,0.0,0.0,0.0,0.0,38.0,1444.0,0.0,0.0,0.794575,1.343857,1406400.0,2378628.738298,0.0,0.0,0.0,1.0
2830000.0,14.855788,3060.0,34.0,34.0,34.0,1.0,1.0,5.0,0.0,5.0,0.147059,27.0,729.0,1.0,0.0,1.189761,2.01223,1406400.0,2378628.738298,1.0,0.0,0.0,0.0
1700000.0,14.346139,1899.0,21.1,29.0,21.0,0.724138,1.0,1.0,0.0,1.0,0.047393,26.0,676.0,1.0,0.0,0.714697,1.20876,1406400.0,2378628.738298,0.0,0.0,0.0,1.0
1510000.0,14.227621,1963.0,21.8,23.0,23.0,1.0,1.0,0.0,0.0,0.0,0.0,26.0,676.0,1.0,0.0,0.63482,1.073663,1406400.0,2378628.738298,1.0,0.0,0.0,0.0
150000.0,11.918397,6.0,0.1,2.0,0.0,0.0,0.0,0.0,0.0,0.0,0.0,18.0,324.0,0.0,1.0,0.063062,0.106655,1406400.0,2378628.738298,0.0,0.0,0.0,1.0
1890000.0,14.452088,2640.0,29.3,30.0,30.0,1.0,1.0,0.0,7.0,7.0,0.238908,32.0,1024.0,0.0,0.0,0.794575,1.343857,1406400.0,2378628.738298,0.0,0.0,1.0,0.0
750000.0,13.52783,1892.0,21.0,33.0,23.0,0.69697,1.0,5.0,0.0,5.0,0.238095,20.0,400.0,0.0,1.0,0.315308,0.533276,1406400.0,2378628.738298,0.0,0.0,0.0,1.0
1700000.0,14.346139,1646.0,18.3,28.0,20.0,0.714286,1.0,0.0,0.0,0.0,0.0,31.0,961.0,0.0,0.0,0.714697,1.20876,1406400.0,2378628.738298,0.0,0.0,0.0,1.0
1700000.0,14.346139,1197.0,13.3,28.0,13.0,0.464286,0.0,4.0,0.0,4.0,0.300752,25.0,625.0,1.0,0.0,0.714697,1.20876,1406400.0,2378628.738298,0.0,0.0,0.0,1.0
2260000.0,14.630876,330.0,3.7,11.0,3.0,0.272727,0.0,1.0,0.0,1.0,0.27027,29.0,841.0,1.0,0.0,0.950127,1.60694,1406400.0,2378628.738298,0.0,0.0,0.0,1.0
940000.0,13.753636,2705.0,30.1,31.0,30.0,0.967742,1.0,3.0,0.0,3.0,0.099668,21.0,441.0,0.0,1.0,0.395186,0.668373,1406400.0,2378628.738298,1.0,0.0,0.0,0.0
850000.0,13.652993,651.0,7.2,18.0,6.0,0.333333,0.0,1.0,0.0,1.0,0.138889,20.0,400.0,0.0,1.0,0.357349,0.60438,1406400.0,2378628.738298,0.0,0.0,0.0,1.0
570000.0,13.253393,22.0,0.2,2.0,0.0,0.0,0.0,2.0,0.0,2.0,10.0,23.0,529.0,0.0,1.0,0.239634,0.40529,1406400.0,2378628.738298,0.0,1.0,0.0,0.0
470000.0,13.06049,90.0,1.0,1.0,1.0,1.0,0.0,0.0,1.0,1.0,1.0,26.0,676.0,1.0,0.0,0.197593,0.334187,1406400.0,2378628.738298,0.0,0.0,1.0,0.0
1510000.0,14.227621,1664.0,18.5,29.0,21.0,0.724138,1.0,6.0,0.0,6.0,0.324324,28.0,784.0,1.0,0.0,0.63482,1.073663,1406400.0,2378628.738298,0.0,1.0,0.0,0.0
1890000.0,14.452088,2830.0,31.4,32.0,32.0,1.0,1.0,5.0,0.0,5.0,0.159236,31.0,961.0,0.0,0.0,0.794575,1.343857,1406400.0,2378628.738298,0.0,0.0,0.0,1.0
2080000.0,14.547879,220.0,2.4,3.0,3.0,1.0,0.0,0.0,0.0,0.0,0.0,29.0,841.0,1.0,0.0,0.874453,1.478953,1406400.0,2378628.738298,1.0,0.0,0.0,0.0
1210000.0,14.006132,816.0,9.1,13.0,10.0,0.769231,0.0,1.0,0.0,1.0,0.10989,26.0,676.0,1.0,0.0,0.508696,0.860353,1406400.0,2378628.738298,1.0,0.0,0.0,0.0
1420000.0,14.166168,623.0,6.9,22.0,4.0,0.181818,0.0,1.0,0.0,1.0,0.144928,28.0,784.0,1.0,0.0,0.596983,1.00967,1406400.0,2378628.738298,0.0,0.0,0.0,1.0
1130000.0,13.937729,1029.0,11.4,21.0,10.0,0.47619,0.0,2.0,0.0,2.0,0.175439,20.0,400.0,0.0,1.0,0.475064,0.80347,1406400.0,2378628.738298,0.0,0.0,0.0,1.0
1230000.0,14.022526,1502.0,16.7,19.0,19.0,1.0,1.0,0.0,0.0,0.0,0.0,27.0,729.0,1.0,0.0,0.517105,0.824069,1492592.592593,2378628.738298,1.0,0.0,0.0,0.0
3770000.0,15.142586,1846.0,20.5,28.0,22.0,0.785714,1.0,1.0,0.0,1.0,0.04878,26.0,676.0,1.0,0.0,1.584947,2.525806,1492592.592593,2378628.738298,0.0,0.0,0.0,1.0
1700000.0,14.346139,744.0,8.3,11.0,9.0,0.818182,0.0,0.0,0.0,0.0,0.0,25.0,625.0,1.0,0.0,0.714697,1.138958,1492592.592593,2378628.738298,1.0,0.0,0.0,0.0
600000.0,13.304687,682.0,7.6,19.0,6.0,0.315789,0.0,1.0,0.0,1.0,0.131579,25.0,625.0,1.0,0.0,0.252246,0.401985,1492592.592593,2378628.738298,0.0,0.0,0.0,1.0
180000.0,12.100718,2.0,0.0,1.0,0.0,0.0,0.0,0.0,0.0,0.0,0.0,20.0,400.0,0.0,1.0,0.075674,0.120596,1492592.592593,2378628.738298,0.0,0.0,0.0,1.0
3210000.0,14.981782,2460.0,27.3,29.0,29.0,1.0,1.0,10.0,0.0,10.0,0.3663,28.0,784.0,1.0,0.0,1.349517,2.15062,1492592.592593,2378628.738298,0.0,0.0,0.0,1.0
470000.0,13.06049,488.0,5.4,13.0,5.0,0.384615,0.0,3.0,0.0,3.0,0.555556,20.0,400.0,0.0,1.0,0.197593,0.314888,1492592.592593,2378628.738298,0.0,1.0,0.0,0.0
660000.0,13.399997,516.0,5.7,11.0,5.0,0.454545,0.0,0.0,0.0,0.0,0.0,24.0,576.0,1.0,0.0,0.277471,0.442184,1492592.592593,2378628.738298,1.0,0.0,0.0,0.0
1510000.0,14.227621,1947.0,21.6,33.0,22.0,0.666667,1.0,5.0,0.0,5.0,0.231481,24.0,576.0,1.0,0.0,0.63482,1.011663,1492592.592593,2378628.738298,0.0,1.0,0.0,0.0
620000.0,13.337476,180.0,2.0,2.0,2.0,1.0,0.0,0.0,1.0,1.0,0.5,23.0,529.0,0.0,1.0,0.260654,0.415385,1492592.592593,2378628.738298,0.0,0.0,1.0,0.0
570000.0,13.253393,638.0,7.1,20.0,7.0,0.35,0.0,1.0,0.0,1.0,0.140845,21.0,441.0,0.0,1.0,0.239634,0.381886,1492592.592593,2378628.738298,0.0,1.0,0.0,0.0
2640000.0,14.78629,615.0,6.8,17.0,5.0,0.294118,0.0,0.0,0.0,0.0,0.0,31.0,961.0,0.0,0.0,1.109883,1.768734,1492592.592593,2378628.738298,0.0,0.0,0.0,1.0
3020000.0,14.920768,2546.0,28.3,30.0,29.0,0.966667,1.0,1.0,0.0,1.0,0.035336,27.0,729.0,1.0,0.0,1.269639,2.023325,1492592.592593,2378628.738298,1.0,0.0,0.0,0.0
1510000.0,14.227621,2006.0,22.3,33.0,23.0,0.69697,1.0,3.0,0.0,3.0,0.134529,27.0,729.0,1.0,0.0,0.63482,1.011663,1492592.592593,2378628.738298,0.0,0.0,0.0,1.0
2080000.0,14.547879,37.0,0.4,2.0,0.0,0.0,0.0,0.0,0.0,0.0,0.0,27.0,729.0,1.0,0.0,0.874453,1.393548,1492592.592593,2378628.738298,1.0,0.0,0.0,0.0
170000.0,12.04356,37.0,0.4,2.0,0.0,0.0,0.0,0.0,0.0,0.0,0.0,17.0,289.0,0.0,1.0,0.07147,0.113896,1492592.592593,2378628.738298,0.0,0.0,0.0,1.0
420000.0,12.948012,2880.0,32.0,32.0,32.0,1.0,1.0,0.0,7.0,7.0,0.21875,21.0,441.0,0.0,1.0,0.176572,0.28139,1492592.592593,2378628.738298,0.0,0.0,1.0,0.0
2640000.0,14.78629,697.0,7.7,14.0,9.0,0.642857,0.0,0.0,0.0,0.0,0.0,30.0,900.0,0.0,0.0,1.109883,1.768734,1492592.592593,2378628.738298,1.0,0.0,0.0,0.0
940000.0,13.753636,1254.0,13.9,16.0,14.0,0.875,0.0,1.0,0.0,1.0,0.071942,25.0,625.0,1.0,0.0,0.395186,0.629777,1492592.592593,2378628.738298,1.0,0.0,0.0,0.0
470000.0,13.06049,351.0,3.9,15.0,2.0,0.133333,0.0,1.0,0.0,1.0,0.25641,18.0,324.0,0.0,1.0,0.197593,0.314888,1492592.592593,2378628.738298,0.0,0.0,0.0,1.0
1320000.0,14.093143,2982.0,33.1,34.0,34.0,1.0,1.0,4.0,0.0,4.0,0.120846,25.0,625.0,1.0,0.0,0.554942,0.884367,1492592.592593,2378628.738298,0.0,0.0,0.0,1.0
190000.0,12.154785,198.0,2.2,8.0,2.0,0.25,0.0,1.0,0.0,1.0,0.454545,19.0,361.0,0.0,1.0,0.079878,0.127295,1492592.592593,2378628.738298,0.0,1.0,0.0,0.0
2080000.0,14.547879,1171.0,13.0,26.0,12.0,0.461538,0.0,3.0,0.0,3.0,0.230769,21.0,441.0,0.0,1.0,0.874453,1.393548,1492592.592593,2378628.738298,0.0,0.0,0.0,1.0
2640000.0,14.78629,2752.0,30.6,31.0,31.0,1.0,1.0,0.0,0.0,0.0,0.0,26.0,676.0,1.0,0.0,1.109883,1.768734,1492592.592593,2378628.738298,0.0,0.0,0.0,1.0
470000.0,13.06049,34.0,0.4,2.0,0.0,0.0,0.0,0.0,0.0,0.0,0.0,23.0,529.0,0.0,1.0,0.197593,0.314888,1492592.592593,2378628.738298,0.0,0.0,0.0,1.0
2830000.0,14.855788,333.0,3.7,11.0,2.0,0.181818,0.0,0.0,0.0,0.0,0.0,24.0,576.0,1.0,0.0,1.189761,1.89603,1492592.592593,2378628.738298,0.0,1.0,0.0,0.0
2360000.0,14.674173,2428.0,27.0,31.0,29.0,0.935484,1.0,0.0,0.0,0.0,0.0,25.0,625.0,1.0,0.0,0.992168,1.581141,1492592.592593,2378628.738298,1.0,0.0,0.0,0.0
850000.0,13.652993,1456.0,16.2,20.0,17.0,0.85,0.0,2.0,0.0,2.0,0.123457,20.0,400.0,0.0,1.0,0.357349,0.389108,2184482.758621,2378628.738298,1.0,0.0,0.0,0.0
850000.0,13.652993,1364.0,15.2,27.0,12.0,0.444444,0.0,2.0,0.0,2.0,0.131579,19.0,361.0,0.0,1.0,0.357349,0.389108,2184482.758621,2378628.738298,0.0,0.0,0.0,1.0
1890000.0,14.452088,362.0,4.0,8.0,4.0,0.5,0.0,1.0,0.0,1.0,0.25,25.0,625.0,1.0,0.0,0.794575,0.865193,2184482.758621,2378628.738298,0.0,0.0,0.0,1.0
660000.0,13.399997,35.0,0.4,1.0,0.0,0.0,0.0,0.0,0.0,0.0,0.0,19.0,361.0,0.0,1.0,0.277471,0.302131,2184482.758621,2378628.738298,0.0,0.0,0.0,1.0
3490000.0,15.065413,2410.0,26.8,31.0,27.0,0.870968,1.0,3.0,0.0,3.0,0.11194,33.0,1089.0,0.0,0.0,1.467232,1.597632,2184482.758621,2378628.738298,0.0,0.0,0.0,1.0
660000.0,13.399997,1460.0,16.2,30.0,16.0,0.533333,0.0,8.0,0.0,8.0,0.493827,20.0,400.0,0.0,1.0,0.277471,0.302131,2184482.758621,2378628.738298,0.0,1.0,0.0,0.0
3400000.0,15.039286,1176.0,13.1,17.0,13.0,0.764706,0.0,1.0,0.0,1.0,0.076336,29.0,841.0,1.0,0.0,1.429395,1.556433,2184482.758621,2378628.738298,1.0,0.0,0.0,0.0
190000.0,12.154785,247.0,2.7,7.0,2.0,0.285714,0.0,0.0,0.0,0.0,0.0,18.0,324.0,0.0,1.0,0.079878,0.086977,2184482.758621,2378628.738298,0.0,0.0,0.0,1.0
470000.0,13.06049,815.0,9.1,11.0,9.0,0.818182,0.0,0.0,0.0,0.0,0.0,22.0,484.0,0.0,1.0,0.197593,0.215154,2184482.758621,2378628.738298,1.0,0.0,0.0,0.0
4340000.0,15.283385,379.0,4.2,13.0,4.0,0.307692,0.0,0.0,0.0,0.0,0.0,25.0,625.0,1.0,0.0,1.824581,1.98674,2184482.758621,2378628.738298,0.0,0.0,0.0,1.0
4150000.0,15.238619,1222.0,13.6,16.0,14.0,0.875,0.0,1.0,0.0,1.0,0.073529,28.0,784.0,1.0,0.0,1.744703,1.899763,2184482.758621,2378628.738298,0.0,0.0,0.0,1.0
940000.0,13.753636,137.0,1.5,4.0,1.0,0.25,0.0,0.0,0.0,0.0,0.0,21.0,441.0,0.0,1.0,0.395186,0.430308,2184482.758621,2378628.738298,1.0,0.0,0.0,0.0
2080000.0,14.547879,481.0,5.3,11.0,5.0,0.454545,0.0,1.0,0.0,1.0,0.188679,26.0,676.0,1.0,0.0,0.874453,0.95217,2184482.758621,2378628.738298,0.0,1.0,0.0,0.0
3210000.0,14.981782,3060.0,34.0,34.0,34.0,1.0,1.0,0.0,7.0,7.0,0.205882,26.0,676.0,1.0,0.0,1.349517,1.469455,2184482.758621,2378628.738298,0.0,0.0,1.0,0.0
750000.0,13.52783,318.0,3.5,12.0,2.0,0.166667,0.0,1.0,0.0,1.0,0.285714,20.0,400.0,0.0,1.0,0.315308,0.343331,2184482.758621,2378628.738298,0.0,0.0,0.0,1.0
1130000.0,13.937729,164.0,1.8,6.0,1.0,0.166667,0.0,0.0,0.0,0.0,0.0,22.0,484.0,0.0,1.0,0.475064,0.517285,2184482.758621,2378628.738298,0.0,0.0,0.0,1.0
1130000.0,13.937729,800.0,8.9,11.0,10.0,0.909091,0.0,0.0,0.0,0.0,0.0,24.0,576.0,1.0,0.0,0.475064,0.517285,2184482.758621,2378628.738298,1.0,0.0,0.0,0.0
1420000.0,14.166168,2482.0,27.6,29.0,27.0,0.931034,1.0,4.0,0.0,4.0,0.144928,21.0,441.0,0.0,1.0,0.596983,0.650039,2184482.758621,2378628.738298,1.0,0.0,0.0,0.0
5660000.0,15.548935,1371.0,15.2,28.0,16.0,0.571429,0.0,2.0,0.0,2.0,0.131579,27.0,729.0,1.0,0.0,2.379522,2.591002,2184482.758621,2378628.738298,0.0,0.0,0.0,1.0
2830000.0,14.855788,861.0,9.6,24.0,8.0,0.333333,0.0,3.0,0.0,3.0,0.3125,26.0,676.0,1.0,0.0,1.189761,1.295501,2184482.758621,2378628.738298,0.0,0.0,0.0,1.0
4720000.0,15.36732,1859.0,20.7,25.0,20.0,0.8,1.0,1.0,0.0,1.0,0.048309,31.0,961.0,0.0,0.0,1.984337,2.160695,2184482.758621,2378628.738298,0.0,0.0,0.0,1.0
4720000.0,15.36732,1919.0,21.3,30.0,23.0,0.766667,1.0,8.0,0.0,8.0,0.375587,25.0,625.0,1.0,0.0,1.984337,2.160695,2184482.758621,2378628.738298,0.0,1.0,0.0,0.0
1700000.0,14.346139,1787.0,19.9,22.0,20.0,0.909091,1.0,1.0,0.0,1.0,0.050251,26.0,676.0,1.0,0.0,0.714697,0.778216,2184482.758621,2378628.738298,1.0,0.0,0.0,0.0
1890000.0,14.452088,1621.0,18.0,25.0,21.0,0.84,1.0,4.0,0.0,4.0,0.222222,24.0,576.0,1.0,0.0,0.794575,0.865193,2184482.758621,2378628.738298,0.0,0.0,0.0,1.0
230000.0,12.345839,69.0,0.8,5.0,1.0,0.2,0.0,0.0,0.0,0.0,0.0,18.0,324.0,0.0,1.0,0.096694,0.105288,2184482.758621,2378628.738298,0.0,0.0,0.0,1.0
940000.0,13.753636,1869.0,20.7,25.0,21.0,0.84,1.0,0.0,0.0,0.0,0.0,20.0,400.0,0.0,1.0,0.395186,0.430308,2184482.758621,2378628.738298,1.0,0.0,0.0,0.0
4720000.0,15.36732,1764.0,19.6,24.0,22.0,0.916667,1.0,0.0,0.0,0.0,0.0,26.0,676.0,1.0,0.0,1.984337,2.160695,2184482.758621,2378628.738298,0.0,0.0,0.0,1.0
3580000.0,15.090874,1068.0,11.9,19.0,12.0,0.631579,0.0,1.0,0.0,1.0,0.084034,31.0,961.0,0.0,0.0,1.505069,1.638832,2184482.758621,2378628.738298,0.0,0.0,0.0,1.0
730000.0,13.500801,1496.0,16.6,30.0,15.0,0.5,0.0,1.0,0.0,1.0,0.060241,26.0,676.0,1.0,0.0,0.258073,0.732868,996086.956522,2828656.453629,0.0,0.0,0.0,1.0
210000.0,12.254868,122.0,1.4,9.0,0.0,0.0,0.0,0.0,0.0,0.0,0.0,22.0,484.0,0.0,1.0,0.07424,0.210825,996086.956522,2828656.453629,0.0,1.0,0.0,0.0
1460000.0,14.193948,654.0,7.3,25.0,2.0,0.08,0.0,1.0,0.0,1.0,0.136986,28.0,784.0,1.0,0.0,0.516146,1.465735,996086.956522,2828656.453629,0.0,0.0,0.0,1.0
1150000.0,13.955273,3110.0,34.6,36.0,36.0,1.0,1.0,2.0,0.0,2.0,0.057803,25.0,625.0,1.0,0.0,0.406553,1.154518,996086.956522,2828656.453629,0.0,0.0,0.0,1.0
1560000.0,14.260197,3420.0,38.0,38.0,38.0,1.0,1.0,0.0,11.0,11.0,0.289474,28.0,784.0,1.0,0.0,0.551499,1.566128,996086.956522,2828656.453629,0.0,0.0,1.0,0.0
520000.0,13.161586,752.0,8.4,19.0,13.0,0.684211,0.0,0.0,0.0,0.0,0.0,25.0,625.0,1.0,0.0,0.183833,0.522043,996086.956522,2828656.453629,0.0,0.0,0.0,1.0
1250000.0,14.038655,1989.0,22.1,34.0,23.0,0.676471,1.0,0.0,0.0,0.0,0.0,27.0,729.0,1.0,0.0,0.441906,1.254911,996086.956522,2828656.453629,0.0,0.0,0.0,1.0
730000.0,13.500801,324.0,3.6,13.0,3.0,0.230769,0.0,0.0,0.0,0.0,0.0,27.0,729.0,1.0,0.0,0.258073,0.732868,996086.956522,2828656.453629,1.0,0.0,0.0,0.0
520000.0,13.161586,1258.0,14.0,21.0,11.0,0.52381,0.0,5.0,0.0,5.0,0.357143,26.0,676.0,1.0,0.0,0.183833,0.522043,996086.956522,2828656.453629,0.0,0.0,0.0,1.0
1880000.0,14.446783,1406.0,15.6,30.0,15.0,0.5,0.0,1.0,0.0,1.0,0.064103,31.0,961.0,0.0,0.0,0.664626,1.887385,996086.956522,2828656.453629,0.0,0.0,0.0,1.0
940000.0,13.753636,793.0,8.8,10.0,8.0,0.8,0.0,0.0,0.0,0.0,0.0,25.0,625.0,1.0,0.0,0.332313,0.943693,996086.956522,2828656.453629,1.0,0.0,0.0,0.0
260000.0,12.468441,578.0,6.4,10.0,6.0,0.6,0.0,2.0,0.0,2.0,0.3125,25.0,625.0,1.0,0.0,0.091916,0.261021,996086.956522,2828656.453629,0.0,1.0,0.0,0.0
1250000.0,14.038655,1238.0,13.8,28.0,15.0,0.535714,0.0,0.0,0.0,0.0,0.0,30.0,900.0,0.0,0.0,0.441906,1.254911,996086.956522,2828656.453629,0.0,0.0,0.0,1.0
1040000.0,13.854732,1735.0,19.3,22.0,20.0,0.909091,1.0,0.0,0.0,0.0,0.0,24.0,576.0,1.0,0.0,0.367666,1.044086,996086.956522,2828656.453629,1.0,0.0,0.0,0.0
2080000.0,14.547879,1958.0,21.8,29.0,22.0,0.758621,1.0,11.0,0.0,11.0,0.504587,29.0,841.0,1.0,0.0,0.735331,2.088171,996086.956522,2828656.453629,0.0,1.0,0.0,0.0
1560000.0,14.260197,288.0,3.2,10.0,3.0,0.3,0.0,0.0,0.0,0.0,0.0,31.0,961.0,0.0,0.0,0.551499,1.566128,996086.956522,2828656.453629,0.0,1.0,0.0,0.0
400000.0,12.899222,216.0,2.4,3.0,3.0,1.0,0.0,0.0,0.0,0.0,0.0,24.0,576.0,1.0,0.0,0.14141,0.401571,996086.956522,2828656.453629,1.0,0.0,0.0,0.0
1460000.0,14.193948,3239.0,36.0,36.0,36.0,1.0,1.0,2.0,0.0,2.0,0.055556,29.0,841.0,1.0,0.0,0.516146,1.465735,996086.956522,2828656.453629,1.0,0.0,0.0,0.0
310000.0,12.644331,1288.0,14.3,16.0,14.0,0.875,0.0,1.0,0.0,1.0,0.06993,22.0,484.0,0.0,1.0,0.109593,0.311218,996086.956522,2828656.453629,0.0,0.0,0.0,1.0
1040000.0,13.854732,2236.0,24.8,37.0,28.0,0.756757,1.0,1.0,0.0,1.0,0.040323,26.0,676.0,1.0,0.0,0.367666,1.044086,996086.956522,2828656.453629,0.0,0.0,0.0,1.0
1880000.0,14.446783,2714.0,30.2,37.0,32.0,0.864865,1.0,14.0,0.0,14.0,0.463576,28.0,784.0,1.0,0.0,0.664626,1.887385,996086.956522,2828656.453629,0.0,1.0,0.0,0.0
420000.0,12.948012,2146.0,23.8,30.0,25.0,0.833333,1.0,0.0,0.0,0.0,0.0,23.0,529.0,0.0,1.0,0.14848,0.42165,996086.956522,2828656.453629,1.0,0.0,0.0,0.0
260000.0,12.468441,282.0,3.1,5.0,3.0,0.6,0.0,0.0,0.0,0.0,0.0,23.0,529.0,0.0,1.0,0.091916,0.261021,996086.956522,2828656.453629,1.0,0.0,0.0,0.0
420000.0,12.948012,815.0,9.1,14.0,8.0,0.571429,0.0,0.0,0.0,0.0,0.0,23.0,529.0,0.0,1.0,0.14848,0.133726,3140740.740741,2828656.453629,1.0,0.0,0.0,0.0
2080000.0,14.547879,1630.0,18.1,19.0,18.0,0.947368,1.0,2.0,0.0,2.0,0.110497,25.0,625.0,1.0,0.0,0.735331,0.662264,3140740.740741,2828656.453629,1.0,0.0,0.0,0.0
310000.0,12.644331,1279.0,14.2,29.0,11.0,0.37931,0.0,1.0,0.0,1.0,0.070423,22.0,484.0,0.0,1.0,0.109593,0.098703,3140740.740741,2828656.453629,0.0,0.0,0.0,1.0
520000.0,13.161586,90.0,1.0,1.0,1.0,1.0,0.0,0.0,0.0,0.0,0.0,21.0,441.0,0.0,1.0,0.183833,0.165566,3140740.740741,2828656.453629,0.0,0.0,1.0,0.0
1560000.0,14.260197,1360.0,15.1,24.0,15.0,0.625,0.0,0.0,0.0,0.0,0.0,28.0,784.0,1.0,0.0,0.551499,0.496698,3140740.740741,2828656.453629,1.0,0.0,0.0,0.0
10420000.0,16.159238,2058.0,22.9,25.0,24.0,0.96,1.0,0.0,0.0,0.0,0.0,31.0,961.0,0.0,0.0,3.683728,3.317689,3140740.740741,2828656.453629,1.0,0.0,0.0,0.0
1460000.0,14.193948,85.0,0.9,2.0,1.0,0.5,0.0,0.0,0.0,0.0,0.0,24.0,576.0,1.0,0.0,0.516146,0.464858,3140740.740741,2828656.453629,0.0,0.0,0.0,1.0
3650000.0,15.110238,2564.0,28.5,31.0,28.0,0.903226,1.0,1.0,0.0,1.0,0.035088,26.0,676.0,1.0,0.0,1.290365,1.162146,3140740.740741,2828656.453629,1.0,0.0,0.0,0.0
2080000.0,14.547879,2363.0,26.3,35.0,28.0,0.8,1.0,10.0,0.0,10.0,0.380228,28.0,784.0,1.0,0.0,0.735331,0.662264,3140740.740741,2828656.453629,0.0,1.0,0.0,0.0
11400000.0,16.249124,2157.0,24.0,30.0,25.0,0.833333,1.0,3.0,0.0,3.0,0.125,31.0,961.0,0.0,0.0,4.030182,3.629717,3140740.740741,2828656.453629,0.0,0.0,0.0,1.0
1000000.0,13.815512,600.0,6.7,11.0,8.0,0.727273,0.0,0.0,0.0,0.0,0.0,32.0,1024.0,0.0,0.0,0.353525,0.318396,3140740.740741,2828656.453629,1.0,0.0,0.0,0.0
1460000.0,14.193948,2206.0,24.5,34.0,30.0,0.882353,1.0,1.0,0.0,1.0,0.040816,31.0,961.0,0.0,0.0,0.516146,0.464858,3140740.740741,2828656.453629,0.0,0.0,0.0,1.0
2080000.0,14.547879,1506.0,16.7,26.0,14.0,0.538462,1.0,0.0,0.0,0.0,0.0,26.0,676.0,1.0,0.0,0.735331,0.662264,3140740.740741,2828656.453629,1.0,0.0,0.0,0.0
3130000.0,14.956544,2154.0,23.9,31.0,25.0,0.806452,1.0,2.0,0.0,2.0,0.083682,30.0,900.0,0.0,0.0,1.106532,0.99658,3140740.740741,2828656.453629,0.0,0.0,0.0,1.0
830000.0,13.629182,288.0,3.2,10.0,2.0,0.2,0.0,1.0,0.0,1.0,0.3125,24.0,576.0,1.0,0.0,0.293426,0.264269,3140740.740741,2828656.453629,0.0,1.0,0.0,0.0
2080000.0,14.547879,2831.0,31.5,36.0,34.0,0.944444,1.0,2.0,0.0,2.0,0.063492,21.0,441.0,0.0,1.0,0.735331,0.662264,3140740.740741,2828656.453629,0.0,0.0,0.0,1.0
2080000.0,14.547879,465.0,5.2,23.0,1.0,0.043478,0.0,0.0,0.0,0.0,0.0,32.0,1024.0,0.0,0.0,0.735331,0.662264,3140740.740741,2828656.453629,0.0,0.0,0.0,1.0
310000.0,12.644331,366.0,4.1,16.0,4.0,0.25,0.0,1.0,0.0,1.0,0.243902,22.0,484.0,0.0,1.0,0.109593,0.098703,3140740.740741,2828656.453629,0.0,0.0,0.0,1.0
16670000.0,16.629121,1674.0,18.6,25.0,20.0,0.8,1.0,6.0,0.0,6.0,0.322581,23.0,529.0,0.0,1.0,5.893257,5.307665,3140740.740741,2828656.453629,0.0,0.0,0.0,1.0
4170000.0,15.243427,1788.0,19.9,28.0,22.0,0.785714,1.0,4.0,0.0,4.0,0.201005,25.0,625.0,1.0,0.0,1.474198,1.327712,3140740.740741,2828656.453629,0.0,0.0,0.0,1.0
1040000.0,13.854732,1307.0,14.5,32.0,10.0,0.3125,0.0,6.0,0.0,6.0,0.413793,23.0,529.0,0.0,1.0,0.367666,0.331132,3140740.740741,2828656.453629,0.0,0.0,0.0,1.0
250000.0,12.42922,196.0,2.2,7.0,2.0,0.285714,0.0,0.0,0.0,0.0,0.0,18.0,324.0,0.0,1.0,0.088381,0.079599,3140740.740741,2828656.453629,0.0,0.0,0.0,1.0
380000.0,12.847929,936.0,10.4,26.0,12.0,0.461538,0.0,1.0,0.0,1.0,0.096154,22.0,484.0,0.0,1.0,0.134339,0.120991,3140740.740741,2828656.453629,0.0,0.0,0.0,1.0
8330000.0,15.935374,3330.0,37.0,37.0,37.0,1.0,1.0,0.0,13.0,13.0,0.351351,28.0,784.0,1.0,0.0,2.944861,2.652241,3140740.740741,2828656.453629,0.0,0.0,1.0,0.0
420000.0,12.948012,193.0,2.1,13.0,1.0,0.076923,0.0,1.0,0.0,1.0,0.47619,25.0,625.0,1.0,0.0,0.14848,0.133726,3140740.740741,2828656.453629,0.0,1.0,0.0,0.0
2400000.0,14.69098,513.0,5.7,7.0,6.0,0.857143,0.0,0.0,0.0,0.0,0.0,30.0,900.0,0.0,0.0,0.848459,0.764151,3140740.740741,2828656.453629,1.0,0.0,0.0,0.0
4270000.0,15.267125,2705.0,30.1,32.0,31.0,0.96875,1.0,0.0,0.0,0.0,0.0,35.0,1225.0,0.0,0.0,1.509551,1.359552,3140740.740741,2828656.453629,1.0,0.0,0.0,0.0
12500000.0,16.341239,1412.0,15.7,24.0,18.0,0.75,0.0,6.0,0.0,6.0,0.382166,27.0,729.0,1.0,0.0,5.966494,4.173623,2995000.0,2095032.57671,0.0,1.0,0.0,0.0
7290000.0,15.802014,1980.0,22.0,35.0,20.0,0.571429,1.0,13.0,0.0,13.0,0.590909,29.0,841.0,1.0,0.0,2.577195,1.108384,6577142.857143,2828656.453629,0.0,1.0,0.0,0.0
8330000.0,15.935374,1560.0,17.3,27.0,21.0,0.777778,1.0,2.0,0.0,2.0,0.115607,24.0,576.0,1.0,0.0,2.944861,1.266507,6577142.857143,2828656.453629,0.0,0.0,0.0,1.0
9380000.0,16.05409,1481.0,16.5,34.0,13.0,0.382353,0.0,7.0,0.0,7.0,0.424242,34.0,1156.0,0.0,0.0,3.316062,1.426151,6577142.857143,2828656.453629,0.0,1.0,0.0,0.0
7290000.0,15.802014,1391.0,15.5,19.0,17.0,0.894737,0.0,0.0,0.0,0.0,0.0,30.0,900.0,0.0,0.0,2.577195,1.108384,6577142.857143,2828656.453629,1.0,0.0,0.0,0.0
9613555.0,16.078685,1863.0,20.7,35.0,18.0,0.514286,1.0,3.0,0.0,3.0,0.144928,25.0,625.0,1.0,0.0,2.048781,1.747219,5502202.703704,4692329.188912,0.0,0.0,0.0,1.0
6670000.0,15.713131,2432.0,27.0,30.0,27.0,0.9,1.0,0.0,0.0,0.0,0.0,27.0,729.0,1.0,0.0,2.35801,1.014118,6577142.857143,2828656.453629,1.0,0.0,0.0,0.0
6480000.0,15.684231,1032.0,11.4,25.0,8.0,0.32,0.0,3.0,0.0,3.0,0.263158,25.0,625.0,1.0,0.0,3.093031,2.163606,2995000.0,2095032.57671,0.0,0.0,0.0,1.0
3750000.0,15.137267,2099.0,23.3,31.0,25.0,0.806452,1.0,4.0,0.0,4.0,0.171674,22.0,484.0,0.0,1.0,1.325718,0.570156,6577142.857143,2828656.453629,0.0,0.0,0.0,1.0
20830000.0,16.851905,2700.0,30.0,30.0,30.0,1.0,1.0,0.0,17.0,17.0,0.566667,32.0,1024.0,0.0,0.0,7.36392,3.167029,6577142.857143,2828656.453629,0.0,0.0,1.0,0.0
3130000.0,14.956544,1806.0,20.1,25.0,20.0,0.8,1.0,0.0,0.0,0.0,0.0,30.0,900.0,0.0,0.0,1.106532,2.210594,1415909.090909,2828656.453629,1.0,0.0,0.0,0.0
4170000.0,15.243427,887.0,9.9,15.0,12.0,0.8,0.0,0.0,0.0,0.0,0.0,23.0,529.0,0.0,1.0,1.474198,0.634014,6577142.857143,2828656.453629,0.0,0.0,0.0,1.0
6250000.0,15.648092,1178.0,13.1,16.0,13.0,0.8125,0.0,0.0,0.0,0.0,0.0,30.0,900.0,0.0,0.0,2.20953,0.950261,6577142.857143,2828656.453629,1.0,0.0,0.0,0.0
3330000.0,15.018483,720.0,8.0,8.0,8.0,1.0,0.0,0.0,4.0,4.0,0.5,31.0,961.0,0.0,0.0,1.177237,0.506299,6577142.857143,2828656.453629,0.0,0.0,1.0,0.0
12500000.0,16.341239,1895.0,21.1,29.0,22.0,0.758621,1.0,8.0,0.0,8.0,0.379147,25.0,625.0,1.0,0.0,4.419059,1.900521,6577142.857143,2828656.453629,0.0,1.0,0.0,0.0
6670000.0,15.713131,2219.0,24.7,34.0,24.0,0.705882,1.0,2.0,0.0,2.0,0.080972,33.0,1089.0,0.0,0.0,2.35801,1.014118,6577142.857143,2828656.453629,0.0,0.0,0.0,1.0
8330000.0,15.935374,2181.0,24.2,29.0,25.0,0.862069,1.0,0.0,0.0,0.0,0.0,30.0,900.0,0.0,0.0,2.944861,1.266507,6577142.857143,2828656.453629,1.0,0.0,0.0,0.0
1460000.0,14.193948,1381.0,15.3,19.0,15.0,0.789474,0.0,1.0,0.0,1.0,0.065359,22.0,484.0,0.0,1.0,0.516146,0.221981,6577142.857143,2828656.453629,1.0,0.0,0.0,0.0
2080000.0,14.547879,1774.0,19.7,26.0,20.0,0.769231,1.0,0.0,0.0,0.0,0.0,23.0,529.0,0.0,1.0,0.735331,0.316247,6577142.857143,2828656.453629,1.0,0.0,0.0,0.0
3750000.0,15.137267,1331.0,14.8,26.0,13.0,0.5,0.0,2.0,0.0,2.0,0.135135,27.0,729.0,1.0,0.0,1.325718,0.570156,6577142.857143,2828656.453629,1.0,0.0,0.0,0.0
7500000.0,15.830414,1467.0,16.3,26.0,18.0,0.692308,0.0,5.0,0.0,5.0,0.306748,27.0,729.0,1.0,0.0,2.651435,1.140313,6577142.857143,2828656.453629,0.0,0.0,0.0,1.0
830000.0,13.629182,740.0,8.2,12.0,8.0,0.666667,0.0,0.0,0.0,0.0,0.0,19.0,361.0,0.0,1.0,0.293426,0.126195,6577142.857143,2828656.453629,0.0,0.0,0.0,1.0
6250000.0,15.648092,1661.0,18.5,23.0,20.0,0.869565,1.0,1.0,0.0,1.0,0.054054,22.0,484.0,0.0,1.0,2.20953,0.950261,6577142.857143,2828656.453629,0.0,0.0,0.0,1.0
6250000.0,15.648092,1789.0,19.9,28.0,17.0,0.607143,1.0,1.0,0.0,1.0,0.050251,28.0,784.0,1.0,0.0,2.20953,0.950261,6577142.857143,2828656.453629,1.0,0.0,0.0,0.0
1670000.0,14.328335,1228.0,13.6,24.0,14.0,0.583333,0.0,1.0,0.0,1.0,0.073529,20.0,400.0,0.0,1.0,0.590386,1.559742,1070689.655172,2828656.453629,0.0,0.0,0.0,1.0
5210000.0,15.466091,1311.0,14.6,27.0,16.0,0.592593,0.0,3.0,0.0,3.0,0.205479,24.0,576.0,1.0,0.0,1.841864,0.792137,6577142.857143,2828656.453629,0.0,0.0,0.0,1.0
1670000.0,14.328335,1869.0,20.8,28.0,21.0,0.75,1.0,0.0,0.0,0.0,0.0,21.0,441.0,0.0,1.0,0.590386,0.180906,9231304.347826,2828656.453629,1.0,0.0,0.0,0.0
9000000.0,16.012735,409.0,4.5,13.0,3.0,0.230769,0.0,0.0,0.0,0.0,0.0,29.0,841.0,1.0,0.0,3.181723,0.974943,9231304.347826,2828656.453629,1.0,0.0,0.0,0.0
12500000.0,16.341239,2067.0,23.0,33.0,24.0,0.727273,1.0,7.0,0.0,7.0,0.304348,27.0,729.0,1.0,0.0,4.419059,1.354088,9231304.347826,2828656.453629,0.0,0.0,0.0,1.0
1820000.0,14.414348,774.0,8.6,16.0,8.0,0.5,0.0,1.0,0.0,1.0,0.116279,17.0,289.0,0.0,1.0,1.018594,0.234005,7777619.047619,1786777.246187,0.0,0.0,0.0,1.0
8000000.0,15.894952,2721.0,30.2,34.0,32.0,0.941176,1.0,1.0,0.0,1.0,0.033113,24.0,576.0,1.0,0.0,2.828198,0.866616,9231304.347826,2828656.453629,1.0,0.0,0.0,0.0
7290000.0,15.802014,1797.0,20.0,30.0,19.0,0.633333,1.0,6.0,0.0,6.0,0.3,22.0,484.0,0.0,1.0,2.577195,0.789704,9231304.347826,2828656.453629,0.0,0.0,0.0,1.0
10000000.0,16.118096,1965.0,21.8,33.0,23.0,0.69697,1.0,16.0,0.0,16.0,0.733945,25.0,625.0,1.0,0.0,3.535247,1.083271,9231304.347826,2828656.453629,0.0,1.0,0.0,0.0
19000000.0,16.75995,1636.0,18.2,25.0,16.0,0.64,1.0,1.0,0.0,1.0,0.054945,28.0,784.0,1.0,0.0,6.71697,2.058214,9231304.347826,2828656.453629,0.0,0.0,0.0,1.0
9380000.0,16.05409,573.0,6.4,11.0,7.0,0.636364,0.0,0.0,0.0,0.0,0.0,20.0,400.0,0.0,1.0,3.316062,1.016108,9231304.347826,2828656.453629,0.0,0.0,0.0,1.0
1560000.0,14.260197,2119.0,23.5,32.0,26.0,0.8125,1.0,0.0,0.0,0.0,0.0,23.0,529.0,0.0,1.0,0.551499,0.16899,9231304.347826,2828656.453629,1.0,0.0,0.0,0.0
6250000.0,15.648092,2700.0,30.0,30.0,30.0,1.0,1.0,0.0,27.0,27.0,0.9,24.0,576.0,1.0,0.0,2.20953,0.677044,9231304.347826,2828656.453629,0.0,0.0,1.0,0.0
8330000.0,15.935374,954.0,10.6,16.0,11.0,0.6875,0.0,2.0,0.0,2.0,0.188679,31.0,961.0,0.0,0.0,2.944861,0.902364,9231304.347826,2828656.453629,1.0,0.0,0.0,0.0
15630000.0,16.564703,2261.0,25.1,30.0,24.0,0.8,1.0,1.0,0.0,1.0,0.039841,26.0,676.0,1.0,0.0,5.525591,1.693152,9231304.347826,2828656.453629,1.0,0.0,0.0,0.0
16670000.0,16.629121,2262.0,25.1,28.0,26.0,0.928571,1.0,16.0,0.0,16.0,0.63745,18.0,324.0,0.0,1.0,5.893257,1.805812,9231304.347826,2828656.453629,0.0,0.0,0.0,1.0
1250000.0,14.038655,790.0,8.8,22.0,9.0,0.409091,0.0,2.0,0.0,2.0,0.227273,18.0,324.0,0.0,1.0,0.441906,0.135409,9231304.347826,2828656.453629,0.0,0.0,0.0,1.0
1250000.0,14.038655,989.0,11.0,24.0,10.0,0.416667,0.0,0.0,0.0,0.0,0.0,21.0,441.0,0.0,1.0,0.441906,0.135409,9231304.347826,2828656.453629,0.0,0.0,0.0,1.0
14000000.0,16.454568,1763.0,19.6,32.0,18.0,0.5625,1.0,8.0,0.0,8.0,0.408163,27.0,729.0,1.0,0.0,4.949346,1.516579,9231304.347826,2828656.453629,0.0,0.0,0.0,1.0
4000000.0,15.201805,2703.0,30.0,31.0,31.0,1.0,1.0,1.0,0.0,1.0,0.033333,18.0,324.0,0.0,1.0,1.414099,0.433308,9231304.347826,2828656.453629,1.0,0.0,0.0,0.0
12500000.0,16.341239,2104.0,23.4,29.0,23.0,0.793103,1.0,2.0,0.0,2.0,0.08547,22.0,484.0,0.0,1.0,4.419059,1.354088,9231304.347826,2828656.453629,0.0,0.0,0.0,1.0
16670000.0,16.629121,1380.0,15.3,22.0,18.0,0.818182,0.0,13.0,0.0,13.0,0.849673,28.0,784.0,1.0,0.0,5.893257,1.805812,9231304.347826,2828656.453629,0.0,0.0,0.0,1.0
20830000.0,16.851905,1664.0,18.5,31.0,17.0,0.548387,1.0,14.0,0.0,14.0,0.756757,36.0,1296.0,0.0,0.0,7.36392,2.256453,9231304.347826,2828656.453629,0.0,1.0,0.0,0.0
12500000.0,16.341239,1071.0,11.9,24.0,11.0,0.458333,0.0,3.0,0.0,3.0,0.252101,26.0,676.0,1.0,0.0,4.419059,1.354088,9231304.347826,2828656.453629,1.0,0.0,0.0,0.0
1040000.0,13.854732,648.0,7.2,21.0,7.0,0.333333,0.0,1.0,0.0,1.0,0.138889,19.0,361.0,0.0,1.0,0.367666,0.11266,9231304.347826,2828656.453629,0.0,0.0,0.0,1.0
3000000.0,14.914123,720.0,8.0,8.0,8.0,1.0,0.0,0.0,4.0,4.0,0.5,35.0,1225.0,0.0,0.0,1.060574,0.324981,9231304.347826,2828656.453629,0.0,0.0,1.0,0.0
2920000.0,14.887095,1900.0,21.1,35.0,21.0,0.6,1.0,14.0,0.0,14.0,0.663507,32.0,1024.0,0.0,0.0,1.032292,2.264952,1289210.791667,2828656.453629,0.0,1.0,0.0,0.0
940000.0,13.753636,610.0,6.8,8.0,6.0,0.75,0.0,0.0,0.0,0.0,0.0,24.0,576.0,1.0,0.0,0.332313,0.729128,1289210.791667,2828656.453629,1.0,0.0,0.0,0.0
1560000.0,14.260197,1491.0,16.6,19.0,17.0,0.894737,0.0,0.0,0.0,0.0,0.0,30.0,900.0,0.0,0.0,0.551499,1.210043,1289210.791667,2828656.453629,1.0,0.0,0.0,0.0
210000.0,12.254868,150.0,1.7,2.0,2.0,1.0,0.0,0.0,0.0,0.0,0.0,22.0,484.0,0.0,1.0,0.07424,0.16289,1289210.791667,2828656.453629,0.0,0.0,0.0,1.0
751059.0,13.529241,1405.0,15.6,26.0,15.0,0.576923,0.0,1.0,0.0,1.0,0.064103,21.0,441.0,0.0,1.0,0.265518,0.582573,1289210.791667,2828656.453629,0.0,0.0,0.0,1.0
2290000.0,14.644063,1652.0,18.4,30.0,21.0,0.7,1.0,9.0,0.0,9.0,0.48913,26.0,676.0,1.0,0.0,0.809572,1.776281,1289210.791667,2828656.453629,0.0,1.0,0.0,0.0
2500000.0,14.731802,1540.0,17.1,27.0,18.0,0.666667,1.0,1.0,0.0,1.0,0.05848,26.0,676.0,1.0,0.0,0.883812,1.326964,1884000.0,2828656.453629,0.0,0.0,0.0,1.0
940000.0,13.753636,1340.0,14.9,28.0,15.0,0.535714,0.0,4.0,0.0,4.0,0.268456,22.0,484.0,0.0,1.0,0.332313,0.729128,1289210.791667,2828656.453629,0.0,1.0,0.0,0.0
730000.0,13.500801,1338.0,14.9,20.0,16.0,0.8,0.0,0.0,0.0,0.0,0.0,21.0,441.0,0.0,1.0,0.258073,0.566238,1289210.791667,2828656.453629,0.0,0.0,0.0,1.0
2920000.0,14.887095,1140.0,12.7,32.0,11.0,0.34375,0.0,5.0,0.0,5.0,0.393701,37.0,1369.0,0.0,0.0,1.032292,2.264952,1289210.791667,2828656.453629,0.0,1.0,0.0,0.0
1350000.0,14.115616,2495.0,27.7,36.0,26.0,0.722222,1.0,2.0,0.0,2.0,0.072202,22.0,484.0,0.0,1.0,0.477258,1.047152,1289210.791667,2828656.453629,0.0,0.0,0.0,1.0
1880000.0,14.446783,3420.0,38.0,38.0,38.0,1.0,1.0,0.0,14.0,14.0,0.368421,28.0,784.0,1.0,0.0,0.664626,1.458256,1289210.791667,2828656.453629,0.0,0.0,1.0,0.0
830000.0,13.629182,2558.0,28.4,33.0,28.0,0.848485,1.0,0.0,0.0,0.0,0.0,22.0,484.0,0.0,1.0,0.293426,0.643805,1289210.791667,2828656.453629,1.0,0.0,0.0,0.0
830000.0,13.629182,1404.0,15.6,26.0,16.0,0.615385,0.0,2.0,0.0,2.0,0.128205,23.0,529.0,0.0,1.0,0.293426,0.643805,1289210.791667,2828656.453629,0.0,0.0,0.0,1.0
520000.0,13.161586,681.0,7.6,22.0,4.0,0.181818,0.0,2.0,0.0,2.0,0.263158,19.0,361.0,0.0,1.0,0.183833,0.403348,1289210.791667,2828656.453629,0.0,0.0,0.0,1.0
1560000.0,14.260197,639.0,7.1,8.0,7.0,0.875,0.0,0.0,0.0,0.0,0.0,29.0,841.0,1.0,0.0,0.551499,1.210043,1289210.791667,2828656.453629,1.0,0.0,0.0,0.0
1460000.0,14.193948,1975.0,21.9,25.0,24.0,0.96,1.0,0.0,0.0,0.0,0.0,25.0,625.0,1.0,0.0,0.516146,1.363607,1070689.655172,2828656.453629,1.0,0.0,0.0,0.0
250000.0,12.42922,758.0,8.4,14.0,9.0,0.642857,0.0,0.0,0.0,0.0,0.0,24.0,576.0,1.0,0.0,0.088381,0.193917,1289210.791667,2828656.453629,1.0,0.0,0.0,0.0
4170000.0,15.243427,2768.0,30.8,32.0,31.0,0.96875,1.0,1.0,0.0,1.0,0.032468,34.0,1156.0,0.0,0.0,1.474198,3.234537,1289210.791667,2828656.453629,1.0,0.0,0.0,0.0
2920000.0,14.887095,738.0,8.2,19.0,7.0,0.368421,0.0,0.0,0.0,0.0,0.0,33.0,1089.0,0.0,0.0,1.393773,1.157746,2522142.857143,2095032.57671,0.0,0.0,0.0,1.0
250000.0,12.42922,1311.0,14.6,19.0,14.0,0.736842,0.0,1.0,0.0,1.0,0.068493,22.0,484.0,0.0,1.0,0.088381,0.193917,1289210.791667,2828656.453629,0.0,0.0,0.0,1.0
1040000.0,13.854732,253.0,2.8,5.0,4.0,0.8,0.0,0.0,0.0,0.0,0.0,29.0,841.0,1.0,0.0,0.367666,0.806695,1289210.791667,2828656.453629,0.0,0.0,0.0,1.0
1040000.0,13.854732,1425.0,15.8,30.0,17.0,0.566667,0.0,2.0,0.0,2.0,0.126582,24.0,576.0,1.0,0.0,0.367666,0.806695,1289210.791667,2828656.453629,0.0,1.0,0.0,0.0
1150000.0,13.955273,1968.0,21.9,34.0,21.0,0.617647,1.0,1.0,0.0,1.0,0.045662,26.0,676.0,1.0,0.0,0.406553,0.892019,1289210.791667,2828656.453629,0.0,0.0,0.0,1.0
1350000.0,14.115616,2694.0,29.9,34.0,29.0,0.852941,1.0,2.0,0.0,2.0,0.06689,24.0,576.0,1.0,0.0,0.477258,1.047152,1289210.791667,2828656.453629,0.0,0.0,0.0,1.0
1150000.0,13.955273,1270.0,14.1,29.0,13.0,0.448276,0.0,5.0,0.0,5.0,0.35461,21.0,441.0,0.0,1.0,0.406553,0.892019,1289210.791667,2828656.453629,0.0,1.0,0.0,0.0
310000.0,12.644331,938.0,10.4,12.0,11.0,0.916667,0.0,0.0,0.0,0.0,0.0,21.0,441.0,0.0,1.0,0.109593,0.240457,1289210.791667,2828656.453629,1.0,0.0,0.0,0.0
210000.0,12.254868,104.0,1.2,7.0,0.0,0.0,0.0,1.0,0.0,1.0,0.833333,19.0,361.0,0.0,1.0,0.07424,0.196135,1070689.655172,2828656.453629,0.0,0.0,0.0,1.0
1560000.0,14.260197,1096.0,12.2,27.0,8.0,0.296296,0.0,1.0,0.0,1.0,0.081967,27.0,729.0,1.0,0.0,0.551499,1.457005,1070689.655172,2828656.453629,1.0,0.0,0.0,0.0
1250000.0,14.038655,3160.0,35.1,36.0,36.0,1.0,1.0,2.0,0.0,2.0,0.05698,29.0,841.0,1.0,0.0,0.441906,1.167472,1070689.655172,2828656.453629,0.0,0.0,0.0,1.0
100000.0,11.512935,123.0,1.4,2.0,2.0,1.0,0.0,0.0,0.0,0.0,0.0,19.0,361.0,0.0,1.0,0.035352,0.093398,1070689.655172,2828656.453629,0.0,0.0,0.0,1.0
4170000.0,15.243427,1849.0,20.5,31.0,22.0,0.709677,1.0,10.0,0.0,10.0,0.487805,29.0,841.0,1.0,0.0,1.474198,3.894686,1070689.655172,2828656.453629,0.0,1.0,0.0,0.0
420000.0,12.948012,102.0,1.1,4.0,1.0,0.25,0.0,0.0,0.0,0.0,0.0,27.0,729.0,1.0,0.0,0.14848,0.392271,1070689.655172,2828656.453629,1.0,0.0,0.0,0.0
310000.0,12.644331,538.0,6.0,12.0,8.0,0.666667,0.0,0.0,0.0,0.0,0.0,17.0,289.0,0.0,1.0,0.109593,0.289533,1070689.655172,2828656.453629,1.0,0.0,0.0,0.0
940000.0,13.753636,2949.0,32.8,36.0,33.0,0.916667,1.0,1.0,0.0,1.0,0.030488,24.0,576.0,1.0,0.0,0.332313,0.877939,1070689.655172,2828656.453629,1.0,0.0,0.0,0.0
1040000.0,13.854732,179.0,2.0,11.0,1.0,0.090909,0.0,0.0,0.0,0.0,0.0,22.0,484.0,0.0,1.0,0.367666,0.971337,1070689.655172,2828656.453629,0.0,0.0,0.0,1.0
830000.0,13.629182,2857.0,31.7,36.0,33.0,0.916667,1.0,4.0,0.0,4.0,0.126183,23.0,529.0,0.0,1.0,0.293426,0.775201,1070689.655172,2828656.453629,0.0,0.0,0.0,1.0
940000.0,13.753636,718.0,8.0,12.0,8.0,0.666667,0.0,1.0,0.0,1.0,0.125,27.0,729.0,1.0,0.0,0.332313,0.877939,1070689.655172,2828656.453629,0.0,0.0,0.0,1.0
1460000.0,14.193948,926.0,10.3,20.0,13.0,0.65,0.0,1.0,0.0,1.0,0.097087,27.0,729.0,1.0,0.0,0.516146,1.363607,1070689.655172,2828656.453629,0.0,0.0,0.0,1.0
1040000.0,13.854732,482.0,5.4,14.0,7.0,0.5,0.0,2.0,0.0,2.0,0.37037,18.0,324.0,0.0,1.0,0.367666,0.971337,1070689.655172,2828656.453629,1.0,0.0,0.0,0.0
2500000.0,14.731802,1440.0,16.0,16.0,16.0,1.0,0.0,0.0,3.0,3.0,0.1875,26.0,676.0,1.0,0.0,0.883812,2.334944,1070689.655172,2828656.453629,0.0,0.0,1.0,0.0
520000.0,13.161586,665.0,7.4,21.0,6.0,0.285714,0.0,1.0,0.0,1.0,0.135135,24.0,576.0,1.0,0.0,0.183833,0.485668,1070689.655172,2828656.453629,1.0,0.0,0.0,0.0
420000.0,12.948012,565.0,6.3,19.0,4.0,0.210526,0.0,0.0,0.0,0.0,0.0,35.0,1225.0,0.0,0.0,0.14848,0.392271,1070689.655172,2828656.453629,0.0,0.0,0.0,1.0
1040000.0,13.854732,1572.0,17.5,32.0,18.0,0.5625,1.0,0.0,0.0,0.0,0.0,28.0,784.0,1.0,0.0,0.367666,0.971337,1070689.655172,2828656.453629,1.0,0.0,0.0,0.0
630000.0,13.353477,402.0,4.5,10.0,4.0,0.4,0.0,1.0,0.0,1.0,0.222222,22.0,484.0,0.0,1.0,0.222721,0.588406,1070689.655172,2828656.453629,0.0,0.0,0.0,1.0
830000.0,13.629182,2201.0,24.5,34.0,24.0,0.705882,1.0,7.0,0.0,7.0,0.285714,21.0,441.0,0.0,1.0,0.293426,0.775201,1070689.655172,2828656.453629,0.0,1.0,0.0,0.0
730000.0,13.500801,2500.0,27.8,35.0,30.0,0.857143,1.0,1.0,0.0,1.0,0.035971,25.0,625.0,1.0,0.0,0.258073,0.681804,1070689.655172,2828656.453629,0.0,0.0,0.0,1.0
940000.0,13.753636,1347.0,15.0,25.0,15.0,0.6,0.0,2.0,0.0,2.0,0.133333,22.0,484.0,0.0,1.0,0.332313,0.877939,1070689.655172,2828656.453629,0.0,0.0,0.0,1.0
630000.0,13.353477,1980.0,22.0,22.0,22.0,1.0,1.0,0.0,7.0,7.0,0.318182,38.0,1444.0,0.0,0.0,0.222721,0.588406,1070689.655172,2828656.453629,0.0,0.0,1.0,0.0
940000.0,13.753636,2063.0,22.9,28.0,25.0,0.892857,1.0,1.0,0.0,1.0,0.043668,34.0,1156.0,0.0,0.0,0.332313,0.877939,1070689.655172,2828656.453629,1.0,0.0,0.0,0.0
2080000.0,14.547879,1803.0,20.0,27.0,21.0,0.777778,1.0,8.0,0.0,8.0,0.4,28.0,784.0,1.0,0.0,0.735331,1.942673,1070689.655172,2828656.453629,0.0,1.0,0.0,0.0
1250000.0,14.038655,1788.0,19.8,29.0,20.0,0.689655,1.0,1.0,0.0,1.0,0.050505,28.0,784.0,1.0,0.0,0.441906,1.167472,1070689.655172,2828656.453629,0.0,0.0,0.0,1.0
830000.0,13.629182,2166.0,24.1,31.0,22.0,0.709677,1.0,1.0,0.0,1.0,0.041494,25.0,625.0,1.0,0.0,0.293426,0.775201,1070689.655172,2828656.453629,1.0,0.0,0.0,0.0
310000.0,12.644331,281.0,3.1,9.0,3.0,0.333333,0.0,0.0,0.0,0.0,0.0,22.0,484.0,0.0,1.0,0.109593,0.289533,1070689.655172,2828656.453629,0.0,0.0,0.0,1.0
730000.0,13.500801,289.0,3.2,13.0,3.0,0.230769,0.0,0.0,0.0,0.0,0.0,22.0,484.0,0.0,1.0,0.258073,0.653731,1116666.666667,2828656.453629,0.0,0.0,0.0,1.0
940000.0,13.753636,3191.0,35.5,36.0,36.0,1.0,1.0,6.0,0.0,6.0,0.169014,23.0,529.0,0.0,1.0,0.332313,0.841791,1116666.666667,2828656.453629,1.0,0.0,0.0,0.0
1460000.0,14.193948,707.0,7.9,24.0,4.0,0.166667,0.0,1.0,0.0,1.0,0.126582,28.0,784.0,1.0,0.0,0.516146,1.307463,1116666.666667,2828656.453629,0.0,0.0,0.0,1.0
830000.0,13.629182,1396.0,15.5,20.0,16.0,0.8,0.0,0.0,0.0,0.0,0.0,22.0,484.0,0.0,1.0,0.293426,0.743284,1116666.666667,2828656.453629,1.0,0.0,0.0,0.0
1250000.0,14.038655,1418.0,15.7,29.0,17.0,0.586207,0.0,1.0,0.0,1.0,0.063694,25.0,625.0,1.0,0.0,0.596649,0.740584,1687857.142857,2095032.57671,0.0,1.0,0.0,0.0
1880000.0,14.446783,2523.0,28.0,36.0,32.0,0.888889,1.0,1.0,0.0,1.0,0.035714,28.0,784.0,1.0,0.0,0.664626,1.683582,1116666.666667,2828656.453629,0.0,0.0,0.0,1.0
1250000.0,14.038655,2148.0,23.9,28.0,24.0,0.857143,1.0,0.0,0.0,0.0,0.0,29.0,841.0,1.0,0.0,0.441906,1.119403,1116666.666667,2828656.453629,1.0,0.0,0.0,0.0
210000.0,12.254868,90.0,1.0,1.0,1.0,1.0,0.0,0.0,0.0,0.0,0.0,23.0,529.0,0.0,1.0,0.07424,0.18806,1116666.666667,2828656.453629,0.0,0.0,1.0,0.0
2080000.0,14.547879,674.0,7.5,10.0,8.0,0.8,0.0,2.0,0.0,2.0,0.266667,27.0,729.0,1.0,0.0,0.735331,1.862687,1116666.666667,2828656.453629,0.0,0.0,0.0,1.0
1040000.0,13.854732,930.0,10.3,26.0,9.0,0.346154,0.0,1.0,0.0,1.0,0.097087,24.0,576.0,1.0,0.0,0.367666,0.931343,1116666.666667,2828656.453629,0.0,0.0,0.0,1.0
830000.0,13.629182,257.0,2.9,11.0,2.0,0.181818,0.0,0.0,0.0,0.0,0.0,24.0,576.0,1.0,0.0,0.293426,0.743284,1116666.666667,2828656.453629,1.0,0.0,0.0,0.0
1040000.0,13.854732,3330.0,37.0,37.0,37.0,1.0,1.0,3.0,0.0,3.0,0.081081,34.0,1156.0,0.0,0.0,0.367666,0.931343,1116666.666667,2828656.453629,1.0,0.0,0.0,0.0
630000.0,13.353477,617.0,6.9,19.0,3.0,0.157895,0.0,3.0,0.0,3.0,0.434783,20.0,400.0,0.0,1.0,0.35259,0.460503,1368069.793103,1786777.246187,0.0,0.0,0.0,1.0
1250000.0,14.038655,3330.0,37.0,37.0,37.0,1.0,1.0,0.0,12.0,12.0,0.324324,33.0,1089.0,0.0,0.0,0.441906,1.119403,1116666.666667,2828656.453629,0.0,0.0,1.0,0.0
1040000.0,13.854732,206.0,2.3,12.0,1.0,0.083333,0.0,1.0,0.0,1.0,0.434783,27.0,729.0,1.0,0.0,0.367666,0.931343,1116666.666667,2828656.453629,1.0,0.0,0.0,0.0
940000.0,13.753636,2826.0,31.4,36.0,32.0,0.888889,1.0,0.0,0.0,0.0,0.0,21.0,441.0,0.0,1.0,0.332313,0.841791,1116666.666667,2828656.453629,1.0,0.0,0.0,0.0
1250000.0,14.038655,1973.0,21.9,33.0,24.0,0.727273,1.0,7.0,0.0,7.0,0.319635,32.0,1024.0,0.0,0.0,0.441906,1.119403,1116666.666667,2828656.453629,0.0,0.0,0.0,1.0
1150000.0,13.955273,2157.0,24.0,33.0,28.0,0.848485,1.0,2.0,0.0,2.0,0.083333,25.0,625.0,1.0,0.0,0.406553,1.029851,1116666.666667,2828656.453629,0.0,0.0,0.0,1.0
630000.0,13.353477,1030.0,11.4,29.0,12.0,0.413793,0.0,1.0,0.0,1.0,0.087719,24.0,576.0,1.0,0.0,0.222721,0.564179,1116666.666667,2828656.453629,0.0,0.0,0.0,1.0
1250000.0,14.038655,2382.0,26.5,38.0,25.0,0.657895,1.0,7.0,0.0,7.0,0.264151,23.0,529.0,0.0,1.0,0.441906,1.119403,1116666.666667,2828656.453629,0.0,1.0,0.0,0.0
730000.0,13.500801,812.0,9.0,21.0,8.0,0.380952,0.0,0.0,0.0,0.0,0.0,24.0,576.0,1.0,0.0,0.258073,0.653731,1116666.666667,2828656.453629,1.0,0.0,0.0,0.0
1460000.0,14.193948,2415.0,26.8,36.0,28.0,0.777778,1.0,2.0,0.0,2.0,0.074627,23.0,529.0,0.0,1.0,0.516146,1.307463,1116666.666667,2828656.453629,0.0,0.0,0.0,1.0
1460000.0,14.193948,2634.0,29.2,36.0,28.0,0.777778,1.0,0.0,0.0,0.0,0.0,24.0,576.0,1.0,0.0,0.516146,1.307463,1116666.666667,2828656.453629,0.0,0.0,0.0,1.0
2500000.0,14.731802,1437.0,16.0,23.0,17.0,0.73913,0.0,0.0,0.0,0.0,0.0,26.0,676.0,1.0,0.0,0.883812,1.712653,1459723.777778,2828656.453629,1.0,0.0,0.0,0.0
520000.0,13.161586,256.0,2.8,12.0,1.0,0.083333,0.0,0.0,0.0,0.0,0.0,22.0,484.0,0.0,1.0,0.183833,0.356232,1459723.777778,2828656.453629,0.0,0.0,0.0,1.0
310000.0,12.644331,1702.0,18.9,28.0,21.0,0.75,1.0,3.0,0.0,3.0,0.15873,20.0,400.0,0.0,1.0,0.109593,0.212369,1459723.777778,2828656.453629,0.0,1.0,0.0,0.0
630000.0,13.353477,523.0,5.8,15.0,7.0,0.466667,0.0,0.0,0.0,0.0,0.0,37.0,1369.0,0.0,0.0,0.222721,0.431589,1459723.777778,2828656.453629,1.0,0.0,0.0,0.0
4790000.0,15.382041,1058.0,11.8,16.0,12.0,0.75,0.0,4.0,0.0,4.0,0.338983,28.0,784.0,1.0,0.0,1.693383,3.281443,1459723.777778,2828656.453629,0.0,1.0,0.0,0.0
1802542.0,14.404709,443.0,4.9,17.0,3.0,0.176471,0.0,1.0,0.0,1.0,0.204082,22.0,484.0,0.0,1.0,0.637243,1.234851,1459723.777778,2828656.453629,0.0,1.0,0.0,0.0
420000.0,12.948012,348.0,3.9,14.0,2.0,0.142857,0.0,0.0,0.0,0.0,0.0,23.0,529.0,0.0,1.0,0.14848,0.287726,1459723.777778,2828656.453629,0.0,0.0,0.0,1.0
2500000.0,14.731802,3420.0,38.0,38.0,38.0,1.0,1.0,0.0,15.0,15.0,0.394737,32.0,1024.0,0.0,0.0,0.883812,1.712653,1459723.777778,2828656.453629,0.0,0.0,1.0,0.0
310000.0,12.644331,700.0,7.8,14.0,7.0,0.5,0.0,0.0,0.0,0.0,0.0,17.0,289.0,0.0,1.0,0.109593,0.212369,1459723.777778,2828656.453629,1.0,0.0,0.0,0.0
2080000.0,14.547879,1758.0,19.5,28.0,18.0,0.642857,1.0,0.0,0.0,0.0,0.0,32.0,1024.0,0.0,0.0,0.735331,1.424927,1459723.777778,2828656.453629,1.0,0.0,0.0,0.0
3130000.0,14.956544,2578.0,28.6,34.0,32.0,0.941176,1.0,0.0,0.0,0.0,0.0,33.0,1089.0,0.0,0.0,1.106532,2.144241,1459723.777778,2828656.453629,1.0,0.0,0.0,0.0
1250000.0,14.038655,2923.0,32.5,34.0,34.0,1.0,1.0,1.0,0.0,1.0,0.030769,30.0,900.0,0.0,0.0,0.441906,0.856326,1459723.777778,2828656.453629,1.0,0.0,0.0,0.0
830000.0,13.629182,3185.0,35.4,37.0,36.0,0.972973,1.0,1.0,0.0,1.0,0.028249,27.0,729.0,1.0,0.0,0.293426,0.568601,1459723.777778,2828656.453629,1.0,0.0,0.0,0.0
420000.0,12.948012,122.0,1.4,4.0,1.0,0.25,0.0,0.0,0.0,0.0,0.0,20.0,400.0,0.0,1.0,0.14848,0.287726,1459723.777778,2828656.453629,1.0,0.0,0.0,0.0
1670000.0,14.328335,551.0,6.1,17.0,4.0,0.235294,0.0,0.0,0.0,0.0,0.0,30.0,900.0,0.0,0.0,0.590386,1.144052,1459723.777778,2828656.453629,0.0,0.0,0.0,1.0
2500000.0,14.731802,179.0,2.0,8.0,0.0,0.0,0.0,1.0,0.0,1.0,0.5,32.0,1024.0,0.0,0.0,0.883812,1.712653,1459723.777778,2828656.453629,0.0,1.0,0.0,0.0
1250000.0,14.038655,2008.0,22.3,28.0,25.0,0.892857,1.0,1.0,0.0,1.0,0.044843,34.0,1156.0,0.0,0.0,0.441906,0.856326,1459723.777778,2828656.453629,1.0,0.0,0.0,0.0
1040000.0,13.854732,708.0,7.9,18.0,5.0,0.277778,0.0,0.0,0.0,0.0,0.0,28.0,784.0,1.0,0.0,0.367666,0.712464,1459723.777778,2828656.453629,0.0,0.0,0.0,1.0
2080000.0,14.547879,3271.0,36.3,37.0,37.0,1.0,1.0,1.0,0.0,1.0,0.027548,30.0,900.0,0.0,0.0,0.735331,1.424927,1459723.777778,2828656.453629,0.0,0.0,0.0,1.0
520000.0,13.161586,1194.0,13.3,17.0,14.0,0.823529,0.0,3.0,0.0,3.0,0.225564,24.0,576.0,1.0,0.0,0.183833,0.356232,1459723.777778,2828656.453629,0.0,1.0,0.0,0.0
520000.0,13.161586,2125.0,23.6,35.0,26.0,0.742857,1.0,2.0,0.0,2.0,0.084746,21.0,441.0,0.0,1.0,0.183833,0.356232,1459723.777778,2828656.453629,0.0,0.0,0.0,1.0
940000.0,13.753636,2295.0,25.5,29.0,26.0,0.896552,1.0,8.0,0.0,8.0,0.313725,24.0,576.0,1.0,0.0,0.332313,0.643957,1459723.777778,2828656.453629,0.0,1.0,0.0,0.0
3750000.0,15.137267,3249.0,36.1,37.0,37.0,1.0,1.0,6.0,0.0,6.0,0.166205,29.0,841.0,1.0,0.0,1.325718,2.568979,1459723.777778,2828656.453629,0.0,0.0,0.0,1.0
520000.0,13.161586,380.0,4.2,11.0,4.0,0.363636,0.0,0.0,0.0,0.0,0.0,21.0,441.0,0.0,1.0,0.183833,0.356232,1459723.777778,2828656.453629,1.0,0.0,0.0,0.0
630000.0,13.353477,142.0,1.6,6.0,1.0,0.166667,0.0,0.0,0.0,0.0,0.0,27.0,729.0,1.0,0.0,0.222721,0.431589,1459723.777778,2828656.453629,0.0,1.0,0.0,0.0
2080000.0,14.547879,67.0,0.7,5.0,0.0,0.0,0.0,0.0,0.0,0.0,0.0,28.0,784.0,1.0,0.0,0.735331,1.424927,1459723.777778,2828656.453629,0.0,0.0,0.0,1.0
420000.0,12.948012,1349.0,15.0,15.0,15.0,1.0,0.0,1.0,0.0,1.0,0.066667,25.0,625.0,1.0,0.0,0.14848,0.287726,1459723.777778,2828656.453629,1.0,0.0,0.0,0.0
2080000.0,14.547879,187.0,2.1,9.0,0.0,0.0,0.0,0.0,0.0,0.0,0.0,25.0,625.0,1.0,0.0,0.735331,1.104034,1884000.0,2828656.453629,0.0,1.0,0.0,0.0
730000.0,13.500801,1116.0,12.4,24.0,11.0,0.458333,0.0,0.0,0.0,0.0,0.0,22.0,484.0,0.0,1.0,0.258073,0.387473,1884000.0,2828656.453629,1.0,0.0,0.0,0.0
1250000.0,14.038655,2666.0,29.6,35.0,33.0,0.942857,1.0,2.0,0.0,2.0,0.067568,22.0,484.0,0.0,1.0,0.441906,0.663482,1884000.0,2828656.453629,1.0,0.0,0.0,0.0
2500000.0,14.731802,2526.0,28.1,32.0,30.0,0.9375,1.0,1.0,0.0,1.0,0.035587,36.0,1296.0,0.0,0.0,0.883812,1.326964,1884000.0,2828656.453629,0.0,0.0,0.0,1.0
2500000.0,14.731802,1760.0,19.6,24.0,20.0,0.833333,1.0,5.0,0.0,5.0,0.255102,25.0,625.0,1.0,0.0,0.883812,1.326964,1884000.0,2828656.453629,0.0,0.0,0.0,1.0
2920000.0,14.887095,1578.0,17.5,29.0,20.0,0.689655,1.0,0.0,0.0,0.0,0.0,24.0,576.0,1.0,0.0,1.032292,1.549894,1884000.0,2828656.453629,0.0,0.0,0.0,1.0
1250000.0,14.038655,412.0,4.6,21.0,1.0,0.047619,0.0,5.0,0.0,5.0,1.086957,38.0,1444.0,0.0,0.0,0.441906,0.663482,1884000.0,2828656.453629,0.0,1.0,0.0,0.0
3330000.0,15.018483,2606.0,29.0,31.0,30.0,0.967742,1.0,0.0,0.0,0.0,0.0,35.0,1225.0,0.0,0.0,1.177237,1.767516,1884000.0,2828656.453629,1.0,0.0,0.0,0.0
3750000.0,15.137267,293.0,3.3,6.0,3.0,0.5,0.0,0.0,0.0,0.0,0.0,35.0,1225.0,0.0,0.0,1.325718,1.990446,1884000.0,2828656.453629,1.0,0.0,0.0,0.0
3130000.0,14.956544,41.0,0.5,2.0,1.0,0.5,0.0,0.0,0.0,0.0,0.0,28.0,784.0,1.0,0.0,1.106532,1.661359,1884000.0,2828656.453629,0.0,0.0,0.0,1.0
520000.0,13.161586,1750.0,19.4,33.0,16.0,0.484848,1.0,1.0,0.0,1.0,0.051546,22.0,484.0,0.0,1.0,0.183833,0.276008,1884000.0,2828656.453629,1.0,0.0,0.0,0.0
2290000.0,14.644063,2532.0,28.1,35.0,29.0,0.828571,1.0,0.0,0.0,0.0,0.0,26.0,676.0,1.0,0.0,0.809572,1.215499,1884000.0,2828656.453629,0.0,0.0,0.0,1.0
310000.0,12.644331,380.0,4.2,12.0,3.0,0.25,0.0,0.0,0.0,0.0,0.0,20.0,400.0,0.0,1.0,0.109593,0.164544,1884000.0,2828656.453629,0.0,0.0,0.0,1.0
420000.0,12.948012,1473.0,16.4,32.0,16.0,0.5,0.0,3.0,0.0,3.0,0.182927,20.0,400.0,0.0,1.0,0.14848,0.22293,1884000.0,2828656.453629,0.0,0.0,0.0,1.0
2920000.0,14.887095,2559.0,28.4,31.0,28.0,0.903226,1.0,0.0,0.0,0.0,0.0,32.0,1024.0,0.0,0.0,1.032292,1.549894,1884000.0,2828656.453629,1.0,0.0,0.0,0.0
1040000.0,13.854732,180.0,2.0,2.0,2.0,1.0,0.0,0.0,0.0,0.0,0.0,33.0,1089.0,0.0,0.0,0.367666,0.552017,1884000.0,2828656.453629,0.0,0.0,1.0,0.0
1560000.0,14.260197,3102.0,34.5,35.0,35.0,1.0,1.0,0.0,9.0,9.0,0.26087,33.0,1089.0,0.0,0.0,0.551499,0.828025,1884000.0,2828656.453629,0.0,0.0,1.0,0.0
1880000.0,14.446783,474.0,5.3,10.0,4.0,0.4,0.0,0.0,0.0,0.0,0.0,33.0,1089.0,0.0,0.0,0.664626,0.997877,1884000.0,2828656.453629,0.0,1.0,0.0,0.0
1630000.0,14.304091,1258.0,14.0,27.0,14.0,0.518519,0.0,3.0,0.0,3.0,0.214286,29.0,841.0,1.0,0.0,0.576245,0.86518,1884000.0,2828656.453629,0.0,0.0,0.0,1.0
2710000.0,14.81246,2630.0,29.2,32.0,31.0,0.96875,1.0,6.0,0.0,6.0,0.205479,27.0,729.0,1.0,0.0,0.958052,1.438429,1884000.0,2828656.453629,0.0,0.0,0.0,1.0
2400000.0,14.69098,3138.0,34.9,36.0,35.0,0.972222,1.0,1.0,0.0,1.0,0.028653,19.0,361.0,0.0,1.0,0.848459,1.273885,1884000.0,2828656.453629,1.0,0.0,0.0,0.0
250000.0,12.42922,136.0,1.5,2.0,1.0,0.5,0.0,0.0,0.0,0.0,0.0,20.0,400.0,0.0,1.0,0.088381,0.132696,1884000.0,2828656.453629,0.0,0.0,1.0,0.0
2710000.0,14.81246,1942.0,21.6,27.0,27.0,1.0,1.0,9.0,0.0,9.0,0.416667,23.0,529.0,0.0,1.0,0.958052,1.438429,1884000.0,2828656.453629,0.0,1.0,0.0,0.0
4170000.0,15.243427,636.0,7.0,14.0,8.0,0.571429,0.0,0.0,0.0,0.0,0.0,27.0,729.0,1.0,0.0,1.474198,1.657291,2516153.846154,2828656.453629,0.0,0.0,0.0,1.0
730000.0,13.500801,2711.0,30.1,33.0,30.0,0.909091,1.0,3.0,0.0,3.0,0.099668,26.0,676.0,1.0,0.0,0.258073,0.795901,917200.0,2828656.453629,1.0,0.0,0.0,0.0
1040000.0,13.854732,947.0,10.5,19.0,10.0,0.526316,0.0,1.0,0.0,1.0,0.095238,20.0,400.0,0.0,1.0,0.367666,1.133886,917200.0,2828656.453629,1.0,0.0,0.0,0.0
420000.0,12.948012,1343.0,14.9,25.0,13.0,0.52,0.0,11.0,0.0,11.0,0.738255,20.0,400.0,0.0,1.0,0.14848,0.457915,917200.0,2828656.453629,0.0,1.0,0.0,0.0
520000.0,13.161586,1890.0,21.0,30.0,23.0,0.766667,1.0,3.0,0.0,3.0,0.142857,21.0,441.0,0.0,1.0,0.183833,0.566943,917200.0,2828656.453629,0.0,0.0,0.0,1.0
730000.0,13.500801,534.0,5.9,8.0,6.0,0.75,0.0,0.0,0.0,0.0,0.0,25.0,625.0,1.0,0.0,0.258073,0.795901,917200.0,2828656.453629,1.0,0.0,0.0,0.0
730000.0,13.500801,915.0,10.1,24.0,9.0,0.375,0.0,3.0,0.0,3.0,0.29703,25.0,625.0,1.0,0.0,0.408557,1.017928,717142.857143,1786777.246187,0.0,1.0,0.0,0.0
1040000.0,13.854732,902.0,10.0,23.0,10.0,0.434783,0.0,3.0,0.0,3.0,0.3,23.0,529.0,0.0,1.0,0.367666,1.133886,917200.0,2828656.453629,0.0,0.0,0.0,1.0
1250000.0,14.038655,2259.0,25.1,32.0,28.0,0.875,1.0,7.0,0.0,7.0,0.278884,24.0,576.0,1.0,0.0,0.441906,1.362843,917200.0,2828656.453629,0.0,1.0,0.0,0.0
1670000.0,14.328335,3164.0,35.2,37.0,37.0,1.0,1.0,1.0,0.0,1.0,0.028409,30.0,900.0,0.0,0.0,0.590386,1.820759,917200.0,2828656.453629,1.0,0.0,0.0,0.0
160000.0,11.982935,362.0,4.0,5.0,4.0,0.8,0.0,0.0,0.0,0.0,0.0,21.0,441.0,0.0,1.0,0.056564,0.174444,917200.0,2828656.453629,1.0,0.0,0.0,0.0
1250000.0,14.038655,363.0,4.0,20.0,1.0,0.05,0.0,1.0,0.0,1.0,0.25,38.0,1444.0,0.0,0.0,0.441906,1.362843,917200.0,2828656.453629,0.0,0.0,0.0,1.0
420000.0,12.948012,1133.0,12.6,21.0,17.0,0.809524,0.0,0.0,0.0,0.0,0.0,19.0,361.0,0.0,1.0,0.14848,0.457915,917200.0,2828656.453629,0.0,0.0,0.0,1.0
1040000.0,13.854732,1672.0,18.5,33.0,18.0,0.545455,1.0,7.0,0.0,7.0,0.378378,21.0,441.0,0.0,1.0,0.367666,1.133886,917200.0,2828656.453629,0.0,1.0,0.0,0.0
1040000.0,13.854732,1532.0,17.0,27.0,16.0,0.592593,1.0,3.0,0.0,3.0,0.176471,27.0,729.0,1.0,0.0,0.367666,1.133886,917200.0,2828656.453629,0.0,0.0,0.0,1.0
1250000.0,14.038655,2814.0,31.3,33.0,31.0,0.939394,1.0,1.0,0.0,1.0,0.031949,24.0,576.0,1.0,0.0,0.441906,1.362843,917200.0,2828656.453629,1.0,0.0,0.0,0.0
1670000.0,14.328335,3240.0,36.0,36.0,36.0,1.0,1.0,0.0,11.0,11.0,0.305556,33.0,1089.0,0.0,0.0,0.590386,1.820759,917200.0,2828656.453629,0.0,0.0,1.0,0.0
830000.0,13.629182,2252.0,25.0,28.0,27.0,0.964286,1.0,0.0,0.0,0.0,0.0,21.0,441.0,0.0,1.0,0.293426,0.904928,917200.0,2828656.453629,1.0,0.0,0.0,0.0
1250000.0,14.038655,1734.0,19.3,33.0,18.0,0.545455,1.0,1.0,0.0,1.0,0.051813,24.0,576.0,1.0,0.0,0.441906,1.362843,917200.0,2828656.453629,0.0,0.0,0.0,1.0
1250000.0,14.038655,1319.0,14.7,20.0,14.0,0.7,0.0,0.0,0.0,0.0,0.0,27.0,729.0,1.0,0.0,0.441906,1.362843,917200.0,2828656.453629,0.0,0.0,0.0,1.0
1040000.0,13.854732,1857.0,20.6,27.0,21.0,0.777778,1.0,1.0,0.0,1.0,0.048544,27.0,729.0,1.0,0.0,0.367666,1.133886,917200.0,2828656.453629,0.0,0.0,0.0,1.0
210000.0,12.254868,472.0,5.2,12.0,4.0,0.333333,0.0,0.0,0.0,0.0,0.0,17.0,289.0,0.0,1.0,0.07424,0.228958,917200.0,2828656.453629,0.0,0.0,0.0,1.0
380000.0,12.847929,93.0,1.0,7.0,0.0,0.0,0.0,0.0,0.0,0.0,0.0,21.0,441.0,0.0,1.0,0.134339,0.414304,917200.0,2828656.453629,0.0,0.0,0.0,1.0
310000.0,12.644331,709.0,7.8,17.0,8.0,0.470588,0.0,0.0,0.0,0.0,0.0,22.0,484.0,0.0,1.0,0.109593,0.337985,917200.0,2828656.453629,0.0,0.0,0.0,1.0
1040000.0,13.854732,958.0,10.6,12.0,11.0,0.916667,0.0,1.0,0.0,1.0,0.09434,32.0,1024.0,0.0,0.0,0.367666,1.133886,917200.0,2828656.453629,1.0,0.0,0.0,0.0
1560000.0,14.260197,812.0,9.0,16.0,11.0,0.6875,0.0,0.0,0.0,0.0,0.0,24.0,576.0,1.0,0.0,0.551499,1.700829,917200.0,2828656.453629,0.0,0.0,0.0,1.0
830000.0,13.629182,1040.0,11.6,21.0,12.0,0.571429,0.0,2.0,0.0,2.0,0.172414,27.0,729.0,1.0,0.0,0.293426,0.904928,917200.0,2828656.453629,0.0,0.0,0.0,1.0
730000.0,13.500801,143.0,1.6,15.0,0.0,0.0,0.0,0.0,0.0,0.0,0.0,32.0,1024.0,0.0,0.0,0.258073,0.541667,1347692.307692,2828656.453629,0.0,1.0,0.0,0.0
1880000.0,14.446783,2070.0,23.0,24.0,23.0,0.958333,1.0,0.0,0.0,0.0,0.0,33.0,1089.0,0.0,0.0,0.664626,1.394977,1347692.307692,2828656.453629,1.0,0.0,0.0,0.0
1460000.0,14.193948,1073.0,11.9,30.0,9.0,0.3,0.0,0.0,0.0,0.0,0.0,28.0,784.0,1.0,0.0,0.516146,1.083333,1347692.307692,2828656.453629,0.0,0.0,0.0,1.0
520000.0,13.161586,68.0,0.8,2.0,0.0,0.0,0.0,0.0,0.0,0.0,0.0,37.0,1369.0,0.0,0.0,0.183833,0.385845,1347692.307692,2828656.453629,0.0,1.0,0.0,0.0
250000.0,12.42922,837.0,9.3,14.0,9.0,0.642857,0.0,0.0,0.0,0.0,0.0,22.0,484.0,0.0,1.0,0.088381,0.185502,1347692.307692,2828656.453629,1.0,0.0,0.0,0.0
210000.0,12.254868,17.0,0.2,2.0,0.0,0.0,0.0,0.0,0.0,0.0,0.0,19.0,361.0,0.0,1.0,0.07424,0.155822,1347692.307692,2828656.453629,0.0,0.0,0.0,1.0
630000.0,13.353477,1792.0,19.9,31.0,19.0,0.612903,1.0,2.0,0.0,2.0,0.100503,19.0,361.0,0.0,1.0,0.222721,0.467466,1347692.307692,2828656.453629,0.0,0.0,0.0,1.0
270000.0,12.506181,187.0,2.1,16.0,1.0,0.0625,0.0,0.0,0.0,0.0,0.0,22.0,484.0,0.0,1.0,0.095452,0.200342,1347692.307692,2828656.453629,0.0,0.0,0.0,1.0
1880000.0,14.446783,2724.0,30.3,35.0,30.0,0.857143,1.0,0.0,0.0,0.0,0.0,32.0,1024.0,0.0,0.0,0.664626,1.394977,1347692.307692,2828656.453629,1.0,0.0,0.0,0.0
310000.0,12.644331,305.0,3.4,7.0,4.0,0.571429,0.0,0.0,0.0,0.0,0.0,20.0,400.0,0.0,1.0,0.173497,0.432271,717142.857143,1786777.246187,0.0,1.0,0.0,0.0
1250000.0,14.038655,2970.0,33.0,33.0,33.0,1.0,1.0,0.0,10.0,10.0,0.30303,25.0,625.0,1.0,0.0,0.441906,0.927511,1347692.307692,2828656.453629,0.0,0.0,1.0,0.0
310000.0,12.644331,450.0,5.0,5.0,5.0,1.0,0.0,0.0,1.0,1.0,0.2,22.0,484.0,0.0,1.0,0.109593,0.230023,1347692.307692,2828656.453629,0.0,0.0,1.0,0.0
1250000.0,14.038655,1765.0,19.6,32.0,22.0,0.6875,1.0,3.0,0.0,3.0,0.153061,26.0,676.0,1.0,0.0,0.441906,0.927511,1347692.307692,2828656.453629,0.0,0.0,0.0,1.0
3750000.0,15.137267,439.0,4.9,8.0,5.0,0.625,0.0,0.0,0.0,0.0,0.0,25.0,625.0,1.0,0.0,1.325718,2.782534,1347692.307692,2828656.453629,1.0,0.0,0.0,0.0
160000.0,11.982935,214.0,2.4,7.0,2.0,0.285714,0.0,0.0,0.0,0.0,0.0,19.0,361.0,0.0,1.0,0.056564,0.118721,1347692.307692,2828656.453629,0.0,0.0,0.0,1.0
3750000.0,15.137267,3308.0,36.8,37.0,37.0,1.0,1.0,0.0,0.0,0.0,0.0,29.0,841.0,1.0,0.0,1.325718,2.782534,1347692.307692,2828656.453629,1.0,0.0,0.0,0.0
900000.0,13.710151,1699.0,18.9,29.0,19.0,0.655172,1.0,2.0,0.0,2.0,0.10582,21.0,441.0,0.0,1.0,0.318172,0.667808,1347692.307692,2828656.453629,0.0,0.0,0.0,1.0
830000.0,13.629182,704.0,7.8,18.0,9.0,0.5,0.0,1.0,0.0,1.0,0.128205,25.0,625.0,1.0,0.0,0.293426,0.615868,1347692.307692,2828656.453629,1.0,0.0,0.0,0.0
830000.0,13.629182,2239.0,24.9,30.0,26.0,0.866667,1.0,2.0,0.0,2.0,0.080321,32.0,1024.0,0.0,0.0,0.293426,0.615868,1347692.307692,2828656.453629,0.0,0.0,0.0,1.0
1460000.0,14.193948,2662.0,29.6,31.0,30.0,0.967742,1.0,1.0,0.0,1.0,0.033784,28.0,784.0,1.0,0.0,0.516146,1.083333,1347692.307692,2828656.453629,1.0,0.0,0.0,0.0
1040000.0,13.854732,1599.0,17.8,35.0,19.0,0.542857,1.0,4.0,0.0,4.0,0.224719,22.0,484.0,0.0,1.0,0.367666,0.771689,1347692.307692,2828656.453629,0.0,0.0,0.0,1.0
1250000.0,14.038655,2697.0,30.0,34.0,31.0,0.911765,1.0,7.0,0.0,7.0,0.233333,24.0,576.0,1.0,0.0,0.441906,0.927511,1347692.307692,2828656.453629,0.0,0.0,0.0,1.0
2710000.0,14.81246,2680.0,29.8,38.0,30.0,0.789474,1.0,1.0,0.0,1.0,0.033557,31.0,961.0,0.0,0.0,0.958052,2.010845,1347692.307692,2828656.453629,0.0,0.0,0.0,1.0
1460000.0,14.193948,664.0,7.4,20.0,8.0,0.4,0.0,1.0,0.0,1.0,0.135135,30.0,900.0,0.0,0.0,0.516146,1.083333,1347692.307692,2828656.453629,0.0,0.0,0.0,1.0
1460000.0,14.193948,583.0,6.5,12.0,7.0,0.583333,0.0,0.0,0.0,0.0,0.0,27.0,729.0,1.0,0.0,0.516146,1.083333,1347692.307692,2828656.453629,1.0,0.0,0.0,0.0
4170000.0,15.243427,3128.0,34.8,37.0,36.0,0.972973,1.0,23.0,0.0,23.0,0.66092,31.0,961.0,0.0,0.0,1.474198,3.094178,1347692.307692,2828656.453629,0.0,1.0,0.0,0.0
630000.0,13.353477,837.0,9.3,22.0,8.0,0.363636,0.0,0.0,0.0,0.0,0.0,23.0,529.0,0.0,1.0,0.222721,0.467466,1347692.307692,2828656.453629,0.0,1.0,0.0,0.0
1040000.0,13.854732,1624.0,18.0,28.0,17.0,0.607143,1.0,1.0,0.0,1.0,0.055556,24.0,576.0,1.0,0.0,0.367666,0.73451,1415909.090909,2828656.453629,0.0,0.0,0.0,1.0
1670000.0,14.328335,2139.0,23.8,31.0,26.0,0.83871,1.0,0.0,0.0,0.0,0.0,23.0,529.0,0.0,1.0,0.590386,1.179454,1415909.090909,2828656.453629,0.0,0.0,0.0,1.0
830000.0,13.629182,136.0,1.5,2.0,1.0,0.5,0.0,0.0,0.0,0.0,0.0,34.0,1156.0,0.0,0.0,0.293426,0.586196,1415909.090909,2828656.453629,0.0,0.0,1.0,0.0
3130000.0,14.956544,2938.0,32.6,37.0,35.0,0.945946,1.0,17.0,0.0,17.0,0.521472,34.0,1156.0,0.0,0.0,1.106532,2.210594,1415909.090909,2828656.453629,0.0,1.0,0.0,0.0
380000.0,12.847929,343.0,3.8,17.0,2.0,0.117647,0.0,1.0,0.0,1.0,0.263158,21.0,441.0,0.0,1.0,0.134339,0.268379,1415909.090909,2828656.453629,1.0,0.0,0.0,0.0
1670000.0,14.328335,3071.0,34.1,35.0,35.0,1.0,1.0,3.0,0.0,3.0,0.087977,30.0,900.0,0.0,0.0,0.590386,1.179454,1415909.090909,2828656.453629,1.0,0.0,0.0,0.0
1250000.0,14.038655,2542.0,28.2,30.0,29.0,0.966667,1.0,1.0,0.0,1.0,0.035461,23.0,529.0,0.0,1.0,0.441906,0.882825,1415909.090909,2828656.453629,1.0,0.0,0.0,0.0
250000.0,12.42922,187.0,2.1,6.0,2.0,0.333333,0.0,0.0,0.0,0.0,0.0,20.0,400.0,0.0,1.0,0.088381,0.176565,1415909.090909,2828656.453629,1.0,0.0,0.0,0.0
310000.0,12.644331,159.0,1.8,6.0,1.0,0.166667,0.0,1.0,0.0,1.0,0.555556,22.0,484.0,0.0,1.0,0.109593,0.218941,1415909.090909,2828656.453629,0.0,0.0,0.0,1.0
830000.0,13.629182,952.0,10.6,19.0,8.0,0.421053,0.0,0.0,0.0,0.0,0.0,22.0,484.0,0.0,1.0,0.293426,0.586196,1415909.090909,2828656.453629,0.0,0.0,0.0,1.0
1460000.0,14.193948,3016.0,33.5,36.0,35.0,0.972222,1.0,0.0,0.0,0.0,0.0,27.0,729.0,1.0,0.0,0.516146,1.03114,1415909.090909,2828656.453629,0.0,0.0,0.0,1.0
830000.0,13.629182,1600.0,17.8,28.0,17.0,0.607143,1.0,0.0,0.0,0.0,0.0,24.0,576.0,1.0,0.0,0.293426,0.586196,1415909.090909,2828656.453629,1.0,0.0,0.0,0.0
1250000.0,14.038655,649.0,7.2,15.0,7.0,0.466667,0.0,0.0,0.0,0.0,0.0,33.0,1089.0,0.0,0.0,0.441906,0.882825,1415909.090909,2828656.453629,1.0,0.0,0.0,0.0
1250000.0,14.038655,446.0,5.0,27.0,2.0,0.074074,0.0,2.0,0.0,2.0,0.4,28.0,784.0,1.0,0.0,0.441906,0.882825,1415909.090909,2828656.453629,0.0,0.0,0.0,1.0
2080000.0,14.547879,2293.0,25.5,34.0,31.0,0.911765,1.0,0.0,0.0,0.0,0.0,31.0,961.0,0.0,0.0,0.735331,1.469021,1415909.090909,2828656.453629,0.0,0.0,0.0,1.0
1460000.0,14.193948,1201.0,13.3,26.0,12.0,0.461538,0.0,0.0,0.0,0.0,0.0,31.0,961.0,0.0,0.0,0.516146,1.03114,1415909.090909,2828656.453629,0.0,0.0,0.0,1.0
1460000.0,14.193948,625.0,6.9,14.0,7.0,0.5,0.0,0.0,0.0,0.0,0.0,22.0,484.0,0.0,1.0,0.516146,1.03114,1415909.090909,2828656.453629,0.0,0.0,0.0,1.0
2080000.0,14.547879,2229.0,24.8,35.0,28.0,0.8,1.0,2.0,0.0,2.0,0.080645,32.0,1024.0,0.0,0.0,0.735331,1.469021,1415909.090909,2828656.453629,0.0,0.0,0.0,1.0
2080000.0,14.547879,3284.0,36.5,37.0,37.0,1.0,1.0,0.0,11.0,11.0,0.30137,32.0,1024.0,0.0,0.0,0.735331,1.469021,1415909.090909,2828656.453629,0.0,0.0,1.0,0.0
1880000.0,14.446783,2547.0,28.3,31.0,30.0,0.967742,1.0,1.0,0.0,1.0,0.035336,28.0,784.0,1.0,0.0,0.664626,1.327769,1415909.090909,2828656.453629,1.0,0.0,0.0,0.0
830000.0,13.629182,2656.0,29.5,34.0,31.0,0.911765,1.0,6.0,0.0,6.0,0.20339,22.0,484.0,0.0,1.0,0.293426,0.586196,1415909.090909,2828656.453629,0.0,0.0,0.0,1.0
1040000.0,13.854732,3240.0,36.0,36.0,36.0,1.0,1.0,0.0,6.0,6.0,0.166667,29.0,841.0,1.0,0.0,0.367666,0.955882,1088000.0,2828656.453629,0.0,0.0,1.0,0.0
1040000.0,13.854732,2462.0,27.4,37.0,31.0,0.837838,1.0,4.0,0.0,4.0,0.145985,27.0,729.0,1.0,0.0,0.367666,0.955882,1088000.0,2828656.453629,0.0,0.0,0.0,1.0
1040000.0,13.854732,1611.0,17.9,20.0,17.0,0.85,1.0,0.0,0.0,0.0,0.0,31.0,961.0,0.0,0.0,0.367666,0.955882,1088000.0,2828656.453629,1.0,0.0,0.0,0.0
2500000.0,14.731802,1786.0,19.8,22.0,20.0,0.909091,1.0,1.0,0.0,1.0,0.050505,26.0,676.0,1.0,0.0,0.883812,2.297794,1088000.0,2828656.453629,1.0,0.0,0.0,0.0
1040000.0,13.854732,2066.0,23.0,25.0,22.0,0.88,1.0,1.0,0.0,1.0,0.043478,30.0,900.0,0.0,0.0,0.367666,0.955882,1088000.0,2828656.453629,1.0,0.0,0.0,0.0
1880000.0,14.446783,1234.0,13.7,15.0,15.0,1.0,0.0,1.0,0.0,1.0,0.072993,31.0,961.0,0.0,0.0,0.664626,1.727941,1088000.0,2828656.453629,1.0,0.0,0.0,0.0
1040000.0,13.854732,2439.0,27.1,33.0,28.0,0.848485,1.0,9.0,0.0,9.0,0.332103,27.0,729.0,1.0,0.0,0.367666,0.955882,1088000.0,2828656.453629,0.0,1.0,0.0,0.0
830000.0,13.629182,1942.0,21.6,37.0,20.0,0.540541,1.0,0.0,0.0,0.0,0.0,23.0,529.0,0.0,1.0,0.293426,0.762868,1088000.0,2828656.453629,0.0,0.0,0.0,1.0
1460000.0,14.193948,180.0,2.0,2.0,2.0,1.0,0.0,0.0,0.0,0.0,0.0,27.0,729.0,1.0,0.0,0.516146,1.341912,1088000.0,2828656.453629,0.0,0.0,1.0,0.0
940000.0,13.753636,2447.0,27.2,36.0,30.0,0.833333,1.0,6.0,0.0,6.0,0.220588,24.0,576.0,1.0,0.0,0.332313,0.863971,1088000.0,2828656.453629,0.0,0.0,0.0,1.0
1040000.0,13.854732,1711.0,19.0,25.0,20.0,0.8,1.0,0.0,0.0,0.0,0.0,23.0,529.0,0.0,1.0,0.367666,0.955882,1088000.0,2828656.453629,1.0,0.0,0.0,0.0
1350000.0,14.115616,486.0,5.4,14.0,6.0,0.428571,0.0,0.0,0.0,0.0,0.0,27.0,729.0,1.0,0.0,0.477258,1.240809,1088000.0,2828656.453629,0.0,0.0,0.0,1.0
830000.0,13.629182,1681.0,18.7,26.0,21.0,0.807692,1.0,0.0,0.0,0.0,0.0,27.0,729.0,1.0,0.0,0.293426,0.762868,1088000.0,2828656.453629,0.0,0.0,0.0,1.0
3130000.0,14.956544,1330.0,14.8,19.0,15.0,0.789474,0.0,1.0,0.0,1.0,0.067568,30.0,900.0,0.0,0.0,1.106532,2.876838,1088000.0,2828656.453629,0.0,0.0,0.0,1.0
730000.0,13.500801,360.0,4.0,18.0,3.0,0.166667,0.0,0.0,0.0,0.0,0.0,24.0,576.0,1.0,0.0,0.258073,0.670956,1088000.0,2828656.453629,0.0,1.0,0.0,0.0
830000.0,13.629182,1098.0,12.2,20.0,11.0,0.55,0.0,0.0,0.0,0.0,0.0,30.0,900.0,0.0,0.0,0.293426,0.762868,1088000.0,2828656.453629,1.0,0.0,0.0,0.0
1040000.0,13.854732,742.0,8.2,19.0,8.0,0.421053,0.0,1.0,0.0,1.0,0.121951,26.0,676.0,1.0,0.0,0.367666,0.955882,1088000.0,2828656.453629,0.0,0.0,0.0,1.0
1040000.0,13.854732,2263.0,25.1,29.0,27.0,0.931034,1.0,0.0,0.0,0.0,0.0,30.0,900.0,0.0,0.0,0.367666,0.955882,1088000.0,2828656.453629,1.0,0.0,0.0,0.0
630000.0,13.353477,1018.0,11.3,19.0,12.0,0.631579,0.0,0.0,0.0,0.0,0.0,26.0,676.0,1.0,0.0,0.222721,0.579044,1088000.0,2828656.453629,0.0,0.0,0.0,1.0
420000.0,12.948012,225.0,2.5,3.0,3.0,1.0,0.0,0.0,0.0,0.0,0.0,27.0,729.0,1.0,0.0,0.14848,0.386029,1088000.0,2828656.453629,1.0,0.0,0.0,0.0
830000.0,13.629182,200.0,2.2,8.0,2.0,0.25,0.0,0.0,0.0,0.0,0.0,27.0,729.0,1.0,0.0,0.293426,0.762868,1088000.0,2828656.453629,0.0,0.0,0.0,1.0
1250000.0,14.038655,2064.0,22.9,32.0,23.0,0.71875,1.0,0.0,0.0,0.0,0.0,28.0,784.0,1.0,0.0,0.441906,1.148897,1088000.0,2828656.453629,0.0,0.0,0.0,1.0
190000.0,12.154785,940.0,10.4,28.0,6.0,0.214286,0.0,0.0,0.0,0.0,0.0,40.0,1600.0,0.0,0.0,0.06717,0.174632,1088000.0,2828656.453629,0.0,0.0,0.0,1.0
830000.0,13.629182,179.0,2.0,12.0,0.0,0.0,0.0,0.0,0.0,0.0,0.0,23.0,529.0,0.0,1.0,0.293426,0.762868,1088000.0,2828656.453629,0.0,1.0,0.0,0.0
250000.0,12.42922,817.0,9.1,16.0,9.0,0.5625,0.0,0.0,0.0,0.0,0.0,21.0,441.0,0.0,1.0,0.088381,0.229779,1088000.0,2828656.453629,0.0,0.0,0.0,1.0
520000.0,13.161586,79.0,0.9,3.0,1.0,0.333333,0.0,0.0,0.0,0.0,0.0,27.0,729.0,1.0,0.0,0.183833,0.423177,1228800.0,2828656.453629,1.0,0.0,0.0,0.0
1460000.0,14.193948,1136.0,12.6,26.0,11.0,0.423077,0.0,4.0,0.0,4.0,0.31746,27.0,729.0,1.0,0.0,0.516146,1.188151,1228800.0,2828656.453629,0.0,1.0,0.0,0.0
940000.0,13.753636,1486.0,16.5,30.0,15.0,0.5,0.0,2.0,0.0,2.0,0.121212,33.0,1089.0,0.0,0.0,0.332313,0.764974,1228800.0,2828656.453629,1.0,0.0,0.0,0.0
1880000.0,14.446783,2807.0,31.2,35.0,31.0,0.885714,1.0,0.0,0.0,0.0,0.0,27.0,729.0,1.0,0.0,0.664626,1.529948,1228800.0,2828656.453629,1.0,0.0,0.0,0.0
2080000.0,14.547879,3060.0,34.0,34.0,34.0,1.0,1.0,0.0,10.0,10.0,0.294118,29.0,841.0,1.0,0.0,0.735331,1.692708,1228800.0,2828656.453629,0.0,0.0,1.0,0.0
830000.0,13.629182,450.0,5.0,11.0,7.0,0.636364,0.0,0.0,0.0,0.0,0.0,23.0,529.0,0.0,1.0,0.293426,0.675456,1228800.0,2828656.453629,0.0,0.0,0.0,1.0
630000.0,13.353477,360.0,4.0,4.0,4.0,1.0,0.0,0.0,2.0,2.0,0.5,28.0,784.0,1.0,0.0,0.222721,0.512695,1228800.0,2828656.453629,0.0,0.0,1.0,0.0
2080000.0,14.547879,3230.0,35.9,36.0,36.0,1.0,1.0,2.0,0.0,2.0,0.05571,34.0,1156.0,0.0,0.0,0.735331,1.692708,1228800.0,2828656.453629,1.0,0.0,0.0,0.0
830000.0,13.629182,1175.0,13.1,28.0,14.0,0.5,0.0,0.0,0.0,0.0,0.0,30.0,900.0,0.0,0.0,0.293426,0.675456,1228800.0,2828656.453629,0.0,0.0,0.0,1.0
830000.0,13.629182,897.0,10.0,20.0,9.0,0.45,0.0,0.0,0.0,0.0,0.0,21.0,441.0,0.0,1.0,0.293426,0.675456,1228800.0,2828656.453629,0.0,0.0,0.0,1.0
940000.0,13.753636,582.0,6.5,14.0,6.0,0.428571,0.0,0.0,0.0,0.0,0.0,33.0,1089.0,0.0,0.0,0.332313,0.764974,1228800.0,2828656.453629,1.0,0.0,0.0,0.0
1880000.0,14.446783,2463.0,27.4,36.0,31.0,0.861111,1.0,10.0,0.0,10.0,0.364964,28.0,784.0,1.0,0.0,0.664626,1.529948,1228800.0,2828656.453629,0.0,1.0,0.0,0.0
310000.0,12.644331,446.0,5.0,9.0,3.0,0.333333,0.0,0.0,0.0,0.0,0.0,20.0,400.0,0.0,1.0,0.109593,0.252279,1228800.0,2828656.453629,1.0,0.0,0.0,0.0
2080000.0,14.547879,470.0,5.2,10.0,7.0,0.7,0.0,0.0,0.0,0.0,0.0,28.0,784.0,1.0,0.0,0.735331,1.692708,1228800.0,2828656.453629,1.0,0.0,0.0,0.0
2080000.0,14.547879,2101.0,23.3,32.0,23.0,0.71875,1.0,4.0,0.0,4.0,0.171674,32.0,1024.0,0.0,0.0,0.735331,1.692708,1228800.0,2828656.453629,0.0,0.0,0.0,1.0
630000.0,13.353477,1797.0,20.0,24.0,22.0,0.916667,1.0,2.0,0.0,2.0,0.1,20.0,400.0,0.0,1.0,0.222721,0.512695,1228800.0,2828656.453629,1.0,0.0,0.0,0.0
630000.0,13.353477,1998.0,22.2,29.0,20.0,0.689655,1.0,2.0,0.0,2.0,0.09009,31.0,961.0,0.0,0.0,0.222721,0.512695,1228800.0,2828656.453629,0.0,0.0,0.0,1.0
1560000.0,14.260197,1870.0,20.8,34.0,21.0,0.617647,1.0,0.0,0.0,0.0,0.0,27.0,729.0,1.0,0.0,0.551499,1.269531,1228800.0,2828656.453629,0.0,0.0,0.0,1.0
1670000.0,14.328335,2682.0,29.8,33.0,29.0,0.878788,1.0,1.0,0.0,1.0,0.033557,27.0,729.0,1.0,0.0,0.590386,1.359049,1228800.0,2828656.453629,1.0,0.0,0.0,0.0
1250000.0,14.038655,374.0,4.2,13.0,3.0,0.230769,0.0,3.0,0.0,3.0,0.714286,27.0,729.0,1.0,0.0,0.441906,1.017253,1228800.0,2828656.453629,0.0,1.0,0.0,0.0
190000.0,12.154785,12.0,0.1,3.0,0.0,0.0,0.0,0.0,0.0,0.0,0.0,19.0,361.0,0.0,1.0,0.06717,0.154622,1228800.0,2828656.453629,0.0,0.0,0.0,1.0
1040000.0,13.854732,144.0,1.6,7.0,1.0,0.142857,0.0,0.0,0.0,0.0,0.0,37.0,1369.0,0.0,0.0,0.367666,0.846354,1228800.0,2828656.453629,0.0,0.0,0.0,1.0
1880000.0,14.446783,2109.0,23.4,33.0,26.0,0.787879,1.0,1.0,0.0,1.0,0.042735,30.0,900.0,0.0,0.0,0.664626,1.529948,1228800.0,2828656.453629,0.0,0.0,0.0,1.0
830000.0,13.629182,823.0,9.1,22.0,8.0,0.363636,0.0,5.0,0.0,5.0,0.549451,24.0,576.0,1.0,0.0,0.293426,0.675456,1228800.0,2828656.453629,0.0,1.0,0.0,0.0
1670000.0,14.328335,1612.0,17.9,28.0,19.0,0.678571,1.0,0.0,0.0,0.0,0.0,29.0,841.0,1.0,0.0,0.590386,1.359049,1228800.0,2828656.453629,0.0,0.0,0.0,1.0
1460000.0,14.193948,2247.0,25.0,29.0,26.0,0.896552,1.0,10.0,0.0,10.0,0.4,23.0,529.0,0.0,1.0,0.516146,0.496209,2942307.692308,2828656.453629,0.0,0.0,0.0,1.0
1460000.0,14.193948,90.0,1.0,1.0,1.0,1.0,0.0,0.0,1.0,1.0,1.0,38.0,1444.0,0.0,0.0,0.516146,0.496209,2942307.692308,2828656.453629,0.0,0.0,1.0,0.0
1670000.0,14.328335,1808.0,20.1,27.0,20.0,0.740741,1.0,4.0,0.0,4.0,0.199005,29.0,841.0,1.0,0.0,0.590386,0.567582,2942307.692308,2828656.453629,1.0,0.0,0.0,0.0
6250000.0,15.648092,2447.0,27.2,32.0,30.0,0.9375,1.0,8.0,0.0,8.0,0.294118,25.0,625.0,1.0,0.0,2.20953,2.124183,2942307.692308,2828656.453629,0.0,0.0,0.0,1.0
2710000.0,14.81246,569.0,6.3,18.0,5.0,0.277778,0.0,3.0,0.0,3.0,0.47619,34.0,1156.0,0.0,0.0,0.958052,0.921046,2942307.692308,2828656.453629,0.0,1.0,0.0,0.0
4170000.0,15.243427,2580.0,28.7,32.0,30.0,0.9375,1.0,11.0,0.0,11.0,0.383275,26.0,676.0,1.0,0.0,1.474198,1.417255,2942307.692308,2828656.453629,0.0,1.0,0.0,0.0
3130000.0,14.956544,1229.0,13.7,18.0,14.0,0.777778,0.0,1.0,0.0,1.0,0.072993,31.0,961.0,0.0,0.0,1.106532,1.063791,2942307.692308,2828656.453629,1.0,0.0,0.0,0.0
5210000.0,15.466091,1393.0,15.5,24.0,15.0,0.625,0.0,2.0,0.0,2.0,0.129032,29.0,841.0,1.0,0.0,1.841864,1.770719,2942307.692308,2828656.453629,0.0,0.0,0.0,1.0
3130000.0,14.956544,1822.0,20.2,27.0,20.0,0.740741,1.0,2.0,0.0,2.0,0.09901,30.0,900.0,0.0,0.0,1.106532,1.063791,2942307.692308,2828656.453629,1.0,0.0,0.0,0.0
6250000.0,15.648092,233.0,2.6,8.0,1.0,0.125,0.0,1.0,0.0,1.0,0.384615,33.0,1089.0,0.0,0.0,2.20953,2.124183,2942307.692308,2828656.453629,0.0,0.0,0.0,1.0
3750000.0,15.137267,827.0,9.2,12.0,10.0,0.833333,0.0,0.0,0.0,0.0,0.0,28.0,784.0,1.0,0.0,1.325718,1.27451,2942307.692308,2828656.453629,1.0,0.0,0.0,0.0
2710000.0,14.81246,542.0,6.0,9.0,8.0,0.888889,0.0,1.0,0.0,1.0,0.166667,28.0,784.0,1.0,0.0,0.958052,0.921046,2942307.692308,2828656.453629,0.0,0.0,0.0,1.0
2080000.0,14.547879,2520.0,28.0,28.0,28.0,1.0,1.0,0.0,10.0,10.0,0.357143,28.0,784.0,1.0,0.0,0.735331,0.706928,2942307.692308,2828656.453629,0.0,0.0,1.0,0.0
2500000.0,14.731802,1978.0,22.0,25.0,21.0,0.84,1.0,1.0,0.0,1.0,0.045455,34.0,1156.0,0.0,0.0,0.883812,0.849673,2942307.692308,2828656.453629,1.0,0.0,0.0,0.0
2500000.0,14.731802,2026.0,22.5,29.0,23.0,0.793103,1.0,1.0,0.0,1.0,0.044444,28.0,784.0,1.0,0.0,0.883812,0.849673,2942307.692308,2828656.453629,0.0,0.0,0.0,1.0
3130000.0,14.956544,2807.0,31.2,33.0,32.0,0.969697,1.0,0.0,0.0,0.0,0.0,24.0,576.0,1.0,0.0,1.106532,1.063791,2942307.692308,2828656.453629,1.0,0.0,0.0,0.0
2290000.0,14.644063,743.0,8.3,20.0,8.0,0.4,0.0,0.0,0.0,0.0,0.0,25.0,625.0,1.0,0.0,0.809572,0.778301,2942307.692308,2828656.453629,0.0,0.0,0.0,1.0
630000.0,13.353477,584.0,6.5,13.0,7.0,0.538462,0.0,0.0,0.0,0.0,0.0,21.0,441.0,0.0,1.0,0.222721,0.214118,2942307.692308,2828656.453629,1.0,0.0,0.0,0.0
3130000.0,14.956544,2848.0,31.6,37.0,34.0,0.918919,1.0,9.0,0.0,9.0,0.28481,29.0,841.0,1.0,0.0,1.106532,1.063791,2942307.692308,2828656.453629,0.0,0.0,0.0,1.0
630000.0,13.353477,388.0,4.3,15.0,2.0,0.133333,0.0,0.0,0.0,0.0,0.0,19.0,361.0,0.0,1.0,0.222721,0.214118,2942307.692308,2828656.453629,0.0,0.0,0.0,1.0
2500000.0,14.731802,810.0,9.0,9.0,9.0,1.0,0.0,0.0,4.0,4.0,0.444444,30.0,900.0,0.0,0.0,0.883812,0.849673,2942307.692308,2828656.453629,0.0,0.0,1.0,0.0
2500000.0,14.731802,1547.0,17.2,23.0,18.0,0.782609,1.0,0.0,0.0,0.0,0.0,32.0,1024.0,0.0,0.0,0.883812,0.849673,2942307.692308,2828656.453629,1.0,0.0,0.0,0.0
3130000.0,14.956544,821.0,9.1,25.0,7.0,0.28,0.0,1.0,0.0,1.0,0.10989,25.0,625.0,1.0,0.0,1.106532,1.063791,2942307.692308,2828656.453629,0.0,0.0,0.0,1.0
2080000.0,14.547879,1186.0,13.2,24.0,13.0,0.541667,0.0,1.0,0.0,1.0,0.075758,23.0,529.0,0.0,1.0,0.735331,0.706928,2942307.692308,2828656.453629,0.0,0.0,0.0,1.0
6250000.0,15.648092,1295.0,14.4,17.0,14.0,0.823529,0.0,0.0,0.0,0.0,0.0,28.0,784.0,1.0,0.0,2.20953,2.124183,2942307.692308,2828656.453629,0.0,0.0,0.0,1.0
1250000.0,14.038655,1882.0,20.9,28.0,19.0,0.678571,1.0,1.0,0.0,1.0,0.047847,22.0,484.0,0.0,1.0,0.441906,0.424837,2942307.692308,2828656.453629,1.0,0.0,0.0,0.0
4580000.0,15.33721,540.0,6.0,6.0,6.0,1.0,0.0,0.0,3.0,3.0,0.5,26.0,676.0,1.0,0.0,1.619143,0.359886,12726250.0,2828656.453629,0.0,0.0,1.0,0.0
14580000.0,16.495161,1490.0,16.6,18.0,16.0,0.888889,0.0,1.0,0.0,1.0,0.060241,32.0,1024.0,0.0,0.0,5.154391,1.145663,12726250.0,2828656.453629,1.0,0.0,0.0,0.0
5210000.0,15.466091,2014.0,22.4,33.0,25.0,0.757576,1.0,4.0,0.0,4.0,0.178571,20.0,400.0,0.0,1.0,1.841864,0.40939,12726250.0,2828656.453629,0.0,0.0,0.0,1.0
12500000.0,16.341239,2615.0,29.1,33.0,31.0,0.939394,1.0,1.0,0.0,1.0,0.034364,25.0,625.0,1.0,0.0,4.419059,0.982222,12726250.0,2828656.453629,0.0,0.0,0.0,1.0
7290000.0,15.802014,1257.0,14.0,30.0,13.0,0.433333,0.0,1.0,0.0,1.0,0.071429,25.0,625.0,1.0,0.0,2.577195,0.572832,12726250.0,2828656.453629,0.0,0.0,0.0,1.0
10420000.0,16.159238,977.0,10.9,17.0,10.0,0.588235,0.0,0.0,0.0,0.0,0.0,33.0,1089.0,0.0,0.0,3.683728,0.81878,12726250.0,2828656.453629,1.0,0.0,0.0,0.0
10420000.0,16.159238,486.0,5.4,16.0,4.0,0.25,0.0,0.0,0.0,0.0,0.0,28.0,784.0,1.0,0.0,3.683728,0.81878,12726250.0,2828656.453629,0.0,0.0,0.0,1.0
22500000.0,16.929026,424.0,4.7,11.0,5.0,0.454545,0.0,0.0,0.0,0.0,0.0,33.0,1089.0,0.0,0.0,7.954306,1.767999,12726250.0,2828656.453629,1.0,0.0,0.0,0.0
8960000.0,16.008281,2034.0,22.6,28.0,24.0,0.857143,1.0,2.0,0.0,2.0,0.088496,20.0,400.0,0.0,1.0,3.167582,0.704057,12726250.0,2828656.453629,1.0,0.0,0.0,0.0
14580000.0,16.495161,1139.0,12.7,16.0,14.0,0.875,0.0,2.0,0.0,2.0,0.15748,27.0,729.0,1.0,0.0,5.154391,1.145663,12726250.0,2828656.453629,1.0,0.0,0.0,0.0
12500000.0,16.341239,1528.0,17.0,29.0,16.0,0.551724,1.0,1.0,0.0,1.0,0.058824,22.0,484.0,0.0,1.0,4.419059,0.982222,12726250.0,2828656.453629,0.0,0.0,0.0,1.0
2080000.0,14.547879,1227.0,13.6,17.0,14.0,0.823529,0.0,5.0,0.0,5.0,0.367647,19.0,361.0,0.0,1.0,1.164107,0.991701,2097407.407407,1786777.246187,0.0,1.0,0.0,0.0
16670000.0,16.629121,2740.0,30.4,33.0,31.0,0.939394,1.0,5.0,0.0,5.0,0.164474,27.0,729.0,1.0,0.0,5.893257,1.309891,12726250.0,2828656.453629,0.0,0.0,0.0,1.0
10420000.0,16.159238,207.0,2.3,5.0,3.0,0.6,0.0,0.0,0.0,0.0,0.0,30.0,900.0,0.0,0.0,3.683728,0.81878,12726250.0,2828656.453629,1.0,0.0,0.0,0.0
7290000.0,15.802014,1037.0,11.5,23.0,11.0,0.478261,0.0,1.0,0.0,1.0,0.086957,17.0,289.0,0.0,1.0,2.577195,0.572832,12726250.0,2828656.453629,0.0,0.0,0.0,1.0
5210000.0,15.466091,929.0,10.3,13.0,10.0,0.769231,0.0,1.0,0.0,1.0,0.097087,25.0,625.0,1.0,0.0,1.841864,0.40939,12726250.0,2828656.453629,1.0,0.0,0.0,0.0
1670000.0,14.328335,964.0,10.7,30.0,9.0,0.3,0.0,6.0,0.0,6.0,0.560748,21.0,441.0,0.0,1.0,0.590386,0.131225,12726250.0,2828656.453629,0.0,1.0,0.0,0.0
20830000.0,16.851905,1916.0,21.3,28.0,22.0,0.785714,1.0,6.0,0.0,6.0,0.28169,22.0,484.0,0.0,1.0,7.36392,1.636774,12726250.0,2828656.453629,0.0,0.0,0.0,1.0
31250000.0,17.25753,2599.0,28.9,31.0,29.0,0.935484,1.0,25.0,0.0,25.0,0.865052,26.0,676.0,1.0,0.0,11.047648,2.455554,12726250.0,2828656.453629,0.0,1.0,0.0,0.0
8960000.0,16.008281,2332.0,25.9,28.0,26.0,0.928571,1.0,2.0,0.0,2.0,0.07722,22.0,484.0,0.0,1.0,3.167582,0.704057,12726250.0,2828656.453629,1.0,0.0,0.0,0.0
6250000.0,15.648092,1708.0,19.0,23.0,18.0,0.782609,1.0,2.0,0.0,2.0,0.105263,22.0,484.0,0.0,1.0,2.20953,0.491111,12726250.0,2828656.453629,1.0,0.0,0.0,0.0
16670000.0,16.629121,684.0,7.6,19.0,6.0,0.315789,0.0,1.0,0.0,1.0,0.131579,24.0,576.0,1.0,0.0,5.893257,1.309891,12726250.0,2828656.453629,0.0,0.0,0.0,1.0
15000000.0,16.523561,2880.0,32.0,32.0,32.0,1.0,1.0,0.0,24.0,24.0,0.75,33.0,1089.0,0.0,0.0,5.302871,1.178666,12726250.0,2828656.453629,0.0,0.0,1.0,0.0
16670000.0,16.629121,1163.0,12.9,21.0,14.0,0.666667,0.0,0.0,0.0,0.0,0.0,26.0,676.0,1.0,0.0,5.893257,1.309891,12726250.0,2828656.453629,1.0,0.0,0.0,0.0
25000000.0,17.034386,2815.0,31.3,36.0,32.0,0.888889,1.0,16.0,0.0,16.0,0.511182,25.0,625.0,1.0,0.0,8.838118,1.964444,12726250.0,2828656.453629,0.0,1.0,0.0,0.0
1670000.0,14.328335,848.0,9.4,21.0,9.0,0.428571,0.0,1.0,0.0,1.0,0.106383,27.0,729.0,1.0,0.0,0.590386,0.663711,2516153.846154,2828656.453629,1.0,0.0,0.0,0.0
3130000.0,14.956544,1763.0,19.6,30.0,22.0,0.733333,1.0,3.0,0.0,3.0,0.153061,23.0,529.0,0.0,1.0,1.106532,1.243962,2516153.846154,2828656.453629,0.0,0.0,0.0,1.0
2080000.0,14.547879,720.0,8.0,16.0,8.0,0.5,0.0,0.0,0.0,0.0,0.0,31.0,961.0,0.0,0.0,0.735331,0.826659,2516153.846154,2828656.453629,1.0,0.0,0.0,0.0
160000.0,11.982935,1.0,0.0,1.0,0.0,0.0,0.0,0.0,0.0,0.0,0.0,20.0,400.0,0.0,1.0,0.056564,0.063589,2516153.846154,2828656.453629,0.0,1.0,0.0,0.0
1250000.0,14.038655,458.0,5.1,17.0,3.0,0.176471,0.0,0.0,0.0,0.0,0.0,22.0,484.0,0.0,1.0,0.441906,0.49679,2516153.846154,2828656.453629,0.0,0.0,0.0,1.0
1670000.0,14.328335,1348.0,15.0,27.0,16.0,0.592593,0.0,0.0,0.0,0.0,0.0,23.0,529.0,0.0,1.0,0.590386,0.663711,2516153.846154,2828656.453629,0.0,0.0,0.0,1.0
5210000.0,15.466091,1660.0,18.4,29.0,21.0,0.724138,1.0,6.0,0.0,6.0,0.326087,28.0,784.0,1.0,0.0,1.841864,2.070621,2516153.846154,2828656.453629,0.0,0.0,0.0,1.0
4170000.0,15.243427,2317.0,25.7,33.0,26.0,0.787879,1.0,4.0,0.0,4.0,0.155642,28.0,784.0,1.0,0.0,1.474198,1.657291,2516153.846154,2828656.453629,0.0,0.0,0.0,1.0
3750000.0,15.137267,2150.0,23.9,27.0,24.0,0.888889,1.0,1.0,0.0,1.0,0.041841,28.0,784.0,1.0,0.0,1.325718,1.49037,2516153.846154,2828656.453629,1.0,0.0,0.0,0.0
4170000.0,15.243427,1823.0,20.3,32.0,22.0,0.6875,1.0,8.0,0.0,8.0,0.394089,28.0,784.0,1.0,0.0,1.474198,1.657291,2516153.846154,2828656.453629,0.0,0.0,0.0,1.0
3130000.0,14.956544,2082.0,23.1,25.0,23.0,0.92,1.0,0.0,0.0,0.0,0.0,28.0,784.0,1.0,0.0,1.106532,1.243962,2516153.846154,2828656.453629,1.0,0.0,0.0,0.0
2080000.0,14.547879,2773.0,30.8,35.0,31.0,0.885714,1.0,1.0,0.0,1.0,0.032468,23.0,529.0,0.0,1.0,0.735331,0.826659,2516153.846154,2828656.453629,1.0,0.0,0.0,0.0
1670000.0,14.328335,2210.0,24.6,30.0,26.0,0.866667,1.0,1.0,0.0,1.0,0.04065,23.0,529.0,0.0,1.0,0.590386,0.663711,2516153.846154,2828656.453629,0.0,0.0,0.0,1.0
830000.0,13.629182,135.0,1.5,7.0,0.0,0.0,0.0,0.0,0.0,0.0,0.0,22.0,484.0,0.0,1.0,0.293426,0.329869,2516153.846154,2828656.453629,0.0,1.0,0.0,0.0
830000.0,13.629182,2250.0,25.0,25.0,25.0,1.0,1.0,2.0,0.0,2.0,0.08,19.0,361.0,0.0,1.0,0.293426,0.329869,2516153.846154,2828656.453629,1.0,0.0,0.0,0.0
4170000.0,15.243427,3330.0,37.0,37.0,37.0,1.0,1.0,0.0,11.0,11.0,0.297297,30.0,900.0,0.0,0.0,1.474198,1.657291,2516153.846154,2828656.453629,0.0,0.0,1.0,0.0
1670000.0,14.328335,1022.0,11.4,22.0,10.0,0.454545,0.0,3.0,0.0,3.0,0.263158,22.0,484.0,0.0,1.0,0.590386,0.663711,2516153.846154,2828656.453629,0.0,0.0,0.0,1.0
2710000.0,14.81246,201.0,2.2,5.0,2.0,0.4,0.0,1.0,0.0,1.0,0.454545,29.0,841.0,1.0,0.0,0.958052,1.077041,2516153.846154,2828656.453629,1.0,0.0,0.0,0.0
130000.0,11.775297,76.0,0.8,4.0,1.0,0.25,0.0,0.0,0.0,0.0,0.0,23.0,529.0,0.0,1.0,0.045958,0.051666,2516153.846154,2828656.453629,0.0,0.0,0.0,1.0
6250000.0,15.648092,2710.0,30.1,34.0,30.0,0.882353,1.0,15.0,0.0,15.0,0.498339,28.0,784.0,1.0,0.0,2.20953,2.48395,2516153.846154,2828656.453629,0.0,1.0,0.0,0.0
1250000.0,14.038655,835.0,9.3,20.0,8.0,0.4,0.0,9.0,0.0,9.0,0.967742,20.0,400.0,0.0,1.0,0.441906,0.49679,2516153.846154,2828656.453629,0.0,1.0,0.0,0.0
1040000.0,13.854732,1502.0,16.7,34.0,15.0,0.441176,1.0,0.0,0.0,0.0,0.0,22.0,484.0,0.0,1.0,0.367666,0.413329,2516153.846154,2828656.453629,0.0,0.0,0.0,1.0
2500000.0,14.731802,2701.0,30.0,35.0,30.0,0.857143,1.0,0.0,0.0,0.0,0.0,24.0,576.0,1.0,0.0,0.883812,0.99358,2516153.846154,2828656.453629,1.0,0.0,0.0,0.0
5210000.0,15.466091,1503.0,16.7,24.0,17.0,0.708333,1.0,2.0,0.0,2.0,0.11976,24.0,576.0,1.0,0.0,1.841864,2.070621,2516153.846154,2828656.453629,0.0,0.0,0.0,1.0
2290000.0,14.644063,1064.0,11.8,25.0,10.0,0.4,0.0,4.0,0.0,4.0,0.338983,28.0,784.0,1.0,0.0,0.809572,1.06404,2152173.913043,2828656.453629,0.0,1.0,0.0,0.0
520000.0,13.161586,90.0,1.0,1.0,1.0,1.0,0.0,0.0,0.0,0.0,0.0,23.0,529.0,0.0,1.0,0.183833,0.206665,2516153.846154,2828656.453629,0.0,0.0,1.0,0.0
3700000.0,15.123844,2536.0,28.2,35.0,29.0,0.828571,1.0,5.0,0.0,5.0,0.177305,21.0,441.0,0.0,1.0,1.766082,0.880285,4203181.818182,2095032.57671,0.0,0.0,0.0,1.0
3130000.0,14.956544,321.0,3.6,12.0,2.0,0.166667,0.0,0.0,0.0,0.0,0.0,30.0,900.0,0.0,0.0,1.106532,1.324816,2362592.592593,2828656.453629,0.0,0.0,0.0,1.0
1880000.0,14.446783,2064.0,22.9,32.0,21.0,0.65625,1.0,10.0,0.0,10.0,0.436681,25.0,625.0,1.0,0.0,0.664626,0.795736,2362592.592593,2828656.453629,0.0,1.0,0.0,0.0
3130000.0,14.956544,1308.0,14.5,28.0,11.0,0.392857,0.0,4.0,0.0,4.0,0.275862,36.0,1296.0,0.0,0.0,1.106532,1.324816,2362592.592593,2828656.453629,0.0,1.0,0.0,0.0
830000.0,13.629182,645.0,7.2,20.0,7.0,0.35,0.0,2.0,0.0,2.0,0.277778,26.0,676.0,1.0,0.0,0.293426,0.343554,2415925.925926,2828656.453629,0.0,0.0,0.0,1.0
1250000.0,14.038655,450.0,5.0,5.0,5.0,1.0,0.0,0.0,1.0,1.0,0.2,34.0,1156.0,0.0,0.0,0.441906,0.52908,2362592.592593,2828656.453629,0.0,0.0,1.0,0.0
3020000.0,14.920768,1617.0,18.0,27.0,19.0,0.703704,1.0,1.0,0.0,1.0,0.055556,25.0,625.0,1.0,0.0,1.067645,1.278257,2362592.592593,2828656.453629,0.0,0.0,0.0,1.0
2500000.0,14.731802,2565.0,28.5,35.0,29.0,0.828571,1.0,1.0,0.0,1.0,0.035088,23.0,529.0,0.0,1.0,0.883812,1.05816,2362592.592593,2828656.453629,1.0,0.0,0.0,0.0
250000.0,12.42922,1277.0,14.2,19.0,13.0,0.684211,0.0,1.0,0.0,1.0,0.070423,22.0,484.0,0.0,1.0,0.088381,0.105816,2362592.592593,2828656.453629,1.0,0.0,0.0,0.0
1880000.0,14.446783,932.0,10.4,27.0,6.0,0.222222,0.0,1.0,0.0,1.0,0.096154,27.0,729.0,1.0,0.0,0.664626,0.795736,2362592.592593,2828656.453629,0.0,0.0,0.0,1.0
4170000.0,15.243427,1213.0,13.5,17.0,17.0,1.0,0.0,0.0,0.0,0.0,0.0,35.0,1225.0,0.0,0.0,1.474198,1.76501,2362592.592593,2828656.453629,1.0,0.0,0.0,0.0
3130000.0,14.956544,2187.0,24.3,33.0,27.0,0.818182,1.0,5.0,0.0,5.0,0.205761,28.0,784.0,1.0,0.0,1.106532,1.324816,2362592.592593,2828656.453629,0.0,0.0,0.0,1.0
2080000.0,14.547879,295.0,3.3,4.0,4.0,1.0,0.0,0.0,0.0,0.0,0.0,31.0,961.0,0.0,0.0,0.735331,0.880389,2362592.592593,2828656.453629,1.0,0.0,0.0,0.0
420000.0,12.948012,10.0,0.1,1.0,0.0,0.0,0.0,0.0,0.0,0.0,0.0,26.0,676.0,1.0,0.0,0.14848,0.177771,2362592.592593,2828656.453629,1.0,0.0,0.0,0.0
4000000.0,15.201805,2096.0,23.3,29.0,25.0,0.862069,1.0,0.0,0.0,0.0,0.0,27.0,729.0,1.0,0.0,1.414099,1.693055,2362592.592593,2828656.453629,1.0,0.0,0.0,0.0
2290000.0,14.644063,1484.0,16.5,29.0,18.0,0.62069,0.0,4.0,0.0,4.0,0.242424,25.0,625.0,1.0,0.0,0.809572,0.969274,2362592.592593,2828656.453629,0.0,1.0,0.0,0.0
3540000.0,15.079638,25.0,0.3,3.0,0.0,0.0,0.0,0.0,0.0,0.0,0.0,31.0,961.0,0.0,0.0,1.251478,1.498354,2362592.592593,2828656.453629,0.0,0.0,0.0,1.0
2500000.0,14.731802,1990.0,22.1,32.0,23.0,0.71875,1.0,0.0,0.0,0.0,0.0,21.0,441.0,0.0,1.0,0.883812,1.05816,2362592.592593,2828656.453629,0.0,0.0,0.0,1.0
2080000.0,14.547879,2203.0,24.5,26.0,24.0,0.923077,1.0,2.0,0.0,2.0,0.081633,23.0,529.0,0.0,1.0,0.735331,0.880389,2362592.592593,2828656.453629,1.0,0.0,0.0,0.0
2290000.0,14.644063,2686.0,29.8,34.0,31.0,0.911765,1.0,1.0,0.0,1.0,0.033557,23.0,529.0,0.0,1.0,0.809572,0.969274,2362592.592593,2828656.453629,0.0,0.0,0.0,1.0
310000.0,12.644331,272.0,3.0,8.0,2.0,0.25,0.0,0.0,0.0,0.0,0.0,21.0,441.0,0.0,1.0,0.109593,0.131212,2362592.592593,2828656.453629,0.0,0.0,0.0,1.0
3130000.0,14.956544,938.0,10.4,13.0,11.0,0.846154,0.0,1.0,0.0,1.0,0.096154,29.0,841.0,1.0,0.0,1.106532,1.324816,2362592.592593,2828656.453629,1.0,0.0,0.0,0.0
1770000.0,14.386491,867.0,9.6,13.0,10.0,0.769231,0.0,2.0,0.0,2.0,0.208333,28.0,784.0,1.0,0.0,0.625739,0.749177,2362592.592593,2828656.453629,0.0,1.0,0.0,0.0
3960000.0,15.191755,2348.0,26.1,34.0,26.0,0.764706,1.0,2.0,0.0,2.0,0.076628,33.0,1089.0,0.0,0.0,1.399958,1.676125,2362592.592593,2828656.453629,1.0,0.0,0.0,0.0
3020000.0,14.920768,2970.0,33.0,33.0,33.0,1.0,1.0,0.0,11.0,11.0,0.333333,31.0,961.0,0.0,0.0,1.067645,1.278257,2362592.592593,2828656.453629,0.0,0.0,1.0,0.0
630000.0,13.353477,982.0,10.9,26.0,12.0,0.461538,0.0,2.0,0.0,2.0,0.183486,22.0,484.0,0.0,1.0,0.222721,0.266656,2362592.592593,2828656.453629,0.0,0.0,0.0,1.0
130000.0,11.775297,102.0,1.1,2.0,0.0,0.0,0.0,0.0,0.0,0.0,0.0,22.0,484.0,0.0,1.0,0.045958,0.055024,2362592.592593,2828656.453629,1.0,0.0,0.0,0.0
3130000.0,14.956544,1594.0,17.7,24.0,20.0,0.833333,1.0,3.0,0.0,3.0,0.169492,26.0,676.0,1.0,0.0,1.106532,1.324816,2362592.592593,2828656.453629,0.0,0.0,0.0,1.0
800000.0,13.592368,216.0,2.4,9.0,1.0,0.111111,0.0,1.0,0.0,1.0,0.416667,20.0,400.0,0.0,1.0,0.447733,0.337865,2367806.346154,1786777.246187,0.0,0.0,0.0,1.0
4170000.0,15.243427,655.0,7.3,12.0,8.0,0.666667,0.0,0.0,0.0,0.0,0.0,23.0,529.0,0.0,1.0,1.474198,1.76501,2362592.592593,2828656.453629,1.0,0.0,0.0,0.0
1880000.0,14.446783,1628.0,18.1,30.0,18.0,0.6,1.0,3.0,0.0,3.0,0.165746,28.0,784.0,1.0,0.0,0.664626,0.873535,2152173.913043,2828656.453629,0.0,0.0,0.0,1.0
2710000.0,14.81246,754.0,8.4,19.0,7.0,0.368421,0.0,1.0,0.0,1.0,0.119048,30.0,900.0,0.0,0.0,0.958052,1.259192,2152173.913043,2828656.453629,0.0,0.0,0.0,1.0
1040000.0,13.854732,1759.0,19.5,21.0,19.0,0.904762,1.0,0.0,0.0,0.0,0.0,25.0,625.0,1.0,0.0,0.367666,0.483232,2152173.913043,2828656.453629,1.0,0.0,0.0,0.0
1670000.0,14.328335,2598.0,28.9,32.0,29.0,0.90625,1.0,0.0,0.0,0.0,0.0,23.0,529.0,0.0,1.0,0.590386,0.77596,2152173.913043,2828656.453629,1.0,0.0,0.0,0.0
1250000.0,14.038655,270.0,3.0,13.0,3.0,0.230769,0.0,0.0,0.0,0.0,0.0,29.0,841.0,1.0,0.0,0.441906,0.580808,2152173.913043,2828656.453629,0.0,1.0,0.0,0.0
1670000.0,14.328335,1762.0,19.6,34.0,20.0,0.588235,1.0,4.0,0.0,4.0,0.204082,23.0,529.0,0.0,1.0,0.590386,0.77596,2152173.913043,2828656.453629,0.0,0.0,0.0,1.0
1670000.0,14.328335,1150.0,12.8,15.0,12.0,0.8,0.0,0.0,0.0,0.0,0.0,32.0,1024.0,0.0,0.0,0.590386,0.77596,2152173.913043,2828656.453629,1.0,0.0,0.0,0.0
1670000.0,14.328335,1017.0,11.3,22.0,11.0,0.5,0.0,0.0,0.0,0.0,0.0,25.0,625.0,1.0,0.0,0.590386,0.77596,2152173.913043,2828656.453629,0.0,0.0,0.0,1.0
1040000.0,13.854732,1337.0,14.9,17.0,15.0,0.882353,0.0,2.0,0.0,2.0,0.134228,27.0,729.0,1.0,0.0,0.367666,0.483232,2152173.913043,2828656.453629,1.0,0.0,0.0,0.0
1880000.0,14.446783,1504.0,16.7,27.0,17.0,0.62963,1.0,0.0,0.0,0.0,0.0,26.0,676.0,1.0,0.0,0.664626,0.873535,2152173.913043,2828656.453629,0.0,0.0,0.0,1.0
2600000.0,14.771022,1489.0,16.5,22.0,16.0,0.727273,0.0,4.0,0.0,4.0,0.242424,31.0,961.0,0.0,0.0,0.919164,1.208081,2152173.913043,2828656.453629,0.0,0.0,0.0,1.0
4170000.0,15.243427,1979.0,22.0,36.0,22.0,0.611111,1.0,10.0,0.0,10.0,0.454545,25.0,625.0,1.0,0.0,1.474198,1.937576,2152173.913043,2828656.453629,0.0,1.0,0.0,0.0
2080000.0,14.547879,2061.0,22.9,36.0,25.0,0.694444,1.0,4.0,0.0,4.0,0.174672,22.0,484.0,0.0,1.0,0.735331,0.966465,2152173.913043,2828656.453629,0.0,0.0,0.0,1.0
1040000.0,13.854732,974.0,10.8,24.0,7.0,0.291667,0.0,0.0,0.0,0.0,0.0,22.0,484.0,0.0,1.0,0.367666,0.483232,2152173.913043,2828656.453629,1.0,0.0,0.0,0.0
4580000.0,15.33721,2448.0,27.2,32.0,31.0,0.96875,1.0,1.0,0.0,1.0,0.036765,30.0,900.0,0.0,0.0,1.619143,2.128081,2152173.913043,2828656.453629,1.0,0.0,0.0,0.0
2710000.0,14.81246,1620.0,18.0,18.0,18.0,1.0,1.0,0.0,3.0,3.0,0.166667,24.0,576.0,1.0,0.0,0.958052,1.259192,2152173.913043,2828656.453629,0.0,0.0,1.0,0.0
1040000.0,13.854732,1234.0,13.7,27.0,11.0,0.407407,0.0,6.0,0.0,6.0,0.437956,24.0,576.0,1.0,0.0,0.367666,0.483232,2152173.913043,2828656.453629,0.0,0.0,0.0,1.0
3750000.0,15.137267,1365.0,15.2,27.0,16.0,0.592593,0.0,1.0,0.0,1.0,0.065789,24.0,576.0,1.0,0.0,1.325718,1.742424,2152173.913043,2828656.453629,0.0,1.0,0.0,0.0
1880000.0,14.446783,2624.0,29.2,37.0,31.0,0.837838,1.0,3.0,0.0,3.0,0.10274,31.0,961.0,0.0,0.0,0.664626,0.873535,2152173.913043,2828656.453629,0.0,0.0,0.0,1.0
3960000.0,15.191755,543.0,6.0,8.0,7.0,0.875,0.0,1.0,0.0,1.0,0.166667,28.0,784.0,1.0,0.0,1.399958,1.84,2152173.913043,2828656.453629,1.0,0.0,0.0,0.0
1670000.0,14.328335,1800.0,20.0,20.0,20.0,1.0,1.0,0.0,10.0,10.0,0.5,31.0,961.0,0.0,0.0,0.590386,0.77596,2152173.913043,2828656.453629,0.0,0.0,1.0,0.0
1250000.0,14.038655,1392.0,15.5,24.0,17.0,0.708333,0.0,0.0,0.0,0.0,0.0,26.0,676.0,1.0,0.0,0.441906,0.580808,2152173.913043,2828656.453629,1.0,0.0,0.0,0.0
850000.0,13.652993,2176.0,24.2,30.0,25.0,0.833333,1.0,0.0,0.0,0.0,0.0,28.0,784.0,1.0,0.0,0.405722,0.885129,960312.5,2095032.57671,1.0,0.0,0.0,0.0
210000.0,12.254868,9.0,0.1,1.0,0.0,0.0,0.0,0.0,0.0,0.0,0.0,24.0,576.0,1.0,0.0,0.07424,0.086923,2415925.925926,2828656.453629,1.0,0.0,0.0,0.0
3130000.0,14.956544,2478.0,27.5,37.0,30.0,0.810811,1.0,10.0,0.0,10.0,0.363636,21.0,441.0,0.0,1.0,1.106532,1.29557,2415925.925926,2828656.453629,0.0,0.0,0.0,1.0
730000.0,13.500801,346.0,3.8,9.0,3.0,0.333333,0.0,0.0,0.0,0.0,0.0,20.0,400.0,0.0,1.0,0.258073,0.302162,2415925.925926,2828656.453629,1.0,0.0,0.0,0.0
3330000.0,15.018483,1689.0,18.8,27.0,19.0,0.703704,1.0,1.0,0.0,1.0,0.053191,29.0,841.0,1.0,0.0,1.177237,1.378354,2415925.925926,2828656.453629,1.0,0.0,0.0,0.0
1460000.0,14.193948,900.0,10.0,10.0,10.0,1.0,0.0,0.0,4.0,4.0,0.4,24.0,576.0,1.0,0.0,0.516146,0.604323,2415925.925926,2828656.453629,0.0,0.0,1.0,0.0
3130000.0,14.956544,1124.0,12.5,25.0,12.0,0.48,0.0,5.0,0.0,5.0,0.4,32.0,1024.0,0.0,0.0,1.106532,1.29557,2415925.925926,2828656.453629,0.0,1.0,0.0,0.0
310000.0,12.644331,83.0,0.9,5.0,0.0,0.0,0.0,0.0,0.0,0.0,0.0,16.0,256.0,0.0,1.0,0.109593,0.128315,2415925.925926,2828656.453629,0.0,0.0,0.0,1.0
3750000.0,15.137267,1392.0,15.5,32.0,16.0,0.5,0.0,1.0,0.0,1.0,0.064516,36.0,1296.0,0.0,0.0,1.325718,1.5522,2415925.925926,2828656.453629,0.0,0.0,0.0,1.0
4580000.0,15.33721,2288.0,25.4,34.0,25.0,0.735294,1.0,14.0,0.0,14.0,0.551181,24.0,576.0,1.0,0.0,1.619143,1.895753,2415925.925926,2828656.453629,0.0,1.0,0.0,0.0
3750000.0,15.137267,1343.0,14.9,22.0,16.0,0.727273,0.0,10.0,0.0,10.0,0.671141,33.0,1089.0,0.0,0.0,1.325718,1.5522,2415925.925926,2828656.453629,0.0,1.0,0.0,0.0
4170000.0,15.243427,934.0,10.4,13.0,12.0,0.923077,0.0,0.0,0.0,0.0,0.0,27.0,729.0,1.0,0.0,1.474198,1.726046,2415925.925926,2828656.453629,1.0,0.0,0.0,0.0
2500000.0,14.731802,30.0,0.3,2.0,0.0,0.0,0.0,0.0,0.0,0.0,0.0,24.0,576.0,1.0,0.0,0.883812,1.0348,2415925.925926,2828656.453629,1.0,0.0,0.0,0.0
2080000.0,14.547879,2520.0,28.0,28.0,28.0,1.0,1.0,0.0,18.0,18.0,0.642857,24.0,576.0,1.0,0.0,0.735331,0.860954,2415925.925926,2828656.453629,0.0,0.0,1.0,0.0
1670000.0,14.328335,1040.0,11.6,22.0,10.0,0.454545,0.0,3.0,0.0,3.0,0.258621,26.0,676.0,1.0,0.0,0.797124,0.833648,2003244.125,2095032.57671,0.0,1.0,0.0,0.0
3540000.0,15.079638,2393.0,26.6,36.0,26.0,0.722222,1.0,8.0,0.0,8.0,0.300752,30.0,900.0,0.0,0.0,1.251478,1.465277,2415925.925926,2828656.453629,0.0,0.0,0.0,1.0
3130000.0,14.956544,2131.0,23.7,30.0,26.0,0.866667,1.0,5.0,0.0,5.0,0.21097,26.0,676.0,1.0,0.0,1.106532,1.29557,2415925.925926,2828656.453629,0.0,0.0,0.0,1.0
420000.0,12.948012,16.0,0.2,1.0,0.0,0.0,0.0,0.0,0.0,0.0,0.0,20.0,400.0,0.0,1.0,0.14848,0.173846,2415925.925926,2828656.453629,0.0,1.0,0.0,0.0
630000.0,13.353477,1921.0,21.3,23.0,23.0,1.0,1.0,0.0,0.0,0.0,0.0,20.0,400.0,0.0,1.0,0.222721,0.26077,2415925.925926,2828656.453629,1.0,0.0,0.0,0.0
2500000.0,14.731802,1979.0,22.0,23.0,21.0,0.913043,1.0,1.0,0.0,1.0,0.045455,23.0,529.0,0.0,1.0,0.883812,1.0348,2415925.925926,2828656.453629,1.0,0.0,0.0,0.0
3750000.0,15.137267,2481.0,27.6,32.0,27.0,0.84375,1.0,0.0,0.0,0.0,0.0,22.0,484.0,0.0,1.0,1.325718,1.5522,2415925.925926,2828656.453629,1.0,0.0,0.0,0.0
1250000.0,14.038655,2377.0,26.4,28.0,27.0,0.964286,1.0,1.0,0.0,1.0,0.037879,23.0,529.0,0.0,1.0,0.441906,0.5174,2415925.925926,2828656.453629,1.0,0.0,0.0,0.0
2290000.0,14.644063,2407.0,26.7,34.0,28.0,0.823529,1.0,3.0,0.0,3.0,0.11236,28.0,784.0,1.0,0.0,0.809572,0.947877,2415925.925926,2828656.453629,0.0,0.0,0.0,1.0
2080000.0,14.547879,1970.0,21.9,31.0,20.0,0.645161,1.0,1.0,0.0,1.0,0.045662,26.0,676.0,1.0,0.0,0.735331,0.860954,2415925.925926,2828656.453629,1.0,0.0,0.0,0.0
3130000.0,14.956544,1819.0,20.2,34.0,21.0,0.617647,1.0,7.0,0.0,7.0,0.346535,26.0,676.0,1.0,0.0,1.106532,1.29557,2415925.925926,2828656.453629,0.0,0.0,0.0,1.0
2710000.0,14.81246,901.0,10.0,27.0,9.0,0.333333,0.0,2.0,0.0,2.0,0.2,25.0,625.0,1.0,0.0,0.958052,1.121723,2415925.925926,2828656.453629,0.0,1.0,0.0,0.0
4170000.0,15.243427,934.0,10.4,25.0,8.0,0.32,0.0,0.0,0.0,0.0,0.0,32.0,1024.0,0.0,0.0,1.474198,1.726046,2415925.925926,2828656.453629,0.0,0.0,0.0,1.0
1670000.0,14.328335,86.0,1.0,2.0,1.0,0.5,0.0,0.0,0.0,0.0,0.0,20.0,400.0,0.0,1.0,0.590386,0.691246,2415925.925926,2828656.453629,1.0,0.0,0.0,0.0
3605083.0,15.097856,2239.0,24.9,36.0,28.0,0.777778,1.0,2.0,0.0,2.0,0.080321,22.0,484.0,0.0,1.0,0.768293,0.971831,3709578.347826,4692329.188912,0.0,0.0,0.0,1.0
820000.0,13.617061,255.0,2.8,6.0,3.0,0.5,0.0,0.0,0.0,0.0,0.0,35.0,1225.0,0.0,0.0,0.458927,1.143426,717142.857143,1786777.246187,1.0,0.0,0.0,0.0
1090000.0,13.901689,1238.0,13.8,15.0,14.0,0.933333,0.0,0.0,0.0,0.0,0.0,30.0,900.0,0.0,0.0,0.610037,1.51992,717142.857143,1786777.246187,0.0,0.0,0.0,1.0
1820000.0,14.414348,2040.0,22.7,26.0,24.0,0.923077,1.0,0.0,0.0,0.0,0.0,29.0,841.0,1.0,0.0,1.018594,2.537849,717142.857143,1786777.246187,1.0,0.0,0.0,0.0
180000.0,12.100718,33.0,0.4,3.0,0.0,0.0,0.0,0.0,0.0,0.0,0.0,19.0,361.0,0.0,1.0,0.10074,0.250996,717142.857143,1786777.246187,1.0,0.0,0.0,0.0
820000.0,13.617061,387.0,4.3,9.0,3.0,0.333333,0.0,0.0,0.0,0.0,0.0,20.0,400.0,0.0,1.0,0.458927,1.143426,717142.857143,1786777.246187,1.0,0.0,0.0,0.0
2730000.0,14.819813,2685.0,29.8,34.0,33.0,0.970588,1.0,21.0,0.0,21.0,0.704698,25.0,625.0,1.0,0.0,1.527891,1.20022,2274583.333333,1786777.246187,0.0,1.0,0.0,0.0
910000.0,13.721201,865.0,9.6,25.0,9.0,0.36,0.0,0.0,0.0,0.0,0.0,35.0,1225.0,0.0,0.0,0.509297,1.268924,717142.857143,1786777.246187,1.0,0.0,0.0,0.0
2180000.0,14.594836,2875.0,31.9,33.0,33.0,1.0,1.0,0.0,0.0,0.0,0.0,31.0,961.0,0.0,0.0,1.220074,3.039841,717142.857143,1786777.246187,0.0,0.0,0.0,1.0
270000.0,12.506181,336.0,3.7,15.0,1.0,0.066667,0.0,2.0,0.0,2.0,0.540541,18.0,324.0,0.0,1.0,0.15111,0.376494,717142.857143,1786777.246187,0.0,0.0,0.0,1.0
1270000.0,14.054528,2658.0,29.5,30.0,30.0,1.0,1.0,0.0,9.0,9.0,0.305085,28.0,784.0,1.0,0.0,0.710777,1.770916,717142.857143,1786777.246187,0.0,0.0,1.0,0.0
910000.0,13.721201,1081.0,12.0,21.0,12.0,0.571429,0.0,2.0,0.0,2.0,0.166667,25.0,625.0,1.0,0.0,0.509297,1.268924,717142.857143,1786777.246187,0.0,0.0,0.0,1.0
450000.0,13.017005,2239.0,24.9,32.0,25.0,0.78125,1.0,0.0,0.0,0.0,0.0,21.0,441.0,0.0,1.0,0.25185,0.62749,717142.857143,1786777.246187,1.0,0.0,0.0,0.0
820000.0,13.617061,133.0,1.5,6.0,0.0,0.0,0.0,1.0,0.0,1.0,0.666667,30.0,900.0,0.0,0.0,0.458927,1.143426,717142.857143,1786777.246187,0.0,0.0,0.0,1.0
2180000.0,14.594836,3060.0,34.0,34.0,34.0,1.0,1.0,0.0,0.0,0.0,0.0,31.0,961.0,0.0,0.0,1.220074,3.039841,717142.857143,1786777.246187,1.0,0.0,0.0,0.0
220000.0,12.301387,519.0,5.8,22.0,3.0,0.136364,0.0,1.0,0.0,1.0,0.172414,19.0,361.0,0.0,1.0,0.123127,0.306773,717142.857143,1786777.246187,0.0,1.0,0.0,0.0
640000.0,13.369225,1966.0,21.8,32.0,21.0,0.65625,1.0,2.0,0.0,2.0,0.091743,25.0,625.0,1.0,0.0,0.358187,0.89243,717142.857143,1786777.246187,0.0,0.0,0.0,1.0
730000.0,13.500801,1891.0,21.0,32.0,24.0,0.75,1.0,2.0,0.0,2.0,0.095238,23.0,529.0,0.0,1.0,0.408557,1.017928,717142.857143,1786777.246187,0.0,0.0,0.0,1.0
220000.0,12.301387,374.0,4.2,18.0,3.0,0.166667,0.0,0.0,0.0,0.0,0.0,18.0,324.0,0.0,1.0,0.123127,0.306773,717142.857143,1786777.246187,0.0,0.0,0.0,1.0
150000.0,11.918397,543.0,6.0,9.0,6.0,0.666667,0.0,0.0,0.0,0.0,0.0,18.0,324.0,0.0,1.0,0.08395,0.209163,717142.857143,1786777.246187,1.0,0.0,0.0,0.0
270000.0,12.506181,222.0,2.5,3.0,2.0,0.666667,0.0,0.0,0.0,0.0,0.0,23.0,529.0,0.0,1.0,0.15111,0.376494,717142.857143,1786777.246187,0.0,0.0,1.0,0.0
730000.0,13.500801,1818.0,20.2,25.0,23.0,0.92,1.0,3.0,0.0,3.0,0.148515,24.0,576.0,1.0,0.0,0.408557,1.017928,717142.857143,1786777.246187,0.0,0.0,0.0,1.0
160000.0,11.982935,180.0,2.0,2.0,2.0,1.0,0.0,0.0,0.0,0.0,0.0,19.0,361.0,0.0,1.0,0.089547,0.223108,717142.857143,1786777.246187,0.0,0.0,1.0,0.0
450000.0,13.017005,2718.0,30.2,32.0,31.0,0.96875,1.0,1.0,0.0,1.0,0.033113,22.0,484.0,0.0,1.0,0.25185,0.62749,717142.857143,1786777.246187,1.0,0.0,0.0,0.0
730000.0,13.500801,651.0,7.2,16.0,6.0,0.375,0.0,0.0,0.0,0.0,0.0,38.0,1444.0,0.0,0.0,0.408557,1.017928,717142.857143,1786777.246187,0.0,0.0,0.0,1.0
220000.0,12.301387,1273.0,14.1,29.0,14.0,0.482759,0.0,5.0,0.0,5.0,0.35461,17.0,289.0,0.0,1.0,0.123127,0.306773,717142.857143,1786777.246187,0.0,1.0,0.0,0.0
160000.0,11.982935,1157.0,12.9,19.0,14.0,0.736842,0.0,4.0,0.0,4.0,0.310078,18.0,324.0,0.0,1.0,0.089547,0.223108,717142.857143,1786777.246187,0.0,1.0,0.0,0.0
640000.0,13.369225,2135.0,23.7,27.0,26.0,0.962963,1.0,2.0,0.0,2.0,0.084388,23.0,529.0,0.0,1.0,0.358187,0.89243,717142.857143,1786777.246187,0.0,0.0,0.0,1.0
640000.0,13.369225,219.0,2.4,15.0,1.0,0.066667,0.0,0.0,0.0,0.0,0.0,27.0,729.0,1.0,0.0,0.358187,0.720721,888000.0,1786777.246187,0.0,0.0,0.0,1.0
450000.0,13.017005,1005.0,11.2,13.0,12.0,0.923077,0.0,3.0,0.0,3.0,0.267857,22.0,484.0,0.0,1.0,0.25185,0.506757,888000.0,1786777.246187,1.0,0.0,0.0,0.0
910000.0,13.721201,1944.0,21.6,26.0,21.0,0.807692,1.0,0.0,0.0,0.0,0.0,23.0,529.0,0.0,1.0,0.509297,1.024775,888000.0,1786777.246187,1.0,0.0,0.0,0.0
1180000.0,13.981026,2517.0,28.0,30.0,29.0,0.966667,1.0,3.0,0.0,3.0,0.107143,24.0,576.0,1.0,0.0,0.660407,1.328829,888000.0,1786777.246187,0.0,0.0,0.0,1.0
1270000.0,14.054528,2460.0,27.3,29.0,29.0,1.0,1.0,0.0,7.0,7.0,0.25641,32.0,1024.0,0.0,0.0,0.710777,1.43018,888000.0,1786777.246187,0.0,0.0,1.0,0.0
1450000.0,14.187075,2344.0,26.0,29.0,27.0,0.931034,1.0,0.0,0.0,0.0,0.0,27.0,729.0,1.0,0.0,0.811517,1.632883,888000.0,1786777.246187,0.0,0.0,0.0,1.0
1450000.0,14.187075,861.0,9.6,10.0,9.0,0.9,0.0,1.0,0.0,1.0,0.104167,28.0,784.0,1.0,0.0,0.811517,1.632883,888000.0,1786777.246187,1.0,0.0,0.0,0.0
330000.0,12.706851,1246.0,13.8,23.0,15.0,0.652174,0.0,0.0,0.0,0.0,0.0,22.0,484.0,0.0,1.0,0.18469,0.371622,888000.0,1786777.246187,0.0,0.0,0.0,1.0
1640000.0,14.310207,2327.0,25.9,30.0,26.0,0.866667,1.0,0.0,0.0,0.0,0.0,27.0,729.0,1.0,0.0,0.917854,1.846847,888000.0,1786777.246187,1.0,0.0,0.0,0.0
640000.0,13.369225,625.0,6.9,14.0,7.0,0.5,0.0,0.0,0.0,0.0,0.0,20.0,400.0,0.0,1.0,0.358187,0.720721,888000.0,1786777.246187,0.0,0.0,0.0,1.0
1090000.0,13.901689,1522.0,16.9,31.0,16.0,0.516129,1.0,1.0,0.0,1.0,0.059172,23.0,529.0,0.0,1.0,0.610037,1.227477,888000.0,1786777.246187,0.0,0.0,0.0,1.0
1000000.0,13.815512,2830.0,31.4,33.0,32.0,0.969697,1.0,3.0,0.0,3.0,0.095541,21.0,441.0,0.0,1.0,0.559667,1.126126,888000.0,1786777.246187,0.0,0.0,0.0,1.0
360000.0,12.793862,1536.0,17.1,24.0,17.0,0.708333,1.0,0.0,0.0,0.0,0.0,22.0,484.0,0.0,1.0,0.20148,0.405405,888000.0,1786777.246187,1.0,0.0,0.0,0.0
1180000.0,13.981026,2770.0,30.8,32.0,32.0,1.0,1.0,12.0,0.0,12.0,0.38961,25.0,625.0,1.0,0.0,0.660407,1.328829,888000.0,1786777.246187,0.0,1.0,0.0,0.0
550000.0,13.217675,321.0,3.6,17.0,1.0,0.058824,0.0,0.0,0.0,0.0,0.0,22.0,484.0,0.0,1.0,0.307817,0.619369,888000.0,1786777.246187,0.0,0.0,0.0,1.0
820000.0,13.617061,1780.0,19.8,25.0,20.0,0.8,1.0,1.0,0.0,1.0,0.050505,24.0,576.0,1.0,0.0,0.458927,0.923423,888000.0,1786777.246187,1.0,0.0,0.0,0.0
1090000.0,13.901689,682.0,7.6,15.0,8.0,0.533333,0.0,0.0,0.0,0.0,0.0,23.0,529.0,0.0,1.0,0.610037,1.227477,888000.0,1786777.246187,0.0,0.0,0.0,1.0
820000.0,13.617061,807.0,9.0,11.0,10.0,0.909091,0.0,1.0,0.0,1.0,0.111111,24.0,576.0,1.0,0.0,0.458927,0.923423,888000.0,1786777.246187,0.0,0.0,0.0,1.0
1820000.0,14.414348,581.0,6.5,10.0,7.0,0.7,0.0,0.0,0.0,0.0,0.0,27.0,729.0,1.0,0.0,1.018594,2.04955,888000.0,1786777.246187,0.0,0.0,0.0,1.0
820000.0,13.617061,1357.0,15.1,27.0,14.0,0.518519,0.0,2.0,0.0,2.0,0.13245,17.0,289.0,0.0,1.0,0.458927,0.599385,1368069.793103,1786777.246187,0.0,0.0,0.0,1.0
160000.0,11.982935,26.0,0.3,3.0,0.0,0.0,0.0,0.0,0.0,0.0,0.0,19.0,361.0,0.0,1.0,0.089547,0.18018,888000.0,1786777.246187,0.0,0.0,0.0,1.0
1550000.0,14.253766,1226.0,13.6,27.0,14.0,0.518519,0.0,3.0,0.0,3.0,0.220588,23.0,529.0,0.0,1.0,0.867484,1.745495,888000.0,1786777.246187,0.0,1.0,0.0,0.0
1090000.0,13.901689,2131.0,23.7,24.0,24.0,1.0,1.0,2.0,0.0,2.0,0.084388,24.0,576.0,1.0,0.0,0.610037,1.227477,888000.0,1786777.246187,1.0,0.0,0.0,0.0
220000.0,12.301387,315.0,3.5,4.0,4.0,1.0,0.0,0.0,0.0,0.0,0.0,20.0,400.0,0.0,1.0,0.123127,0.247748,888000.0,1786777.246187,1.0,0.0,0.0,0.0
360000.0,12.793862,598.0,6.6,8.0,5.0,0.625,0.0,0.0,1.0,1.0,0.151515,24.0,576.0,1.0,0.0,0.20148,0.405405,888000.0,1786777.246187,0.0,0.0,1.0,0.0
130000.0,11.775297,10.0,0.1,2.0,0.0,0.0,0.0,0.0,0.0,0.0,0.0,17.0,289.0,0.0,1.0,0.072757,0.146396,888000.0,1786777.246187,0.0,0.0,0.0,1.0
640000.0,13.369225,1286.0,14.3,21.0,14.0,0.666667,0.0,0.0,0.0,0.0,0.0,23.0,529.0,0.0,1.0,0.358187,0.543629,1177272.727273,1786777.246187,1.0,0.0,0.0,0.0
2730000.0,14.819813,2546.0,28.3,29.0,29.0,1.0,1.0,1.0,0.0,1.0,0.035336,30.0,900.0,0.0,0.0,1.527891,2.318919,1177272.727273,1786777.246187,1.0,0.0,0.0,0.0
550000.0,13.217675,1686.0,18.7,25.0,19.0,0.76,1.0,1.0,0.0,1.0,0.053476,22.0,484.0,0.0,1.0,0.307817,0.467181,1177272.727273,1786777.246187,1.0,0.0,0.0,0.0
360000.0,12.793862,2192.0,24.4,25.0,24.0,0.96,1.0,0.0,9.0,9.0,0.368852,26.0,676.0,1.0,0.0,0.20148,0.305792,1177272.727273,1786777.246187,0.0,0.0,1.0,0.0
180000.0,12.100718,341.0,3.8,17.0,2.0,0.117647,0.0,0.0,0.0,0.0,0.0,19.0,361.0,0.0,1.0,0.10074,0.152896,1177272.727273,1786777.246187,0.0,0.0,0.0,1.0
1820000.0,14.414348,2688.0,29.9,33.0,31.0,0.939394,1.0,1.0,0.0,1.0,0.033445,27.0,729.0,1.0,0.0,1.018594,1.545946,1177272.727273,1786777.246187,0.0,0.0,0.0,1.0
1360000.0,14.122996,2773.0,30.8,33.0,31.0,0.939394,1.0,2.0,0.0,2.0,0.064935,23.0,529.0,0.0,1.0,0.761147,1.155212,1177272.727273,1786777.246187,0.0,0.0,0.0,1.0
360000.0,12.793862,328.0,3.6,5.0,3.0,0.6,0.0,1.0,0.0,1.0,0.277778,27.0,729.0,1.0,0.0,0.20148,0.305792,1177272.727273,1786777.246187,1.0,0.0,0.0,0.0
550000.0,13.217675,1562.0,17.4,20.0,17.0,0.85,1.0,0.0,0.0,0.0,0.0,22.0,484.0,0.0,1.0,0.307817,0.467181,1177272.727273,1786777.246187,1.0,0.0,0.0,0.0
90000.0,11.407576,16.0,0.2,1.0,0.0,0.0,0.0,0.0,0.0,0.0,0.0,19.0,361.0,0.0,1.0,0.05037,0.076448,1177272.727273,1786777.246187,0.0,1.0,0.0,0.0
730000.0,13.500801,1750.0,19.4,24.0,22.0,0.916667,1.0,5.0,0.0,5.0,0.257732,22.0,484.0,0.0,1.0,0.408557,0.620077,1177272.727273,1786777.246187,0.0,0.0,0.0,1.0
1820000.0,14.414348,2791.0,31.0,32.0,31.0,0.96875,1.0,0.0,0.0,0.0,0.0,33.0,1089.0,0.0,0.0,1.018594,1.545946,1177272.727273,1786777.246187,1.0,0.0,0.0,0.0
2000000.0,14.508658,834.0,9.3,24.0,9.0,0.375,0.0,1.0,0.0,1.0,0.107527,28.0,784.0,1.0,0.0,1.119334,1.698842,1177272.727273,1786777.246187,0.0,0.0,0.0,1.0
640000.0,13.369225,288.0,3.2,9.0,3.0,0.333333,0.0,0.0,0.0,0.0,0.0,20.0,400.0,0.0,1.0,0.358187,0.543629,1177272.727273,1786777.246187,1.0,0.0,0.0,0.0
2550000.0,14.751604,2820.0,31.3,32.0,32.0,1.0,1.0,8.0,0.0,8.0,0.255591,31.0,961.0,0.0,0.0,1.42715,2.166023,1177272.727273,1786777.246187,0.0,1.0,0.0,0.0
2360000.0,14.674173,716.0,8.0,18.0,8.0,0.444444,0.0,2.0,0.0,2.0,0.25,29.0,841.0,1.0,0.0,1.320814,2.004633,1177272.727273,1786777.246187,0.0,1.0,0.0,0.0
640000.0,13.369225,1054.0,11.7,28.0,9.0,0.321429,0.0,1.0,0.0,1.0,0.08547,21.0,441.0,0.0,1.0,0.358187,0.543629,1177272.727273,1786777.246187,0.0,0.0,0.0,1.0
2360000.0,14.674173,1962.0,21.8,24.0,22.0,0.916667,1.0,1.0,0.0,1.0,0.045872,32.0,1024.0,0.0,0.0,1.320814,1.725058,1368069.793103,1786777.246187,0.0,0.0,0.0,1.0
2180000.0,14.594836,864.0,9.6,10.0,10.0,1.0,0.0,0.0,1.0,1.0,0.104167,25.0,625.0,1.0,0.0,1.220074,1.851737,1177272.727273,1786777.246187,0.0,0.0,1.0,0.0
160000.0,11.982935,375.0,4.2,6.0,4.0,0.666667,0.0,0.0,0.0,0.0,0.0,18.0,324.0,0.0,1.0,0.089547,0.135907,1177272.727273,1786777.246187,1.0,0.0,0.0,0.0
450000.0,13.017005,1200.0,13.3,27.0,12.0,0.444444,0.0,5.0,0.0,5.0,0.37594,22.0,484.0,0.0,1.0,0.25185,0.382239,1177272.727273,1786777.246187,0.0,0.0,0.0,1.0
2730000.0,14.819813,2625.0,29.2,32.0,32.0,1.0,1.0,9.0,0.0,9.0,0.308219,29.0,841.0,1.0,0.0,1.527891,2.318919,1177272.727273,1786777.246187,0.0,0.0,0.0,1.0
1000000.0,13.815512,1338.0,14.9,16.0,15.0,0.9375,0.0,0.0,0.0,0.0,0.0,21.0,441.0,0.0,1.0,0.559667,0.849421,1177272.727273,1786777.246187,1.0,0.0,0.0,0.0
1450000.0,14.187075,740.0,8.2,11.0,8.0,0.727273,0.0,2.0,0.0,2.0,0.243902,31.0,961.0,0.0,0.0,0.811517,2.090628,693571.428571,1786777.246187,0.0,0.0,0.0,1.0
910000.0,13.721201,2324.0,25.8,28.0,28.0,1.0,1.0,1.0,0.0,1.0,0.03876,23.0,529.0,0.0,1.0,0.509297,1.312049,693571.428571,1786777.246187,1.0,0.0,0.0,0.0
730000.0,13.500801,2625.0,29.2,30.0,29.0,0.966667,1.0,0.0,0.0,0.0,0.0,25.0,625.0,1.0,0.0,0.408557,1.052523,693571.428571,1786777.246187,0.0,0.0,0.0,1.0
160000.0,11.982935,108.0,1.2,7.0,0.0,0.0,0.0,0.0,0.0,0.0,0.0,18.0,324.0,0.0,1.0,0.089547,0.23069,693571.428571,1786777.246187,0.0,0.0,0.0,1.0
910000.0,13.721201,419.0,4.7,9.0,4.0,0.444444,0.0,0.0,0.0,0.0,0.0,23.0,529.0,0.0,1.0,0.509297,1.312049,693571.428571,1786777.246187,1.0,0.0,0.0,0.0
450000.0,13.017005,530.0,5.9,17.0,7.0,0.411765,0.0,1.0,0.0,1.0,0.169492,24.0,576.0,1.0,0.0,0.25185,0.648816,693571.428571,1786777.246187,0.0,1.0,0.0,0.0
450000.0,13.017005,1239.0,13.8,26.0,15.0,0.576923,0.0,3.0,0.0,3.0,0.217391,24.0,576.0,1.0,0.0,0.25185,0.648816,693571.428571,1786777.246187,0.0,0.0,0.0,1.0
1450000.0,14.187075,2398.0,26.6,29.0,28.0,0.965517,1.0,1.0,0.0,1.0,0.037594,30.0,900.0,0.0,0.0,0.811517,2.090628,693571.428571,1786777.246187,1.0,0.0,0.0,0.0
550000.0,13.217675,381.0,4.2,13.0,3.0,0.230769,0.0,1.0,0.0,1.0,0.238095,25.0,625.0,1.0,0.0,0.307817,0.792997,693571.428571,1786777.246187,0.0,1.0,0.0,0.0
550000.0,13.217675,2948.0,32.8,34.0,33.0,0.970588,1.0,8.0,0.0,8.0,0.243902,24.0,576.0,1.0,0.0,0.307817,0.792997,693571.428571,1786777.246187,0.0,1.0,0.0,0.0
160000.0,11.982935,372.0,4.1,9.0,4.0,0.444444,0.0,1.0,0.0,1.0,0.243902,19.0,361.0,0.0,1.0,0.089547,0.23069,693571.428571,1786777.246187,0.0,1.0,0.0,0.0
640000.0,13.369225,315.0,3.5,4.0,3.0,0.75,0.0,0.0,0.0,0.0,0.0,30.0,900.0,0.0,0.0,0.358187,0.92276,693571.428571,1786777.246187,0.0,0.0,1.0,0.0
910000.0,13.721201,2339.0,26.0,30.0,26.0,0.866667,1.0,0.0,0.0,0.0,0.0,34.0,1156.0,0.0,0.0,0.509297,1.312049,693571.428571,1786777.246187,1.0,0.0,0.0,0.0
640000.0,13.369225,1272.0,14.1,15.0,14.0,0.933333,0.0,0.0,0.0,0.0,0.0,21.0,441.0,0.0,1.0,0.358187,0.92276,693571.428571,1786777.246187,0.0,0.0,0.0,1.0
910000.0,13.721201,1542.0,17.1,27.0,17.0,0.62963,1.0,2.0,0.0,2.0,0.116959,32.0,1024.0,0.0,0.0,0.509297,1.312049,693571.428571,1786777.246187,0.0,1.0,0.0,0.0
910000.0,13.721201,2655.0,29.5,30.0,30.0,1.0,1.0,0.0,6.0,6.0,0.20339,32.0,1024.0,0.0,0.0,0.509297,1.312049,693571.428571,1786777.246187,0.0,0.0,1.0,0.0
160000.0,11.982935,104.0,1.2,5.0,0.0,0.0,0.0,1.0,0.0,1.0,0.833333,19.0,361.0,0.0,1.0,0.089547,0.23069,693571.428571,1786777.246187,0.0,1.0,0.0,0.0
150000.0,11.918397,90.0,1.0,1.0,1.0,1.0,0.0,0.0,1.0,1.0,1.0,19.0,361.0,0.0,1.0,0.08395,0.216272,693571.428571,1786777.246187,0.0,0.0,1.0,0.0
910000.0,13.721201,2566.0,28.5,33.0,30.0,0.909091,1.0,4.0,0.0,4.0,0.140351,23.0,529.0,0.0,1.0,0.509297,1.312049,693571.428571,1786777.246187,0.0,0.0,0.0,1.0
910000.0,13.721201,229.0,2.5,8.0,1.0,0.125,0.0,0.0,0.0,0.0,0.0,24.0,576.0,1.0,0.0,0.509297,1.312049,693571.428571,1786777.246187,0.0,1.0,0.0,0.0
640000.0,13.369225,1759.0,19.5,30.0,21.0,0.7,1.0,1.0,0.0,1.0,0.051282,20.0,400.0,0.0,1.0,0.358187,0.92276,693571.428571,1786777.246187,0.0,0.0,0.0,1.0
730000.0,13.500801,1019.0,11.3,17.0,13.0,0.764706,0.0,1.0,0.0,1.0,0.088496,31.0,961.0,0.0,0.0,0.408557,1.052523,693571.428571,1786777.246187,0.0,0.0,0.0,1.0
130000.0,11.775297,495.0,5.5,8.0,6.0,0.75,0.0,1.0,0.0,1.0,0.181818,16.0,256.0,0.0,1.0,0.072757,0.187436,693571.428571,1786777.246187,1.0,0.0,0.0,0.0
1090000.0,13.901689,201.0,2.2,5.0,2.0,0.4,0.0,0.0,0.0,0.0,0.0,33.0,1089.0,0.0,0.0,0.610037,1.571576,693571.428571,1786777.246187,0.0,0.0,0.0,1.0
910000.0,13.721201,381.0,4.2,14.0,2.0,0.142857,0.0,0.0,0.0,0.0,0.0,22.0,484.0,0.0,1.0,0.509297,1.312049,693571.428571,1786777.246187,0.0,0.0,0.0,1.0
550000.0,13.217675,2338.0,26.0,30.0,28.0,0.933333,1.0,1.0,0.0,1.0,0.038462,27.0,729.0,1.0,0.0,0.307817,0.792997,693571.428571,1786777.246187,1.0,0.0,0.0,0.0
820000.0,13.617061,1332.0,14.8,30.0,14.0,0.466667,0.0,2.0,0.0,2.0,0.135135,23.0,529.0,0.0,1.0,0.458927,1.182286,693571.428571,1786777.246187,0.0,0.0,0.0,1.0
640000.0,13.369225,327.0,3.6,12.0,3.0,0.25,0.0,0.0,0.0,0.0,0.0,31.0,961.0,0.0,0.0,0.358187,0.92276,693571.428571,1786777.246187,0.0,1.0,0.0,0.0
2180000.0,14.594836,718.0,8.0,21.0,6.0,0.285714,0.0,2.0,0.0,2.0,0.25,24.0,576.0,1.0,0.0,1.220074,1.363407,1598935.769231,1786777.246187,0.0,0.0,0.0,1.0
2910000.0,14.883664,2683.0,29.8,32.0,31.0,0.96875,1.0,3.0,0.0,3.0,0.100671,31.0,961.0,0.0,0.0,1.628631,1.819961,1598935.769231,1786777.246187,0.0,0.0,0.0,1.0
1820000.0,14.414348,410.0,4.6,10.0,2.0,0.2,0.0,3.0,0.0,3.0,0.652174,28.0,784.0,1.0,0.0,1.018594,1.138257,1598935.769231,1786777.246187,0.0,0.0,0.0,1.0
2910000.0,14.883664,259.0,2.9,7.0,2.0,0.285714,0.0,1.0,0.0,1.0,0.344828,27.0,729.0,1.0,0.0,1.628631,1.819961,1598935.769231,1786777.246187,0.0,0.0,0.0,1.0
360000.0,12.793862,762.0,8.5,19.0,6.0,0.315789,0.0,0.0,0.0,0.0,0.0,18.0,324.0,0.0,1.0,0.20148,0.22515,1598935.769231,1786777.246187,0.0,0.0,0.0,1.0
3700000.0,15.123844,583.0,6.5,20.0,5.0,0.25,0.0,1.0,0.0,1.0,0.153846,22.0,484.0,0.0,1.0,1.766082,0.65734,5628750.0,2095032.57671,0.0,0.0,0.0,1.0
450000.0,13.017005,104.0,1.2,10.0,0.0,0.0,0.0,0.0,0.0,0.0,0.0,20.0,400.0,0.0,1.0,0.25185,0.281437,1598935.769231,1786777.246187,0.0,1.0,0.0,0.0
1652330.0,14.317698,353.0,3.9,7.0,5.0,0.714286,0.0,0.0,0.0,0.0,0.0,31.0,961.0,0.0,0.0,0.924754,1.033394,1598935.769231,1786777.246187,1.0,0.0,0.0,0.0
2000000.0,14.508658,1180.0,13.1,19.0,16.0,0.842105,0.0,0.0,0.0,0.0,0.0,31.0,961.0,0.0,0.0,1.119334,1.758642,1137241.37931,1786777.246187,1.0,0.0,0.0,0.0
910000.0,13.721201,507.0,5.6,26.0,4.0,0.153846,0.0,1.0,0.0,1.0,0.178571,34.0,1156.0,0.0,0.0,0.509297,0.569129,1598935.769231,1786777.246187,0.0,0.0,0.0,1.0
3270000.0,15.000301,2443.0,27.1,33.0,29.0,0.878788,1.0,11.0,0.0,11.0,0.405904,32.0,1024.0,0.0,0.0,1.830111,2.04511,1598935.769231,1786777.246187,0.0,0.0,0.0,1.0
450000.0,13.017005,99.0,1.1,4.0,1.0,0.25,0.0,0.0,0.0,0.0,0.0,19.0,361.0,0.0,1.0,0.25185,0.281437,1598935.769231,1786777.246187,0.0,0.0,0.0,1.0
450000.0,13.017005,2014.0,22.4,23.0,22.0,0.956522,1.0,3.0,0.0,3.0,0.133929,20.0,400.0,0.0,1.0,0.25185,0.281437,1598935.769231,1786777.246187,1.0,0.0,0.0,0.0
2730000.0,14.819813,807.0,9.0,10.0,10.0,1.0,0.0,0.0,0.0,0.0,0.0,32.0,1024.0,0.0,0.0,1.527891,1.707386,1598935.769231,1786777.246187,1.0,0.0,0.0,0.0
150000.0,11.918397,190.0,2.1,4.0,2.0,0.5,0.0,0.0,0.0,0.0,0.0,17.0,289.0,0.0,1.0,0.08395,0.093812,1598935.769231,1786777.246187,1.0,0.0,0.0,0.0
2180000.0,14.594836,2925.0,32.5,33.0,33.0,1.0,1.0,0.0,0.0,0.0,0.0,26.0,676.0,1.0,0.0,1.220074,1.363407,1598935.769231,1786777.246187,1.0,0.0,0.0,0.0
2000000.0,14.508658,2323.0,25.8,29.0,27.0,0.931034,1.0,3.0,0.0,3.0,0.116279,23.0,529.0,0.0,1.0,1.119334,1.250832,1598935.769231,1786777.246187,0.0,0.0,0.0,1.0
330000.0,12.706851,90.0,1.0,1.0,1.0,1.0,0.0,0.0,1.0,1.0,1.0,34.0,1156.0,0.0,0.0,0.18469,0.206387,1598935.769231,1786777.246187,0.0,0.0,1.0,0.0
2000000.0,14.508658,3002.0,33.4,34.0,33.0,0.970588,1.0,1.0,0.0,1.0,0.02994,29.0,841.0,1.0,0.0,1.119334,1.250832,1598935.769231,1786777.246187,0.0,0.0,0.0,1.0
2000000.0,14.508658,491.0,5.5,16.0,3.0,0.1875,0.0,1.0,0.0,1.0,0.181818,27.0,729.0,1.0,0.0,1.119334,1.250832,1598935.769231,1786777.246187,0.0,0.0,0.0,1.0
550000.0,13.217675,616.0,6.8,8.0,8.0,1.0,0.0,0.0,0.0,0.0,0.0,19.0,361.0,0.0,1.0,0.307817,0.343979,1598935.769231,1786777.246187,1.0,0.0,0.0,0.0
3090000.0,14.943682,1799.0,20.0,30.0,26.0,0.866667,1.0,12.0,0.0,12.0,0.6,27.0,729.0,1.0,0.0,1.729371,1.932535,1598935.769231,1786777.246187,0.0,1.0,0.0,0.0
450000.0,13.017005,798.0,8.9,25.0,7.0,0.28,0.0,5.0,0.0,5.0,0.561798,19.0,361.0,0.0,1.0,0.25185,0.281437,1598935.769231,1786777.246187,0.0,1.0,0.0,0.0
730000.0,13.500801,2970.0,33.0,33.0,33.0,1.0,1.0,0.0,21.0,21.0,0.636364,20.0,400.0,0.0,1.0,0.408557,0.456554,1598935.769231,1786777.246187,0.0,0.0,1.0,0.0
2360000.0,14.674173,1720.0,19.1,26.0,20.0,0.769231,1.0,2.0,0.0,2.0,0.104712,32.0,1024.0,0.0,0.0,1.320814,1.475982,1598935.769231,1786777.246187,0.0,0.0,0.0,1.0
1820000.0,14.414348,1827.0,20.3,23.0,20.0,0.869565,1.0,2.0,0.0,2.0,0.098522,21.0,441.0,0.0,1.0,1.018594,1.138257,1598935.769231,1786777.246187,1.0,0.0,0.0,0.0
1820000.0,14.414348,1352.0,15.0,25.0,14.0,0.56,0.0,2.0,0.0,2.0,0.133333,26.0,676.0,1.0,0.0,1.018594,1.138257,1598935.769231,1786777.246187,0.0,0.0,0.0,1.0
2000000.0,14.508658,1991.0,22.1,29.0,26.0,0.896552,1.0,12.0,0.0,12.0,0.542986,30.0,900.0,0.0,0.0,1.119334,1.250832,1598935.769231,1786777.246187,0.0,0.0,0.0,1.0
2180000.0,14.594836,509.0,5.7,9.0,7.0,0.777778,0.0,0.0,0.0,0.0,0.0,25.0,625.0,1.0,0.0,1.220074,1.192761,1827692.307692,1786777.246187,1.0,0.0,0.0,0.0
4550000.0,15.330638,8.0,0.1,2.0,0.0,0.0,0.0,0.0,0.0,0.0,0.0,32.0,1024.0,0.0,0.0,2.546484,2.489478,1827692.307692,1786777.246187,0.0,0.0,0.0,1.0
1270000.0,14.054528,226.0,2.5,3.0,2.0,0.666667,0.0,0.0,0.0,0.0,0.0,27.0,729.0,1.0,0.0,0.710777,0.694865,1827692.307692,1786777.246187,0.0,0.0,1.0,0.0
2000000.0,14.508658,2424.0,26.9,29.0,28.0,0.965517,1.0,1.0,0.0,1.0,0.037175,33.0,1089.0,0.0,0.0,1.119334,1.094276,1827692.307692,1786777.246187,1.0,0.0,0.0,0.0
1090000.0,13.901689,2321.0,25.8,30.0,28.0,0.933333,1.0,0.0,0.0,0.0,0.0,17.0,289.0,0.0,1.0,0.610037,0.59638,1827692.307692,1786777.246187,0.0,0.0,0.0,1.0
4550000.0,15.330638,2332.0,25.9,27.0,26.0,0.962963,1.0,2.0,0.0,2.0,0.07722,34.0,1156.0,0.0,0.0,2.546484,2.489478,1827692.307692,1786777.246187,0.0,0.0,0.0,1.0
1640000.0,14.310207,2834.0,31.5,32.0,32.0,1.0,1.0,0.0,18.0,18.0,0.571429,25.0,625.0,1.0,0.0,0.917854,0.897306,1827692.307692,1786777.246187,0.0,0.0,1.0,0.0
1450000.0,14.187075,790.0,8.8,18.0,7.0,0.388889,0.0,0.0,0.0,0.0,0.0,28.0,784.0,1.0,0.0,0.811517,0.79335,1827692.307692,1786777.246187,1.0,0.0,0.0,0.0
2730000.0,14.819813,954.0,10.6,13.0,9.0,0.692308,0.0,0.0,0.0,0.0,0.0,30.0,900.0,0.0,0.0,1.527891,1.493687,1827692.307692,1786777.246187,1.0,0.0,0.0,0.0
730000.0,13.500801,567.0,6.3,18.0,4.0,0.222222,0.0,3.0,0.0,3.0,0.47619,18.0,324.0,0.0,1.0,0.408557,0.399411,1827692.307692,1786777.246187,0.0,0.0,0.0,1.0
1270000.0,14.054528,2053.0,22.8,34.0,26.0,0.764706,1.0,4.0,0.0,4.0,0.175439,24.0,576.0,1.0,0.0,0.710777,0.694865,1827692.307692,1786777.246187,0.0,0.0,0.0,1.0
2360000.0,14.674173,338.0,3.8,12.0,3.0,0.25,0.0,1.0,0.0,1.0,0.263158,29.0,841.0,1.0,0.0,1.320814,1.291246,1827692.307692,1786777.246187,0.0,0.0,0.0,1.0
1270000.0,14.054528,432.0,4.8,13.0,4.0,0.307692,0.0,5.0,0.0,5.0,1.041667,22.0,484.0,0.0,1.0,0.710777,0.694865,1827692.307692,1786777.246187,0.0,1.0,0.0,0.0
1360000.0,14.122996,2460.0,27.3,32.0,29.0,0.90625,1.0,8.0,0.0,8.0,0.29304,22.0,484.0,0.0,1.0,0.761147,0.744108,1827692.307692,1786777.246187,0.0,0.0,0.0,1.0
910000.0,13.721201,279.0,3.1,11.0,3.0,0.272727,0.0,1.0,0.0,1.0,0.322581,20.0,400.0,0.0,1.0,0.509297,0.497896,1827692.307692,1786777.246187,0.0,0.0,0.0,1.0
1180000.0,13.981026,2370.0,26.3,29.0,27.0,0.931034,1.0,8.0,0.0,8.0,0.304183,20.0,400.0,0.0,1.0,0.660407,0.645623,1827692.307692,1786777.246187,0.0,1.0,0.0,0.0
1820000.0,14.414348,1287.0,14.3,26.0,13.0,0.5,0.0,2.0,0.0,2.0,0.13986,30.0,900.0,0.0,0.0,1.018594,0.995791,1827692.307692,1786777.246187,0.0,0.0,0.0,1.0
910000.0,13.721201,2405.0,26.7,29.0,27.0,0.931034,1.0,1.0,0.0,1.0,0.037453,22.0,484.0,0.0,1.0,0.509297,0.497896,1827692.307692,1786777.246187,1.0,0.0,0.0,0.0
1000000.0,13.815512,1534.0,17.0,30.0,19.0,0.633333,1.0,1.0,0.0,1.0,0.058824,20.0,400.0,0.0,1.0,0.559667,0.547138,1827692.307692,1786777.246187,0.0,0.0,0.0,1.0
730000.0,13.500801,348.0,3.8,15.0,3.0,0.2,0.0,0.0,0.0,0.0,0.0,19.0,361.0,0.0,1.0,0.408557,0.862205,846666.666667,1786777.246187,0.0,1.0,0.0,0.0
2730000.0,14.819813,1609.0,17.9,30.0,17.0,0.566667,1.0,7.0,0.0,7.0,0.391061,38.0,1444.0,0.0,0.0,1.527891,1.493687,1827692.307692,1786777.246187,0.0,1.0,0.0,0.0
1360000.0,14.122996,505.0,5.6,18.0,4.0,0.222222,0.0,1.0,0.0,1.0,0.178571,24.0,576.0,1.0,0.0,0.761147,0.744108,1827692.307692,1786777.246187,0.0,0.0,0.0,1.0
270000.0,12.506181,51.0,0.6,1.0,1.0,1.0,0.0,0.0,0.0,0.0,0.0,20.0,400.0,0.0,1.0,0.15111,0.147727,1827692.307692,1786777.246187,1.0,0.0,0.0,0.0
2360000.0,14.674173,2241.0,24.9,30.0,27.0,0.9,1.0,3.0,0.0,3.0,0.120482,27.0,729.0,1.0,0.0,1.320814,1.291246,1827692.307692,1786777.246187,1.0,0.0,0.0,0.0
160000.0,11.982935,185.0,2.1,10.0,1.0,0.1,0.0,1.0,0.0,1.0,0.47619,17.0,289.0,0.0,1.0,0.089547,0.087542,1827692.307692,1786777.246187,0.0,0.0,0.0,1.0
4550000.0,15.330638,1909.0,21.2,25.0,21.0,0.84,1.0,2.0,0.0,2.0,0.09434,33.0,1089.0,0.0,0.0,2.546484,2.489478,1827692.307692,1786777.246187,1.0,0.0,0.0,0.0
1820000.0,14.414348,709.0,7.9,15.0,8.0,0.533333,0.0,0.0,0.0,0.0,0.0,23.0,529.0,0.0,1.0,1.018594,0.995791,1827692.307692,1786777.246187,1.0,0.0,0.0,0.0
730000.0,13.500801,1444.0,16.0,17.0,16.0,0.941176,0.0,0.0,0.0,0.0,0.0,20.0,400.0,0.0,1.0,0.408557,0.758263,962727.272727,1786777.246187,1.0,0.0,0.0,0.0
640000.0,13.369225,2605.0,28.9,31.0,30.0,0.967742,1.0,2.0,0.0,2.0,0.069204,20.0,400.0,0.0,1.0,0.358187,0.664778,962727.272727,1786777.246187,0.0,0.0,0.0,1.0
550000.0,13.217675,2119.0,23.5,31.0,22.0,0.709677,1.0,2.0,0.0,2.0,0.085106,20.0,400.0,0.0,1.0,0.307817,0.571294,962727.272727,1786777.246187,0.0,0.0,0.0,1.0
910000.0,13.721201,1212.0,13.5,22.0,15.0,0.681818,0.0,10.0,0.0,10.0,0.740741,25.0,625.0,1.0,0.0,0.509297,0.945231,962727.272727,1786777.246187,0.0,1.0,0.0,0.0
1270000.0,14.054528,1979.0,22.0,25.0,22.0,0.88,1.0,0.0,0.0,0.0,0.0,23.0,529.0,0.0,1.0,0.710777,1.319169,962727.272727,1786777.246187,1.0,0.0,0.0,0.0
730000.0,13.500801,270.0,3.0,3.0,3.0,1.0,0.0,0.0,1.0,1.0,0.333333,28.0,784.0,1.0,0.0,0.408557,0.758263,962727.272727,1786777.246187,0.0,0.0,1.0,0.0
640000.0,13.369225,1312.0,14.6,23.0,14.0,0.608696,0.0,0.0,0.0,0.0,0.0,24.0,576.0,1.0,0.0,0.358187,0.664778,962727.272727,1786777.246187,1.0,0.0,0.0,0.0
550000.0,13.217675,1365.0,15.2,30.0,15.0,0.5,0.0,1.0,0.0,1.0,0.065789,21.0,441.0,0.0,1.0,0.307817,0.571294,962727.272727,1786777.246187,0.0,0.0,0.0,1.0
1640000.0,14.310207,1800.0,20.0,31.0,23.0,0.741935,1.0,4.0,0.0,4.0,0.2,27.0,729.0,1.0,0.0,0.917854,1.703494,962727.272727,1786777.246187,0.0,0.0,0.0,1.0
420000.0,12.948012,560.0,6.2,15.0,5.0,0.333333,0.0,0.0,0.0,0.0,0.0,22.0,484.0,0.0,1.0,0.23506,0.436261,962727.272727,1786777.246187,0.0,0.0,0.0,1.0
2180000.0,14.594836,2318.0,25.8,28.0,27.0,0.964286,1.0,1.0,0.0,1.0,0.03876,32.0,1024.0,0.0,0.0,1.220074,2.2644,962727.272727,1786777.246187,0.0,0.0,0.0,1.0
910000.0,13.721201,682.0,7.6,18.0,7.0,0.388889,0.0,1.0,0.0,1.0,0.131579,23.0,529.0,0.0,1.0,0.509297,0.945231,962727.272727,1786777.246187,0.0,1.0,0.0,0.0
1090000.0,13.901689,2610.0,29.0,29.0,29.0,1.0,1.0,0.0,0.0,0.0,0.0,27.0,729.0,1.0,0.0,0.610037,1.1322,962727.272727,1786777.246187,1.0,0.0,0.0,0.0
910000.0,13.721201,835.0,9.3,15.0,9.0,0.6,0.0,0.0,0.0,0.0,0.0,22.0,484.0,0.0,1.0,0.509297,0.945231,962727.272727,1786777.246187,1.0,0.0,0.0,0.0
910000.0,13.721201,1879.0,20.9,28.0,20.0,0.714286,1.0,3.0,0.0,3.0,0.143541,26.0,676.0,1.0,0.0,0.509297,0.945231,962727.272727,1786777.246187,0.0,0.0,0.0,1.0
730000.0,13.500801,1756.0,19.5,28.0,22.0,0.785714,1.0,10.0,0.0,10.0,0.512821,22.0,484.0,0.0,1.0,0.408557,0.758263,962727.272727,1786777.246187,0.0,0.0,0.0,1.0
820000.0,13.617061,747.0,8.3,16.0,8.0,0.5,0.0,1.0,0.0,1.0,0.120482,24.0,576.0,1.0,0.0,0.458927,0.851747,962727.272727,1786777.246187,0.0,0.0,0.0,1.0
820000.0,13.617061,941.0,10.5,31.0,8.0,0.258065,0.0,4.0,0.0,4.0,0.380952,24.0,576.0,1.0,0.0,0.458927,0.851747,962727.272727,1786777.246187,0.0,1.0,0.0,0.0
1180000.0,13.981026,29.0,0.3,1.0,0.0,0.0,0.0,0.0,0.0,0.0,0.0,22.0,484.0,0.0,1.0,0.660407,1.225685,962727.272727,1786777.246187,1.0,0.0,0.0,0.0
640000.0,13.369225,1893.0,21.0,28.0,22.0,0.785714,1.0,2.0,0.0,2.0,0.095238,22.0,484.0,0.0,1.0,0.358187,0.664778,962727.272727,1786777.246187,0.0,0.0,0.0,1.0
1090000.0,13.901689,1073.0,11.9,27.0,11.0,0.407407,0.0,5.0,0.0,5.0,0.420168,27.0,729.0,1.0,0.0,0.610037,1.1322,962727.272727,1786777.246187,0.0,1.0,0.0,0.0
1820000.0,14.414348,2790.0,31.0,31.0,31.0,1.0,1.0,0.0,10.0,10.0,0.322581,31.0,961.0,0.0,0.0,1.018594,1.890463,962727.272727,1786777.246187,0.0,0.0,1.0,0.0
2550000.0,14.751604,2150.0,23.9,26.0,25.0,0.961538,1.0,3.0,0.0,3.0,0.125523,25.0,625.0,1.0,0.0,1.42715,1.215787,2097407.407407,1786777.246187,1.0,0.0,0.0,0.0
910000.0,13.721201,922.0,10.2,21.0,11.0,0.52381,0.0,1.0,0.0,1.0,0.098039,22.0,484.0,0.0,1.0,0.509297,0.433869,2097407.407407,1786777.246187,0.0,0.0,0.0,1.0
640000.0,13.369225,1722.0,19.1,27.0,18.0,0.666667,1.0,4.0,0.0,4.0,0.209424,20.0,400.0,0.0,1.0,0.358187,0.305139,2097407.407407,1786777.246187,0.0,0.0,0.0,1.0
3640000.0,15.107495,2483.0,27.6,30.0,28.0,0.933333,1.0,1.0,0.0,1.0,0.036232,27.0,729.0,1.0,0.0,2.037187,1.735476,2097407.407407,1786777.246187,1.0,0.0,0.0,0.0
2180000.0,14.594836,2833.0,31.5,32.0,32.0,1.0,1.0,0.0,0.0,0.0,0.0,32.0,1024.0,0.0,0.0,1.220074,1.039378,2097407.407407,1786777.246187,1.0,0.0,0.0,0.0
6360000.0,15.665539,2302.0,25.6,30.0,26.0,0.866667,1.0,11.0,0.0,11.0,0.429688,30.0,900.0,0.0,0.0,3.559481,3.032315,2097407.407407,1786777.246187,0.0,0.0,0.0,1.0
1820000.0,14.414348,2610.0,29.0,29.0,29.0,1.0,1.0,0.0,15.0,15.0,0.517241,28.0,784.0,1.0,0.0,1.018594,0.867738,2097407.407407,1786777.246187,0.0,0.0,1.0,0.0
140000.0,11.849405,10.0,0.1,1.0,0.0,0.0,0.0,0.0,0.0,0.0,0.0,17.0,289.0,0.0,1.0,0.078353,0.066749,2097407.407407,1786777.246187,0.0,1.0,0.0,0.0
3820000.0,15.155761,35.0,0.4,3.0,0.0,0.0,0.0,0.0,0.0,0.0,0.0,21.0,441.0,0.0,1.0,2.137927,1.821296,2097407.407407,1786777.246187,0.0,1.0,0.0,0.0
1450000.0,14.187075,762.0,8.4,16.0,8.0,0.5,0.0,0.0,0.0,0.0,0.0,31.0,961.0,0.0,0.0,0.811517,0.69133,2097407.407407,1786777.246187,1.0,0.0,0.0,0.0
910000.0,13.721201,1130.0,12.6,22.0,15.0,0.681818,0.0,0.0,0.0,0.0,0.0,18.0,324.0,0.0,1.0,0.509297,0.433869,2097407.407407,1786777.246187,0.0,0.0,0.0,1.0
2730000.0,14.819813,749.0,8.3,12.0,9.0,0.75,0.0,2.0,0.0,2.0,0.240964,20.0,400.0,0.0,1.0,1.527891,1.301607,2097407.407407,1786777.246187,0.0,0.0,0.0,1.0
450000.0,13.017005,295.0,3.3,11.0,3.0,0.272727,0.0,0.0,0.0,0.0,0.0,20.0,400.0,0.0,1.0,0.25185,0.214551,2097407.407407,1786777.246187,0.0,0.0,0.0,1.0
5450000.0,15.511126,2759.0,30.7,32.0,30.0,0.9375,1.0,0.0,0.0,0.0,0.0,29.0,841.0,1.0,0.0,3.050184,2.598446,2097407.407407,1786777.246187,1.0,0.0,0.0,0.0
3270000.0,15.000301,1310.0,14.6,20.0,14.0,0.7,0.0,0.0,0.0,0.0,0.0,32.0,1024.0,0.0,0.0,1.830111,1.559068,2097407.407407,1786777.246187,1.0,0.0,0.0,0.0
820000.0,13.617061,545.0,6.1,11.0,5.0,0.454545,0.0,2.0,0.0,2.0,0.327869,19.0,361.0,0.0,1.0,0.458927,0.390959,2097407.407407,1786777.246187,0.0,0.0,0.0,1.0
360000.0,12.793862,7.0,0.1,2.0,0.0,0.0,0.0,0.0,0.0,0.0,0.0,18.0,324.0,0.0,1.0,0.20148,0.17164,2097407.407407,1786777.246187,1.0,0.0,0.0,0.0
4910000.0,15.406785,414.0,4.6,9.0,5.0,0.555556,0.0,0.0,0.0,0.0,0.0,27.0,729.0,1.0,0.0,2.747964,2.340985,2097407.407407,1786777.246187,0.0,0.0,0.0,1.0
2730000.0,14.819813,1566.0,17.4,27.0,17.0,0.62963,1.0,11.0,0.0,11.0,0.632184,24.0,576.0,1.0,0.0,1.527891,1.301607,2097407.407407,1786777.246187,0.0,1.0,0.0,0.0
1090000.0,13.901689,225.0,2.5,10.0,2.0,0.2,0.0,0.0,0.0,0.0,0.0,33.0,1089.0,0.0,0.0,0.610037,0.519689,2097407.407407,1786777.246187,0.0,0.0,0.0,1.0
270000.0,12.506181,131.0,1.5,6.0,1.0,0.166667,0.0,1.0,0.0,1.0,0.666667,17.0,289.0,0.0,1.0,0.15111,0.12873,2097407.407407,1786777.246187,0.0,1.0,0.0,0.0
1640000.0,14.310207,450.0,5.0,5.0,5.0,1.0,0.0,0.0,3.0,3.0,0.6,29.0,841.0,1.0,0.0,0.917854,0.781918,2097407.407407,1786777.246187,0.0,0.0,1.0,0.0
1140000.0,13.94654,561.0,6.2,11.0,5.0,0.454545,0.0,4.0,0.0,4.0,0.645161,29.0,841.0,1.0,0.0,0.63802,0.543528,2097407.407407,1786777.246187,0.0,1.0,0.0,0.0
1090000.0,13.901689,772.0,8.6,16.0,9.0,0.5625,0.0,1.0,0.0,1.0,0.116279,24.0,576.0,1.0,0.0,0.610037,0.519689,2097407.407407,1786777.246187,1.0,0.0,0.0,0.0
2910000.0,14.883664,1953.0,21.7,29.0,22.0,0.758621,1.0,1.0,0.0,1.0,0.046083,23.0,529.0,0.0,1.0,1.628631,1.387427,2097407.407407,1786777.246187,0.0,0.0,0.0,1.0
1270000.0,14.054528,2517.0,28.0,29.0,29.0,1.0,1.0,2.0,0.0,2.0,0.071429,22.0,484.0,0.0,1.0,0.710777,0.605509,2097407.407407,1786777.246187,0.0,0.0,0.0,1.0
9260000.0,16.041215,2640.0,29.3,30.0,29.0,0.966667,1.0,6.0,0.0,6.0,0.204778,30.0,900.0,0.0,0.0,4.419979,2.130209,4346991.454545,2095032.57671,0.0,0.0,0.0,1.0
4550000.0,15.330638,1326.0,14.7,22.0,15.0,0.681818,0.0,8.0,0.0,8.0,0.544218,25.0,625.0,1.0,0.0,2.546484,1.265963,3594103.0,1786777.246187,0.0,1.0,0.0,0.0
2102965.0,14.558859,1349.0,15.0,26.0,19.0,0.730769,0.0,3.0,0.0,3.0,0.2,24.0,576.0,1.0,0.0,1.17696,0.585115,3594103.0,1786777.246187,0.0,0.0,0.0,1.0
2730000.0,14.819813,828.0,9.2,20.0,10.0,0.5,0.0,0.0,0.0,0.0,0.0,20.0,400.0,0.0,1.0,1.527891,0.759578,3594103.0,1786777.246187,0.0,0.0,0.0,1.0
7270000.0,15.799267,1928.0,21.4,27.0,22.0,0.814815,1.0,1.0,0.0,1.0,0.046729,29.0,841.0,1.0,0.0,4.068778,2.022758,3594103.0,1786777.246187,1.0,0.0,0.0,0.0
820000.0,13.617061,598.0,6.6,20.0,5.0,0.25,0.0,0.0,0.0,0.0,0.0,21.0,441.0,0.0,1.0,0.458927,0.228152,3594103.0,1786777.246187,0.0,0.0,0.0,1.0
1820000.0,14.414348,624.0,6.9,11.0,8.0,0.727273,0.0,0.0,0.0,0.0,0.0,22.0,484.0,0.0,1.0,1.018594,0.506385,3594103.0,1786777.246187,1.0,0.0,0.0,0.0
740000.0,13.514407,203.0,2.2,14.0,1.0,0.071429,0.0,0.0,0.0,0.0,0.0,17.0,289.0,0.0,1.0,0.353216,0.556391,1330000.0,2095032.57671,0.0,0.0,0.0,1.0
3640000.0,15.107495,2114.0,23.5,28.0,23.0,0.821429,1.0,0.0,0.0,0.0,0.0,30.0,900.0,0.0,0.0,2.037187,1.01277,3594103.0,1786777.246187,1.0,0.0,0.0,0.0
2450000.0,14.711599,495.0,5.5,15.0,3.0,0.2,0.0,2.0,0.0,2.0,0.363636,18.0,324.0,0.0,1.0,1.371184,0.681672,3594103.0,1786777.246187,0.0,0.0,0.0,1.0
4180000.0,15.245822,1365.0,15.2,17.0,16.0,0.941176,0.0,0.0,0.0,0.0,0.0,26.0,676.0,1.0,0.0,2.339407,1.163016,3594103.0,1786777.246187,1.0,0.0,0.0,0.0
5450000.0,15.511126,587.0,6.5,10.0,9.0,0.9,0.0,0.0,0.0,0.0,0.0,32.0,1024.0,0.0,0.0,3.050184,1.516373,3594103.0,1786777.246187,0.0,0.0,0.0,1.0
2730000.0,14.819813,2610.0,29.0,29.0,29.0,1.0,1.0,0.0,15.0,15.0,0.517241,33.0,1089.0,0.0,0.0,1.527891,0.759578,3594103.0,1786777.246187,0.0,0.0,1.0,0.0
4000000.0,15.201805,636.0,7.1,14.0,7.0,0.5,0.0,2.0,0.0,2.0,0.28169,25.0,625.0,1.0,0.0,2.238667,1.112934,3594103.0,1786777.246187,0.0,0.0,0.0,1.0
5090000.0,15.442789,1975.0,21.9,30.0,22.0,0.733333,1.0,6.0,0.0,6.0,0.273973,25.0,625.0,1.0,0.0,2.848704,1.416209,3594103.0,1786777.246187,0.0,0.0,0.0,1.0
910000.0,13.721201,450.0,5.0,5.0,5.0,1.0,0.0,0.0,3.0,3.0,0.6,27.0,729.0,1.0,0.0,0.509297,0.253193,3594103.0,1786777.246187,0.0,0.0,1.0,0.0
2780000.0,14.837962,1667.0,18.5,29.0,18.0,0.62069,1.0,3.0,0.0,3.0,0.162162,22.0,484.0,0.0,1.0,1.326948,1.791326,1551923.076923,2095032.57671,0.0,0.0,0.0,1.0
4360000.0,15.287983,2001.0,22.2,26.0,21.0,0.807692,1.0,0.0,0.0,0.0,0.0,26.0,676.0,1.0,0.0,2.440147,1.213098,3594103.0,1786777.246187,1.0,0.0,0.0,0.0
5450000.0,15.511126,2462.0,27.4,32.0,29.0,0.90625,1.0,16.0,0.0,16.0,0.583942,23.0,529.0,0.0,1.0,3.050184,1.516373,3594103.0,1786777.246187,0.0,0.0,0.0,1.0
3905507.0,15.177898,945.0,10.5,21.0,8.0,0.380952,0.0,2.0,0.0,2.0,0.190476,24.0,576.0,1.0,0.0,2.185783,1.086643,3594103.0,1786777.246187,0.0,0.0,0.0,1.0
2910000.0,14.883664,989.0,11.0,16.0,11.0,0.6875,0.0,2.0,0.0,2.0,0.181818,29.0,841.0,1.0,0.0,1.628631,0.80966,3594103.0,1786777.246187,1.0,0.0,0.0,0.0
4910000.0,15.406785,1576.0,17.5,18.0,18.0,1.0,1.0,1.0,0.0,1.0,0.057143,29.0,841.0,1.0,0.0,2.747964,1.366127,3594103.0,1786777.246187,1.0,0.0,0.0,0.0
4550000.0,15.330638,2039.0,22.7,30.0,23.0,0.766667,1.0,10.0,0.0,10.0,0.440529,36.0,1296.0,0.0,0.0,2.546484,1.265963,3594103.0,1786777.246187,0.0,1.0,0.0,0.0
820000.0,13.617061,339.0,3.8,9.0,3.0,0.333333,0.0,0.0,0.0,0.0,0.0,27.0,729.0,1.0,0.0,0.391402,0.853889,960312.5,2095032.57671,0.0,0.0,0.0,1.0
4550000.0,15.330638,1105.0,12.3,15.0,14.0,0.933333,0.0,0.0,0.0,0.0,0.0,24.0,576.0,1.0,0.0,2.546484,1.265963,3594103.0,1786777.246187,0.0,0.0,0.0,1.0
2780000.0,14.837962,595.0,6.6,26.0,3.0,0.115385,0.0,5.0,0.0,5.0,0.757576,18.0,324.0,0.0,1.0,1.555874,0.773489,3594103.0,1786777.246187,0.0,1.0,0.0,0.0
4550000.0,15.330638,2253.0,25.0,29.0,26.0,0.896552,1.0,2.0,0.0,2.0,0.08,25.0,625.0,1.0,0.0,2.546484,1.265963,3594103.0,1786777.246187,0.0,0.0,0.0,1.0
550000.0,13.217675,351.0,3.9,8.0,4.0,0.5,0.0,0.0,0.0,0.0,0.0,22.0,484.0,0.0,1.0,0.307817,0.153028,3594103.0,1786777.246187,0.0,0.0,0.0,1.0
1020000.0,13.835314,1154.0,12.8,17.0,12.0,0.705882,0.0,1.0,0.0,1.0,0.078125,29.0,841.0,1.0,0.0,0.486866,0.766917,1330000.0,2095032.57671,1.0,0.0,0.0,0.0
220000.0,12.301387,1606.0,17.8,30.0,16.0,0.533333,1.0,0.0,0.0,0.0,0.0,19.0,361.0,0.0,1.0,0.123127,0.258123,852307.692308,1786777.246187,0.0,0.0,0.0,1.0
1820000.0,14.414348,960.0,10.7,19.0,10.0,0.526316,0.0,0.0,0.0,0.0,0.0,34.0,1156.0,0.0,0.0,1.018594,2.135379,852307.692308,1786777.246187,0.0,0.0,0.0,1.0
1640000.0,14.310207,1387.0,15.4,20.0,16.0,0.8,0.0,1.0,0.0,1.0,0.064935,23.0,529.0,0.0,1.0,0.917854,1.924188,852307.692308,1786777.246187,0.0,0.0,0.0,1.0
910000.0,13.721201,895.0,9.9,12.0,10.0,0.833333,0.0,0.0,0.0,0.0,0.0,33.0,1089.0,0.0,0.0,0.509297,1.06769,852307.692308,1786777.246187,0.0,0.0,0.0,1.0
360000.0,12.793862,157.0,1.7,5.0,2.0,0.4,0.0,0.0,0.0,0.0,0.0,16.0,256.0,0.0,1.0,0.20148,0.422383,852307.692308,1786777.246187,0.0,1.0,0.0,0.0
1090000.0,13.901689,967.0,10.7,14.0,12.0,0.857143,0.0,0.0,0.0,0.0,0.0,26.0,676.0,1.0,0.0,0.610037,1.278881,852307.692308,1786777.246187,0.0,0.0,0.0,1.0
150000.0,11.918397,31.0,0.3,2.0,0.0,0.0,0.0,0.0,0.0,0.0,0.0,20.0,400.0,0.0,1.0,0.08395,0.175993,852307.692308,1786777.246187,0.0,1.0,0.0,0.0
1090000.0,13.901689,836.0,9.3,13.0,11.0,0.846154,0.0,0.0,0.0,0.0,0.0,28.0,784.0,1.0,0.0,0.610037,1.278881,852307.692308,1786777.246187,1.0,0.0,0.0,0.0
2180000.0,14.594836,2351.0,26.1,29.0,26.0,0.896552,1.0,8.0,0.0,8.0,0.306513,28.0,784.0,1.0,0.0,1.220074,2.557762,852307.692308,1786777.246187,0.0,0.0,0.0,1.0
360000.0,12.793862,698.0,7.8,23.0,6.0,0.26087,0.0,2.0,0.0,2.0,0.25641,22.0,484.0,0.0,1.0,0.20148,0.422383,852307.692308,1786777.246187,0.0,0.0,0.0,1.0
730000.0,13.500801,495.0,5.5,10.0,5.0,0.5,0.0,2.0,0.0,2.0,0.363636,31.0,961.0,0.0,0.0,0.408557,0.856498,852307.692308,1786777.246187,0.0,1.0,0.0,0.0
2180000.0,14.594836,1909.0,21.2,25.0,21.0,0.84,1.0,4.0,0.0,4.0,0.188679,30.0,900.0,0.0,0.0,1.220074,2.557762,852307.692308,1786777.246187,0.0,1.0,0.0,0.0
140000.0,11.849405,541.0,6.0,16.0,5.0,0.3125,0.0,1.0,0.0,1.0,0.166667,20.0,400.0,0.0,1.0,0.078353,0.16426,852307.692308,1786777.246187,0.0,1.0,0.0,0.0
160000.0,11.982935,27.0,0.3,3.0,0.0,0.0,0.0,0.0,0.0,0.0,0.0,21.0,441.0,0.0,1.0,0.089547,0.187726,852307.692308,1786777.246187,0.0,1.0,0.0,0.0
1640000.0,14.310207,2485.0,27.6,31.0,30.0,0.967742,1.0,1.0,0.0,1.0,0.036232,29.0,841.0,1.0,0.0,0.917854,1.924188,852307.692308,1786777.246187,1.0,0.0,0.0,0.0
1820000.0,14.414348,1995.0,22.2,31.0,25.0,0.806452,1.0,2.0,0.0,2.0,0.09009,27.0,729.0,1.0,0.0,1.018594,2.135379,852307.692308,1786777.246187,0.0,0.0,0.0,1.0
450000.0,13.017005,227.0,2.5,8.0,2.0,0.25,0.0,0.0,0.0,0.0,0.0,26.0,676.0,1.0,0.0,0.25185,0.527978,852307.692308,1786777.246187,0.0,1.0,0.0,0.0
820000.0,13.617061,2354.0,26.2,27.0,26.0,0.962963,1.0,0.0,3.0,3.0,0.114504,23.0,529.0,0.0,1.0,0.458927,0.962094,852307.692308,1786777.246187,0.0,0.0,1.0,0.0
910000.0,13.721201,2265.0,25.2,27.0,27.0,1.0,1.0,2.0,0.0,2.0,0.079365,27.0,729.0,1.0,0.0,0.509297,1.06769,852307.692308,1786777.246187,1.0,0.0,0.0,0.0
270000.0,12.506181,271.0,3.1,11.0,2.0,0.181818,0.0,0.0,0.0,0.0,0.0,20.0,400.0,0.0,1.0,0.15111,0.316787,852307.692308,1786777.246187,0.0,0.0,0.0,1.0
140000.0,11.849405,300.0,3.3,5.0,3.0,0.6,0.0,0.0,0.0,0.0,0.0,21.0,441.0,0.0,1.0,0.078353,0.16426,852307.692308,1786777.246187,0.0,0.0,0.0,1.0
1090000.0,13.901689,1692.0,18.8,22.0,18.0,0.818182,1.0,0.0,0.0,0.0,0.0,33.0,1089.0,0.0,0.0,0.610037,1.278881,852307.692308,1786777.246187,1.0,0.0,0.0,0.0
360000.0,12.793862,746.0,8.3,14.0,10.0,0.714286,0.0,0.0,0.0,0.0,0.0,22.0,484.0,0.0,1.0,0.20148,0.422383,852307.692308,1786777.246187,1.0,0.0,0.0,0.0
360000.0,12.793862,706.0,7.8,8.0,8.0,1.0,0.0,0.0,0.0,0.0,0.0,28.0,784.0,1.0,0.0,0.20148,0.422383,852307.692308,1786777.246187,0.0,0.0,1.0,0.0
270000.0,12.506181,1940.0,21.6,23.0,22.0,0.956522,1.0,2.0,0.0,2.0,0.092593,21.0,441.0,0.0,1.0,0.15111,0.316787,852307.692308,1786777.246187,1.0,0.0,0.0,0.0
1000000.0,13.815512,1963.0,21.8,24.0,22.0,0.916667,1.0,0.0,0.0,0.0,0.0,24.0,576.0,1.0,0.0,0.559667,1.173285,852307.692308,1786777.246187,1.0,0.0,0.0,0.0
340000.0,12.736704,816.0,9.1,18.0,10.0,0.555556,0.0,0.0,0.0,0.0,0.0,19.0,361.0,0.0,1.0,0.190287,0.143593,2367806.346154,1786777.246187,0.0,0.0,0.0,1.0
4370000.0,15.290274,1649.0,18.3,25.0,21.0,0.84,1.0,5.0,0.0,5.0,0.273224,29.0,841.0,1.0,0.0,2.445744,1.84559,2367806.346154,1786777.246187,0.0,0.0,0.0,1.0
2640000.0,14.78629,1093.0,12.1,25.0,10.0,0.4,0.0,11.0,0.0,11.0,0.909091,22.0,484.0,0.0,1.0,1.47752,1.114956,2367806.346154,1786777.246187,0.0,0.0,0.0,1.0
2990000.0,14.910784,1536.0,17.1,22.0,17.0,0.772727,1.0,0.0,0.0,0.0,0.0,28.0,784.0,1.0,0.0,1.673404,1.262772,2367806.346154,1786777.246187,1.0,0.0,0.0,0.0
1260000.0,14.046623,1191.0,13.2,18.0,13.0,0.722222,0.0,0.0,0.0,0.0,0.0,20.0,400.0,0.0,1.0,0.70518,0.532138,2367806.346154,1786777.246187,1.0,0.0,0.0,0.0
4600000.0,15.341567,2031.0,22.6,24.0,23.0,0.958333,1.0,2.0,0.0,2.0,0.088496,28.0,784.0,1.0,0.0,2.574468,1.942726,2367806.346154,1786777.246187,1.0,0.0,0.0,0.0
3910000.0,15.179048,688.0,7.6,9.0,7.0,0.777778,0.0,1.0,0.0,1.0,0.131579,31.0,961.0,0.0,0.0,2.188297,1.651317,2367806.346154,1786777.246187,1.0,0.0,0.0,0.0
3220000.0,14.984892,2230.0,24.8,30.0,26.0,0.866667,1.0,13.0,0.0,13.0,0.524194,24.0,576.0,1.0,0.0,1.802127,1.359909,2367806.346154,1786777.246187,0.0,1.0,0.0,0.0
570000.0,13.253393,385.0,4.3,15.0,3.0,0.2,0.0,2.0,0.0,2.0,0.465116,18.0,324.0,0.0,1.0,0.31901,0.240729,2367806.346154,1786777.246187,0.0,1.0,0.0,0.0
2180000.0,14.594836,2489.0,27.7,33.0,28.0,0.848485,1.0,1.0,0.0,1.0,0.036101,25.0,625.0,1.0,0.0,1.220074,0.920683,2367806.346154,1786777.246187,0.0,0.0,0.0,1.0
920000.0,13.73213,967.0,10.7,15.0,12.0,0.8,0.0,0.0,0.0,0.0,0.0,20.0,400.0,0.0,1.0,0.514894,0.388545,2367806.346154,1786777.246187,0.0,0.0,0.0,1.0
2990000.0,14.910784,1013.0,11.3,18.0,10.0,0.555556,0.0,0.0,0.0,0.0,0.0,26.0,676.0,1.0,0.0,1.673404,1.262772,2367806.346154,1786777.246187,0.0,0.0,0.0,1.0
1380000.0,14.137595,1847.0,20.5,24.0,22.0,0.916667,1.0,3.0,0.0,3.0,0.146341,21.0,441.0,0.0,1.0,0.77234,0.582818,2367806.346154,1786777.246187,0.0,0.0,0.0,1.0
3220000.0,14.984892,2400.0,26.7,31.0,28.0,0.903226,1.0,6.0,0.0,6.0,0.224719,23.0,529.0,0.0,1.0,1.802127,1.359909,2367806.346154,1786777.246187,0.0,0.0,0.0,1.0
570000.0,13.253393,1381.0,15.3,25.0,15.0,0.6,0.0,3.0,0.0,3.0,0.196078,21.0,441.0,0.0,1.0,0.31901,0.240729,2367806.346154,1786777.246187,0.0,0.0,0.0,1.0
2870000.0,14.869823,1074.0,11.9,32.0,12.0,0.375,0.0,2.0,0.0,2.0,0.168067,22.0,484.0,0.0,1.0,1.606244,1.212092,2367806.346154,1786777.246187,0.0,1.0,0.0,0.0
3220000.0,14.984892,1080.0,12.0,12.0,12.0,1.0,0.0,1.0,0.0,1.0,0.083333,26.0,676.0,1.0,0.0,1.802127,1.359909,2367806.346154,1786777.246187,1.0,0.0,0.0,0.0
520000.0,13.161586,132.0,1.5,7.0,1.0,0.142857,0.0,0.0,0.0,0.0,0.0,19.0,361.0,0.0,1.0,0.291027,0.219613,2367806.346154,1786777.246187,0.0,1.0,0.0,0.0
2410000.0,14.695138,119.0,1.3,6.0,1.0,0.166667,0.0,0.0,0.0,0.0,0.0,32.0,1024.0,0.0,0.0,1.348797,1.01782,2367806.346154,1786777.246187,0.0,0.0,0.0,1.0
1720000.0,14.357835,1621.0,18.0,19.0,17.0,0.894737,1.0,0.0,9.0,9.0,0.5,27.0,729.0,1.0,0.0,0.962627,0.726411,2367806.346154,1786777.246187,0.0,0.0,1.0,0.0
2102965.0,14.558859,1508.0,16.8,28.0,19.0,0.678571,1.0,4.0,0.0,4.0,0.238095,23.0,529.0,0.0,1.0,1.17696,0.888149,2367806.346154,1786777.246187,0.0,0.0,0.0,1.0
4370000.0,15.290274,944.0,10.5,15.0,11.0,0.733333,0.0,3.0,0.0,3.0,0.285714,30.0,900.0,0.0,0.0,2.445744,1.84559,2367806.346154,1786777.246187,0.0,0.0,0.0,1.0
3680000.0,15.118424,2353.0,26.1,28.0,28.0,1.0,1.0,0.0,0.0,0.0,0.0,28.0,784.0,1.0,0.0,2.059574,1.554181,2367806.346154,1786777.246187,1.0,0.0,0.0,0.0
3220000.0,14.984892,616.0,6.8,14.0,7.0,0.5,0.0,0.0,0.0,0.0,0.0,24.0,576.0,1.0,0.0,1.802127,1.359909,2367806.346154,1786777.246187,1.0,0.0,0.0,0.0
1490000.0,14.214287,1141.0,12.7,14.0,13.0,0.928571,0.0,0.0,0.0,0.0,0.0,27.0,729.0,1.0,0.0,0.833904,0.629274,2367806.346154,1786777.246187,1.0,0.0,0.0,0.0
640000.0,13.369225,67.0,0.7,3.0,1.0,0.333333,0.0,0.0,0.0,0.0,0.0,22.0,484.0,0.0,1.0,0.358187,0.562765,1137241.37931,1786777.246187,1.0,0.0,0.0,0.0
360000.0,12.793862,969.0,10.8,13.0,10.0,0.769231,0.0,0.0,0.0,0.0,0.0,24.0,576.0,1.0,0.0,0.20148,0.316555,1137241.37931,1786777.246187,1.0,0.0,0.0,0.0
550000.0,13.217675,171.0,1.9,10.0,1.0,0.1,0.0,0.0,0.0,0.0,0.0,20.0,400.0,0.0,1.0,0.307817,0.483626,1137241.37931,1786777.246187,0.0,1.0,0.0,0.0
3640000.0,15.107495,2878.0,32.0,32.0,32.0,1.0,1.0,0.0,4.0,4.0,0.125,34.0,1156.0,0.0,0.0,2.037187,3.200728,1137241.37931,1786777.246187,0.0,0.0,1.0,0.0
550000.0,13.217675,821.0,9.1,20.0,9.0,0.45,0.0,2.0,0.0,2.0,0.21978,18.0,324.0,0.0,1.0,0.307817,0.483626,1137241.37931,1786777.246187,0.0,1.0,0.0,0.0
160000.0,11.982935,250.0,2.8,11.0,1.0,0.090909,0.0,0.0,0.0,0.0,0.0,19.0,361.0,0.0,1.0,0.089547,0.140691,1137241.37931,1786777.246187,0.0,0.0,0.0,1.0
1450000.0,14.187075,2321.0,25.8,27.0,26.0,0.962963,1.0,1.0,0.0,1.0,0.03876,28.0,784.0,1.0,0.0,0.811517,1.275015,1137241.37931,1786777.246187,1.0,0.0,0.0,0.0
1640000.0,14.310207,736.0,8.2,15.0,9.0,0.6,0.0,3.0,0.0,3.0,0.365854,29.0,841.0,1.0,0.0,0.917854,1.442086,1137241.37931,1786777.246187,0.0,0.0,0.0,1.0
3270000.0,15.000301,655.0,7.3,16.0,8.0,0.5,0.0,0.0,0.0,0.0,0.0,34.0,1156.0,0.0,0.0,1.830111,2.875379,1137241.37931,1786777.246187,0.0,0.0,0.0,1.0
730000.0,13.500801,607.0,6.7,8.0,7.0,0.875,0.0,0.0,0.0,0.0,0.0,30.0,900.0,0.0,0.0,0.408557,0.641904,1137241.37931,1786777.246187,1.0,0.0,0.0,0.0
2180000.0,14.594836,893.0,9.9,14.0,10.0,0.714286,0.0,0.0,0.0,0.0,0.0,27.0,729.0,1.0,0.0,1.220074,1.916919,1137241.37931,1786777.246187,0.0,0.0,0.0,1.0
1090000.0,13.901689,929.0,10.3,14.0,11.0,0.785714,0.0,3.0,0.0,3.0,0.291262,26.0,676.0,1.0,0.0,0.610037,0.95846,1137241.37931,1786777.246187,0.0,1.0,0.0,0.0
820000.0,13.617061,2263.0,25.1,28.0,24.0,0.857143,1.0,0.0,0.0,0.0,0.0,22.0,484.0,0.0,1.0,0.458927,0.721043,1137241.37931,1786777.246187,0.0,0.0,0.0,1.0
910000.0,13.721201,1637.0,18.2,20.0,20.0,1.0,1.0,1.0,0.0,1.0,0.054945,22.0,484.0,0.0,1.0,0.509297,0.800182,1137241.37931,1786777.246187,0.0,0.0,0.0,1.0
1270000.0,14.054528,1961.0,21.8,23.0,22.0,0.956522,1.0,0.0,0.0,0.0,0.0,27.0,729.0,1.0,0.0,0.710777,1.116737,1137241.37931,1786777.246187,1.0,0.0,0.0,0.0
910000.0,13.721201,1441.0,16.0,23.0,16.0,0.695652,0.0,1.0,0.0,1.0,0.0625,19.0,361.0,0.0,1.0,0.509297,0.800182,1137241.37931,1786777.246187,0.0,0.0,0.0,1.0
1180000.0,13.981026,2584.0,28.7,33.0,28.0,0.848485,1.0,6.0,0.0,6.0,0.209059,22.0,484.0,0.0,1.0,0.660407,1.037599,1137241.37931,1786777.246187,0.0,1.0,0.0,0.0
180000.0,12.100718,415.0,4.6,8.0,5.0,0.625,0.0,1.0,0.0,1.0,0.217391,22.0,484.0,0.0,1.0,0.10074,0.158278,1137241.37931,1786777.246187,0.0,1.0,0.0,0.0
450000.0,13.017005,1641.0,18.2,28.0,17.0,0.607143,1.0,0.0,0.0,0.0,0.0,23.0,529.0,0.0,1.0,0.25185,0.395694,1137241.37931,1786777.246187,0.0,0.0,0.0,1.0
2730000.0,14.819813,1152.0,12.8,24.0,13.0,0.541667,0.0,4.0,0.0,4.0,0.3125,27.0,729.0,1.0,0.0,1.527891,2.400546,1137241.37931,1786777.246187,0.0,1.0,0.0,0.0
2180000.0,14.594836,2391.0,26.6,30.0,26.0,0.866667,1.0,0.0,0.0,0.0,0.0,26.0,676.0,1.0,0.0,1.220074,1.916919,1137241.37931,1786777.246187,1.0,0.0,0.0,0.0
640000.0,13.369225,182.0,2.0,3.0,2.0,0.666667,0.0,0.0,1.0,1.0,0.5,33.0,1089.0,0.0,0.0,0.358187,0.562765,1137241.37931,1786777.246187,0.0,0.0,1.0,0.0
910000.0,13.721201,662.0,7.4,12.0,7.0,0.583333,0.0,2.0,0.0,2.0,0.27027,35.0,1225.0,0.0,0.0,0.509297,0.800182,1137241.37931,1786777.246187,0.0,0.0,0.0,1.0
180000.0,12.100718,135.0,1.5,2.0,1.0,0.5,0.0,0.0,0.0,0.0,0.0,20.0,400.0,0.0,1.0,0.10074,0.158278,1137241.37931,1786777.246187,1.0,0.0,0.0,0.0
360000.0,12.793862,1721.0,19.1,20.0,20.0,1.0,1.0,0.0,0.0,0.0,0.0,17.0,289.0,0.0,1.0,0.20148,0.316555,1137241.37931,1786777.246187,1.0,0.0,0.0,0.0
820000.0,13.617061,101.0,1.1,6.0,1.0,0.166667,0.0,0.0,0.0,0.0,0.0,31.0,961.0,0.0,0.0,0.458927,0.721043,1137241.37931,1786777.246187,1.0,0.0,0.0,0.0
270000.0,12.506181,477.0,5.3,10.0,5.0,0.5,0.0,0.0,0.0,0.0,0.0,22.0,484.0,0.0,1.0,0.15111,0.237417,1137241.37931,1786777.246187,0.0,0.0,0.0,1.0
910000.0,13.721201,941.0,10.5,25.0,11.0,0.44,0.0,3.0,0.0,3.0,0.285714,38.0,1444.0,0.0,0.0,0.509297,0.800182,1137241.37931,1786777.246187,0.0,1.0,0.0,0.0
730000.0,13.500801,1958.0,21.8,26.0,22.0,0.846154,1.0,0.0,0.0,0.0,0.0,19.0,361.0,0.0,1.0,0.408557,0.355648,2052592.592593,1786777.246187,1.0,0.0,0.0,0.0
2180000.0,14.594836,1187.0,13.2,22.0,13.0,0.590909,0.0,3.0,0.0,3.0,0.227273,31.0,961.0,0.0,0.0,1.220074,1.062071,2052592.592593,1786777.246187,0.0,0.0,0.0,1.0
730000.0,13.500801,2097.0,23.3,25.0,24.0,0.96,1.0,1.0,0.0,1.0,0.042918,21.0,441.0,0.0,1.0,0.408557,0.355648,2052592.592593,1786777.246187,1.0,0.0,0.0,0.0
80000.0,11.289794,138.0,1.5,6.0,0.0,0.0,0.0,0.0,0.0,0.0,0.0,18.0,324.0,0.0,1.0,0.044773,0.038975,2052592.592593,1786777.246187,0.0,1.0,0.0,0.0
3090000.0,14.943682,1772.0,19.7,26.0,21.0,0.807692,1.0,0.0,0.0,0.0,0.0,26.0,676.0,1.0,0.0,1.729371,1.505413,2052592.592593,1786777.246187,0.0,0.0,0.0,1.0
4550000.0,15.330638,849.0,9.4,12.0,9.0,0.75,0.0,0.0,0.0,0.0,0.0,41.0,1681.0,0.0,0.0,2.546484,2.216709,2052592.592593,1786777.246187,1.0,0.0,0.0,0.0
180000.0,12.100718,13.0,0.1,2.0,0.0,0.0,0.0,0.0,0.0,0.0,0.0,16.0,256.0,0.0,1.0,0.10074,0.087694,2052592.592593,1786777.246187,0.0,0.0,0.0,1.0
270000.0,12.506181,95.0,1.1,4.0,1.0,0.25,0.0,0.0,0.0,0.0,0.0,19.0,361.0,0.0,1.0,0.15111,0.131541,2052592.592593,1786777.246187,0.0,0.0,0.0,1.0
1820000.0,14.414348,1694.0,18.8,25.0,18.0,0.72,1.0,1.0,0.0,1.0,0.053191,25.0,625.0,1.0,0.0,1.018594,0.886684,2052592.592593,1786777.246187,0.0,0.0,0.0,1.0
1360000.0,14.122996,644.0,7.2,22.0,7.0,0.318182,0.0,1.0,0.0,1.0,0.138889,23.0,529.0,0.0,1.0,0.761147,0.662577,2052592.592593,1786777.246187,0.0,1.0,0.0,0.0
2310000.0,14.652759,1325.0,14.7,29.0,13.0,0.448276,0.0,6.0,0.0,6.0,0.408163,28.0,784.0,1.0,0.0,1.102608,0.442124,5224782.608696,2095032.57671,0.0,0.0,0.0,1.0
4550000.0,15.330638,2530.0,28.1,30.0,28.0,0.933333,1.0,1.0,0.0,1.0,0.035587,32.0,1024.0,0.0,0.0,2.546484,2.216709,2052592.592593,1786777.246187,0.0,0.0,0.0,1.0
1450000.0,14.187075,880.0,9.8,23.0,9.0,0.391304,0.0,0.0,0.0,0.0,0.0,24.0,576.0,1.0,0.0,0.811517,0.706424,2052592.592593,1786777.246187,0.0,1.0,0.0,0.0
640000.0,13.369225,2425.0,26.9,29.0,28.0,0.965517,1.0,1.0,0.0,1.0,0.037175,21.0,441.0,0.0,1.0,0.358187,0.311801,2052592.592593,1786777.246187,1.0,0.0,0.0,0.0
910000.0,13.721201,720.0,8.0,8.0,8.0,1.0,0.0,0.0,1.0,1.0,0.125,32.0,1024.0,0.0,0.0,0.509297,0.443342,2052592.592593,1786777.246187,0.0,0.0,1.0,0.0
3270000.0,15.000301,2394.0,26.6,29.0,26.0,0.896552,1.0,2.0,0.0,2.0,0.075188,24.0,576.0,1.0,0.0,1.830111,1.593107,2052592.592593,1786777.246187,1.0,0.0,0.0,0.0
1090000.0,13.901689,1667.0,18.5,24.0,20.0,0.833333,1.0,4.0,0.0,4.0,0.216216,21.0,441.0,0.0,1.0,0.610037,0.531036,2052592.592593,1786777.246187,0.0,1.0,0.0,0.0
5090000.0,15.442789,1772.0,19.7,31.0,20.0,0.645161,1.0,0.0,0.0,0.0,0.0,30.0,900.0,0.0,0.0,2.848704,2.479791,2052592.592593,1786777.246187,0.0,0.0,0.0,1.0
1640000.0,14.310207,145.0,1.6,2.0,2.0,1.0,0.0,0.0,0.0,0.0,0.0,25.0,625.0,1.0,0.0,0.917854,0.79899,2052592.592593,1786777.246187,1.0,0.0,0.0,0.0
1180000.0,13.981026,911.0,10.1,18.0,12.0,0.666667,0.0,0.0,0.0,0.0,0.0,25.0,625.0,1.0,0.0,0.660407,0.574883,2052592.592593,1786777.246187,0.0,0.0,0.0,1.0
4360000.0,15.287983,2130.0,23.7,33.0,26.0,0.787879,1.0,8.0,0.0,8.0,0.337553,25.0,625.0,1.0,0.0,2.440147,2.124143,2052592.592593,1786777.246187,0.0,0.0,0.0,1.0
5450000.0,15.511126,275.0,3.1,8.0,3.0,0.375,0.0,0.0,0.0,0.0,0.0,28.0,784.0,1.0,0.0,3.050184,2.655179,2052592.592593,1786777.246187,0.0,0.0,0.0,1.0
1360000.0,14.122996,488.0,5.4,10.0,6.0,0.6,0.0,2.0,0.0,2.0,0.37037,26.0,676.0,1.0,0.0,0.761147,0.662577,2052592.592593,1786777.246187,0.0,1.0,0.0,0.0
1090000.0,13.901689,532.0,5.9,15.0,5.0,0.333333,0.0,0.0,0.0,0.0,0.0,24.0,576.0,1.0,0.0,0.610037,0.531036,2052592.592593,1786777.246187,0.0,0.0,0.0,1.0
820000.0,13.617061,1367.0,15.2,27.0,14.0,0.518519,0.0,3.0,0.0,3.0,0.197368,22.0,484.0,0.0,1.0,0.458927,0.399495,2052592.592593,1786777.246187,0.0,0.0,0.0,1.0
2910000.0,14.883664,2340.0,26.0,26.0,26.0,1.0,1.0,0.0,6.0,6.0,0.230769,25.0,625.0,1.0,0.0,1.628631,1.417719,2052592.592593,1786777.246187,0.0,0.0,1.0,0.0
2730000.0,14.819813,72.0,0.8,2.0,1.0,0.5,0.0,0.0,0.0,0.0,0.0,26.0,676.0,1.0,0.0,1.527891,1.330025,2052592.592593,1786777.246187,0.0,0.0,0.0,1.0
450000.0,13.017005,2159.0,24.0,29.0,26.0,0.896552,1.0,1.0,0.0,1.0,0.041667,28.0,784.0,1.0,0.0,0.25185,0.328931,1368069.793103,1786777.246187,0.0,0.0,0.0,1.0
910000.0,13.721201,982.0,10.9,24.0,9.0,0.375,0.0,5.0,0.0,5.0,0.458716,28.0,784.0,1.0,0.0,0.509297,0.665171,1368069.793103,1786777.246187,0.0,0.0,0.0,1.0
3640000.0,15.107495,898.0,9.9,18.0,11.0,0.611111,0.0,2.0,0.0,2.0,0.20202,35.0,1225.0,0.0,0.0,2.037187,2.660683,1368069.793103,1786777.246187,0.0,1.0,0.0,0.0
751059.0,13.529241,1364.0,15.2,18.0,15.0,0.833333,0.0,0.0,0.0,0.0,0.0,21.0,441.0,0.0,1.0,0.420343,0.548992,1368069.793103,1786777.246187,1.0,0.0,0.0,0.0
2000000.0,14.508658,1150.0,12.8,18.0,14.0,0.777778,0.0,0.0,0.0,0.0,0.0,33.0,1089.0,0.0,0.0,1.119334,1.461914,1368069.793103,1786777.246187,1.0,0.0,0.0,0.0
1820000.0,14.414348,2222.0,24.7,29.0,26.0,0.896552,1.0,9.0,0.0,9.0,0.364372,27.0,729.0,1.0,0.0,1.018594,1.330341,1368069.793103,1786777.246187,0.0,0.0,0.0,1.0
1450000.0,14.187075,1092.0,12.1,25.0,12.0,0.48,0.0,2.0,0.0,2.0,0.165289,28.0,784.0,1.0,0.0,0.811517,1.059887,1368069.793103,1786777.246187,0.0,1.0,0.0,0.0
1640000.0,14.310207,1100.0,12.2,23.0,13.0,0.565217,0.0,3.0,0.0,3.0,0.245902,27.0,729.0,1.0,0.0,0.917854,1.198769,1368069.793103,1786777.246187,0.0,0.0,0.0,1.0
910000.0,13.721201,45.0,0.5,5.0,0.0,0.0,0.0,0.0,0.0,0.0,0.0,33.0,1089.0,0.0,0.0,0.509297,0.665171,1368069.793103,1786777.246187,0.0,1.0,0.0,0.0
2730000.0,14.819813,1980.0,22.0,22.0,22.0,1.0,1.0,0.0,8.0,8.0,0.363636,35.0,1225.0,0.0,0.0,1.527891,1.995512,1368069.793103,1786777.246187,0.0,0.0,1.0,0.0
180000.0,12.100718,121.0,1.3,5.0,1.0,0.2,0.0,1.0,0.0,1.0,0.769231,22.0,484.0,0.0,1.0,0.10074,0.131572,1368069.793103,1786777.246187,0.0,0.0,0.0,1.0
2102965.0,14.558859,1850.0,20.5,28.0,20.0,0.714286,1.0,5.0,0.0,5.0,0.243902,29.0,841.0,1.0,0.0,1.17696,1.537177,1368069.793103,1786777.246187,0.0,0.0,0.0,1.0
1270000.0,14.054528,152.0,1.7,10.0,1.0,0.1,0.0,0.0,0.0,0.0,0.0,28.0,784.0,1.0,0.0,0.710777,0.928315,1368069.793103,1786777.246187,0.0,1.0,0.0,0.0
1640000.0,14.310207,1960.0,21.8,26.0,22.0,0.846154,1.0,0.0,0.0,0.0,0.0,27.0,729.0,1.0,0.0,0.917854,1.198769,1368069.793103,1786777.246187,0.0,0.0,0.0,1.0
2730000.0,14.819813,2001.0,22.2,29.0,25.0,0.862069,1.0,3.0,0.0,3.0,0.135135,30.0,900.0,0.0,0.0,1.527891,1.995512,1368069.793103,1786777.246187,0.0,0.0,0.0,1.0
820000.0,13.617061,1737.0,19.3,26.0,18.0,0.692308,1.0,0.0,0.0,0.0,0.0,19.0,361.0,0.0,1.0,0.458927,0.599385,1368069.793103,1786777.246187,1.0,0.0,0.0,0.0
1090000.0,13.901689,72.0,0.8,8.0,0.0,0.0,0.0,1.0,0.0,1.0,1.25,33.0,1089.0,0.0,0.0,0.610037,0.796743,1368069.793103,1786777.246187,0.0,1.0,0.0,0.0
820000.0,13.617061,1080.0,12.0,12.0,12.0,1.0,0.0,0.0,3.0,3.0,0.25,22.0,484.0,0.0,1.0,0.458927,0.599385,1368069.793103,1786777.246187,0.0,0.0,1.0,0.0
2180000.0,14.594836,1901.0,21.1,23.0,21.0,0.913043,1.0,1.0,0.0,1.0,0.047393,23.0,529.0,0.0,1.0,1.220074,1.593486,1368069.793103,1786777.246187,1.0,0.0,0.0,0.0
1270000.0,14.054528,78.0,0.9,2.0,1.0,0.5,0.0,0.0,0.0,0.0,0.0,31.0,961.0,0.0,0.0,0.710777,0.928315,1368069.793103,1786777.246187,0.0,1.0,0.0,0.0
730000.0,13.500801,1154.0,12.8,15.0,13.0,0.866667,0.0,1.0,0.0,1.0,0.078125,26.0,676.0,1.0,0.0,0.408557,0.533599,1368069.793103,1786777.246187,1.0,0.0,0.0,0.0
910000.0,13.721201,1144.0,12.7,17.0,13.0,0.764706,0.0,0.0,0.0,0.0,0.0,27.0,729.0,1.0,0.0,0.509297,0.665171,1368069.793103,1786777.246187,1.0,0.0,0.0,0.0
910000.0,13.721201,662.0,7.4,11.0,7.0,0.636364,0.0,0.0,0.0,0.0,0.0,33.0,1089.0,0.0,0.0,0.509297,0.665171,1368069.793103,1786777.246187,1.0,0.0,0.0,0.0
550000.0,13.217675,308.0,3.4,10.0,3.0,0.3,0.0,0.0,0.0,0.0,0.0,25.0,625.0,1.0,0.0,0.307817,0.402026,1368069.793103,1786777.246187,1.0,0.0,0.0,0.0
910000.0,13.721201,825.0,9.2,23.0,9.0,0.391304,0.0,2.0,0.0,2.0,0.217391,28.0,784.0,1.0,0.0,0.509297,0.665171,1368069.793103,1786777.246187,0.0,0.0,0.0,1.0
1450000.0,14.187075,1013.0,11.3,24.0,12.0,0.5,0.0,5.0,0.0,5.0,0.442478,23.0,529.0,0.0,1.0,0.811517,1.059887,1368069.793103,1786777.246187,0.0,1.0,0.0,0.0
13640000.0,16.428517,1375.0,15.3,18.0,15.0,0.833333,0.0,2.0,0.0,2.0,0.130719,26.0,676.0,1.0,0.0,7.633856,1.75375,7777619.047619,1786777.246187,1.0,0.0,0.0,0.0
7270000.0,15.799267,1743.0,19.4,29.0,21.0,0.724138,1.0,11.0,0.0,11.0,0.56701,22.0,484.0,0.0,1.0,4.068778,0.934733,7777619.047619,1786777.246187,0.0,1.0,0.0,0.0
6910000.0,15.74848,1348.0,15.0,23.0,16.0,0.695652,0.0,7.0,0.0,7.0,0.466667,20.0,400.0,0.0,1.0,3.867298,0.888447,7777619.047619,1786777.246187,0.0,1.0,0.0,0.0
6360000.0,15.665539,1131.0,12.6,20.0,13.0,0.65,0.0,1.0,0.0,1.0,0.079365,29.0,841.0,1.0,0.0,3.559481,0.817731,7777619.047619,1786777.246187,0.0,0.0,0.0,1.0
6360000.0,15.665539,1318.0,14.6,30.0,13.0,0.433333,0.0,6.0,0.0,6.0,0.410959,24.0,576.0,1.0,0.0,3.559481,0.817731,7777619.047619,1786777.246187,0.0,1.0,0.0,0.0
910000.0,13.721201,1006.0,11.2,24.0,10.0,0.416667,0.0,3.0,0.0,3.0,0.267857,17.0,289.0,0.0,1.0,0.509297,0.117002,7777619.047619,1786777.246187,0.0,1.0,0.0,0.0
9090000.0,16.022686,1287.0,14.3,21.0,13.0,0.619048,0.0,5.0,0.0,5.0,0.34965,20.0,400.0,0.0,1.0,5.087372,1.168738,7777619.047619,1786777.246187,0.0,0.0,0.0,1.0
16360000.0,16.61035,1479.0,16.4,28.0,18.0,0.642857,0.0,8.0,0.0,8.0,0.487805,24.0,576.0,1.0,0.0,9.15615,2.103471,7777619.047619,1786777.246187,0.0,1.0,0.0,0.0
4180000.0,15.245822,1567.0,17.4,20.0,18.0,0.9,1.0,2.0,0.0,2.0,0.114943,21.0,441.0,0.0,1.0,2.339407,0.53744,7777619.047619,1786777.246187,1.0,0.0,0.0,0.0
6360000.0,15.665539,1530.0,17.0,17.0,17.0,1.0,1.0,0.0,12.0,12.0,0.705882,23.0,529.0,0.0,1.0,3.559481,0.817731,7777619.047619,1786777.246187,0.0,0.0,1.0,0.0
13270000.0,16.401016,1747.0,19.4,25.0,20.0,0.8,1.0,0.0,0.0,0.0,0.0,29.0,841.0,1.0,0.0,7.426779,1.706178,7777619.047619,1786777.246187,1.0,0.0,0.0,0.0
13450000.0,16.41449,1052.0,11.7,14.0,11.0,0.785714,0.0,0.0,0.0,0.0,0.0,31.0,961.0,0.0,0.0,7.527519,1.729321,7777619.047619,1786777.246187,1.0,0.0,0.0,0.0
3640000.0,15.107495,1350.0,15.0,15.0,15.0,1.0,0.0,0.0,11.0,11.0,0.733333,26.0,676.0,1.0,0.0,2.037187,0.46801,7777619.047619,1786777.246187,0.0,0.0,1.0,0.0
10910000.0,16.20519,1256.0,14.0,20.0,13.0,0.65,0.0,4.0,0.0,4.0,0.285714,23.0,529.0,0.0,1.0,6.105965,1.402743,7777619.047619,1786777.246187,1.0,0.0,0.0,0.0
18180000.0,16.715833,1063.0,11.8,22.0,11.0,0.5,0.0,10.0,0.0,10.0,0.847458,28.0,784.0,1.0,0.0,10.174743,2.337476,7777619.047619,1786777.246187,0.0,1.0,0.0,0.0
1450000.0,14.187075,360.0,4.0,10.0,3.0,0.3,0.0,1.0,0.0,1.0,0.25,18.0,324.0,0.0,1.0,0.811517,0.186432,7777619.047619,1786777.246187,0.0,0.0,0.0,1.0
450000.0,13.017005,180.0,2.0,2.0,2.0,1.0,0.0,0.0,1.0,1.0,0.5,19.0,361.0,0.0,1.0,0.25185,0.057858,7777619.047619,1786777.246187,0.0,0.0,1.0,0.0
2180000.0,14.594836,1672.0,18.6,26.0,21.0,0.807692,1.0,4.0,0.0,4.0,0.215054,19.0,361.0,0.0,1.0,1.220074,0.280291,7777619.047619,1786777.246187,0.0,0.0,0.0,1.0
11820000.0,16.285304,4345.0,48.2,64.0,52.0,0.8125,1.0,6.0,0.0,6.0,0.124481,25.0,625.0,1.0,0.0,5.641917,8.465252,1396296.296296,2095032.57671,0.0,1.0,0.0,0.0
11450000.0,16.2535,2447.0,27.2,32.0,27.0,0.84375,1.0,3.0,0.0,3.0,0.110294,19.0,361.0,0.0,1.0,6.408185,1.472173,7777619.047619,1786777.246187,1.0,0.0,0.0,0.0
9090000.0,16.022686,1914.0,21.3,23.0,21.0,0.913043,1.0,0.0,0.0,0.0,0.0,23.0,529.0,0.0,1.0,5.087372,1.168738,7777619.047619,1786777.246187,1.0,0.0,0.0,0.0
640000.0,13.369225,1403.0,15.6,20.0,17.0,0.85,0.0,2.0,0.0,2.0,0.128205,19.0,361.0,0.0,1.0,0.358187,0.28137,2274583.333333,1786777.246187,1.0,0.0,0.0,0.0
1360000.0,14.122996,1186.0,13.2,21.0,13.0,0.619048,0.0,0.0,0.0,0.0,0.0,25.0,625.0,1.0,0.0,0.761147,0.597912,2274583.333333,1786777.246187,1.0,0.0,0.0,0.0
1820000.0,14.414348,1724.0,19.2,21.0,19.0,0.904762,1.0,1.0,0.0,1.0,0.052083,24.0,576.0,1.0,0.0,1.018594,0.800147,2274583.333333,1786777.246187,1.0,0.0,0.0,0.0
5090000.0,15.442789,1872.0,20.8,31.0,20.0,0.645161,1.0,9.0,0.0,9.0,0.432692,28.0,784.0,1.0,0.0,2.848704,2.237772,2274583.333333,1786777.246187,0.0,1.0,0.0,0.0
5090000.0,15.442789,2880.0,32.0,32.0,32.0,1.0,1.0,0.0,17.0,17.0,0.53125,31.0,961.0,0.0,0.0,2.848704,2.237772,2274583.333333,1786777.246187,0.0,0.0,1.0,0.0
1000000.0,13.815512,981.0,10.9,24.0,12.0,0.5,0.0,0.0,0.0,0.0,0.0,21.0,441.0,0.0,1.0,0.559667,0.439641,2274583.333333,1786777.246187,0.0,0.0,0.0,1.0
3640000.0,15.107495,61.0,0.7,4.0,0.0,0.0,0.0,0.0,0.0,0.0,0.0,29.0,841.0,1.0,0.0,2.037187,1.600293,2274583.333333,1786777.246187,0.0,0.0,0.0,1.0
910000.0,13.721201,1671.0,18.6,19.0,19.0,1.0,1.0,0.0,0.0,0.0,0.0,20.0,400.0,0.0,1.0,0.509297,0.400073,2274583.333333,1786777.246187,1.0,0.0,0.0,0.0
270000.0,12.506181,535.0,5.9,17.0,6.0,0.352941,0.0,3.0,0.0,3.0,0.508475,17.0,289.0,0.0,1.0,0.15111,0.118703,2274583.333333,1786777.246187,0.0,1.0,0.0,0.0
2730000.0,14.819813,2250.0,25.0,27.0,25.0,0.925926,1.0,0.0,0.0,0.0,0.0,25.0,625.0,1.0,0.0,1.527891,1.20022,2274583.333333,1786777.246187,1.0,0.0,0.0,0.0
4550000.0,15.330638,1546.0,17.2,32.0,15.0,0.46875,1.0,5.0,0.0,5.0,0.290698,27.0,729.0,1.0,0.0,2.546484,2.000366,2274583.333333,1786777.246187,0.0,0.0,0.0,1.0
360000.0,12.793862,805.0,8.9,19.0,7.0,0.368421,0.0,0.0,0.0,0.0,0.0,20.0,400.0,0.0,1.0,0.20148,0.158271,2274583.333333,1786777.246187,1.0,0.0,0.0,0.0
2910000.0,14.883664,2653.0,29.5,32.0,31.0,0.96875,1.0,3.0,0.0,3.0,0.101695,27.0,729.0,1.0,0.0,1.628631,1.279355,2274583.333333,1786777.246187,0.0,0.0,0.0,1.0
360000.0,12.793862,180.0,2.0,2.0,2.0,1.0,0.0,0.0,0.0,0.0,0.0,19.0,361.0,0.0,1.0,0.20148,0.158271,2274583.333333,1786777.246187,0.0,0.0,1.0,0.0
2180000.0,14.594836,2212.0,24.6,33.0,25.0,0.757576,1.0,6.0,0.0,6.0,0.243902,28.0,784.0,1.0,0.0,1.220074,0.958417,2274583.333333,1786777.246187,0.0,0.0,0.0,1.0
180000.0,12.100718,96.0,1.1,8.0,0.0,0.0,0.0,1.0,0.0,1.0,0.909091,19.0,361.0,0.0,1.0,0.10074,0.079135,2274583.333333,1786777.246187,0.0,0.0,0.0,1.0
3090000.0,14.943682,1210.0,13.4,19.0,15.0,0.789474,0.0,1.0,0.0,1.0,0.074627,30.0,900.0,0.0,0.0,1.729371,1.358491,2274583.333333,1786777.246187,0.0,0.0,0.0,1.0
2730000.0,14.819813,2533.0,28.1,33.0,27.0,0.818182,1.0,1.0,0.0,1.0,0.035587,23.0,529.0,0.0,1.0,1.527891,1.20022,2274583.333333,1786777.246187,1.0,0.0,0.0,0.0
4550000.0,15.330638,776.0,8.6,16.0,10.0,0.625,0.0,1.0,0.0,1.0,0.116279,26.0,676.0,1.0,0.0,2.546484,2.000366,2274583.333333,1786777.246187,0.0,0.0,0.0,1.0
2730000.0,14.819813,655.0,7.3,12.0,7.0,0.583333,0.0,1.0,0.0,1.0,0.136986,30.0,900.0,0.0,0.0,1.527891,1.20022,2274583.333333,1786777.246187,0.0,0.0,0.0,1.0
4000000.0,15.201805,2745.0,30.5,31.0,31.0,1.0,1.0,2.0,0.0,2.0,0.065574,30.0,900.0,0.0,0.0,2.238667,1.758564,2274583.333333,1786777.246187,0.0,0.0,0.0,1.0
820000.0,13.617061,48.0,0.5,6.0,0.0,0.0,0.0,0.0,0.0,0.0,0.0,20.0,400.0,0.0,1.0,0.458927,0.360506,2274583.333333,1786777.246187,0.0,0.0,0.0,1.0
360000.0,12.793862,1768.0,19.6,28.0,19.0,0.678571,1.0,2.0,0.0,2.0,0.102041,19.0,361.0,0.0,1.0,0.20148,0.306822,1173318.6,1786777.246187,0.0,0.0,0.0,1.0
1270000.0,14.054528,1357.0,15.1,25.0,13.0,0.52,0.0,1.0,0.0,1.0,0.066225,23.0,529.0,0.0,1.0,0.710777,1.0824,1173318.6,1786777.246187,1.0,0.0,0.0,0.0
3640000.0,15.107495,1598.0,17.8,20.0,19.0,0.95,1.0,0.0,0.0,0.0,0.0,28.0,784.0,1.0,0.0,2.037187,3.102312,1173318.6,1786777.246187,1.0,0.0,0.0,0.0
910000.0,13.721201,171.0,1.9,5.0,3.0,0.6,0.0,0.0,0.0,0.0,0.0,22.0,484.0,0.0,1.0,0.509297,0.775578,1173318.6,1786777.246187,0.0,1.0,0.0,0.0
1270000.0,14.054528,2034.0,22.6,27.0,23.0,0.851852,1.0,4.0,0.0,4.0,0.176991,20.0,400.0,0.0,1.0,0.710777,1.0824,1173318.6,1786777.246187,0.0,0.0,0.0,1.0
4205930.0,15.252006,660.0,7.3,17.0,6.0,0.352941,0.0,1.0,0.0,1.0,0.136986,22.0,484.0,0.0,1.0,0.896342,1.225919,3430837.52,4692329.188912,0.0,0.0,0.0,1.0
1450000.0,14.187075,443.0,4.9,10.0,4.0,0.4,0.0,4.0,0.0,4.0,0.816327,22.0,484.0,0.0,1.0,0.811517,1.235811,1173318.6,1786777.246187,0.0,1.0,0.0,0.0
550000.0,13.217675,555.0,6.2,11.0,7.0,0.636364,0.0,0.0,0.0,0.0,0.0,21.0,441.0,0.0,1.0,0.307817,0.468756,1173318.6,1786777.246187,0.0,0.0,0.0,1.0
640000.0,13.369225,510.0,5.7,12.0,6.0,0.5,0.0,0.0,0.0,0.0,0.0,19.0,361.0,0.0,1.0,0.358187,0.545461,1173318.6,1786777.246187,0.0,0.0,0.0,1.0
1270000.0,14.054528,2061.0,22.9,24.0,23.0,0.958333,1.0,2.0,0.0,2.0,0.087336,22.0,484.0,0.0,1.0,0.710777,1.0824,1173318.6,1786777.246187,1.0,0.0,0.0,0.0
1820000.0,14.414348,2072.0,23.0,25.0,25.0,1.0,1.0,0.0,0.0,0.0,0.0,22.0,484.0,0.0,1.0,1.018594,1.551156,1173318.6,1786777.246187,1.0,0.0,0.0,0.0
1640000.0,14.310207,2193.0,24.4,27.0,24.0,0.888889,1.0,16.0,0.0,16.0,0.655738,22.0,484.0,0.0,1.0,0.917854,1.397745,1173318.6,1786777.246187,0.0,1.0,0.0,0.0
2180000.0,14.594836,1883.0,20.9,27.0,22.0,0.814815,1.0,3.0,0.0,3.0,0.143541,21.0,441.0,0.0,1.0,1.220074,1.857978,1173318.6,1786777.246187,0.0,0.0,0.0,1.0
820000.0,13.617061,90.0,1.0,1.0,1.0,1.0,0.0,0.0,1.0,1.0,1.0,35.0,1225.0,0.0,0.0,0.458927,0.698872,1173318.6,1786777.246187,0.0,0.0,1.0,0.0
450000.0,13.017005,424.0,4.7,15.0,4.0,0.266667,0.0,1.0,0.0,1.0,0.212766,18.0,324.0,0.0,1.0,0.25185,0.383528,1173318.6,1786777.246187,0.0,0.0,0.0,1.0
1090000.0,13.901689,1792.0,19.9,24.0,21.0,0.875,1.0,0.0,0.0,0.0,0.0,19.0,361.0,0.0,1.0,0.610037,0.928989,1173318.6,1786777.246187,1.0,0.0,0.0,0.0
2102965.0,14.558859,1407.0,15.6,18.0,16.0,0.888889,0.0,0.0,0.0,0.0,0.0,19.0,361.0,0.0,1.0,1.17696,1.792322,1173318.6,1786777.246187,1.0,0.0,0.0,0.0
910000.0,13.721201,1584.0,17.6,28.0,18.0,0.642857,1.0,10.0,0.0,10.0,0.568182,22.0,484.0,0.0,1.0,0.509297,0.775578,1173318.6,1786777.246187,0.0,0.0,0.0,1.0
1090000.0,13.901689,409.0,4.5,12.0,4.0,0.333333,0.0,0.0,0.0,0.0,0.0,19.0,361.0,0.0,1.0,0.610037,0.928989,1173318.6,1786777.246187,0.0,0.0,0.0,1.0
730000.0,13.500801,446.0,5.0,8.0,6.0,0.75,0.0,1.0,0.0,1.0,0.2,20.0,400.0,0.0,1.0,0.408557,0.622167,1173318.6,1786777.246187,0.0,0.0,0.0,1.0
1000000.0,13.815512,2970.0,33.0,33.0,33.0,1.0,1.0,0.0,14.0,14.0,0.424242,20.0,400.0,0.0,1.0,0.559667,0.852283,1173318.6,1786777.246187,0.0,0.0,1.0,0.0
140000.0,11.849405,51.0,0.6,4.0,0.0,0.0,0.0,0.0,0.0,0.0,0.0,19.0,361.0,0.0,1.0,0.078353,0.11932,1173318.6,1786777.246187,0.0,0.0,0.0,1.0
910000.0,13.721201,2128.0,23.6,33.0,25.0,0.757576,1.0,1.0,0.0,1.0,0.042373,19.0,361.0,0.0,1.0,0.509297,0.775578,1173318.6,1786777.246187,0.0,0.0,0.0,1.0
730000.0,13.500801,1047.0,11.6,25.0,9.0,0.36,0.0,2.0,0.0,2.0,0.172414,19.0,361.0,0.0,1.0,0.408557,0.622167,1173318.6,1786777.246187,0.0,0.0,0.0,1.0
1270000.0,14.054528,1050.0,11.7,19.0,11.0,0.578947,0.0,7.0,0.0,7.0,0.598291,23.0,529.0,0.0,1.0,0.710777,1.0824,1173318.6,1786777.246187,0.0,0.0,0.0,1.0
1090000.0,13.901689,2168.0,24.1,27.0,24.0,0.888889,1.0,2.0,0.0,2.0,0.082988,21.0,441.0,0.0,1.0,0.610037,0.928989,1173318.6,1786777.246187,0.0,0.0,0.0,1.0
150000.0,11.918397,1092.0,12.1,23.0,12.0,0.521739,0.0,1.0,0.0,1.0,0.082645,17.0,289.0,0.0,1.0,0.08395,0.177165,846666.666667,1786777.246187,0.0,0.0,0.0,1.0
1640000.0,14.310207,2419.0,26.9,28.0,28.0,1.0,1.0,4.0,0.0,4.0,0.148699,27.0,729.0,1.0,0.0,0.917854,1.937008,846666.666667,1786777.246187,0.0,0.0,0.0,1.0
1000000.0,13.815512,2533.0,28.1,29.0,28.0,0.965517,1.0,3.0,0.0,3.0,0.106762,22.0,484.0,0.0,1.0,0.559667,1.181102,846666.666667,1786777.246187,1.0,0.0,0.0,0.0
1000000.0,13.815512,2585.0,28.7,31.0,29.0,0.935484,1.0,2.0,0.0,2.0,0.069686,25.0,625.0,1.0,0.0,0.559667,1.181102,846666.666667,1786777.246187,0.0,0.0,0.0,1.0
550000.0,13.217675,1961.0,21.8,28.0,23.0,0.821429,1.0,2.0,0.0,2.0,0.091743,19.0,361.0,0.0,1.0,0.307817,0.649606,846666.666667,1786777.246187,0.0,0.0,0.0,1.0
2180000.0,14.594836,2231.0,24.8,33.0,26.0,0.787879,1.0,3.0,0.0,3.0,0.120968,33.0,1089.0,0.0,0.0,1.220074,2.574803,846666.666667,1786777.246187,0.0,0.0,0.0,1.0
640000.0,13.369225,1589.0,17.7,28.0,19.0,0.678571,1.0,6.0,0.0,6.0,0.338983,21.0,441.0,0.0,1.0,0.358187,0.755906,846666.666667,1786777.246187,0.0,1.0,0.0,0.0
820000.0,13.617061,526.0,5.8,8.0,7.0,0.875,0.0,0.0,0.0,0.0,0.0,24.0,576.0,1.0,0.0,0.458927,0.968504,846666.666667,1786777.246187,0.0,0.0,0.0,1.0
1270000.0,14.054528,1253.0,13.9,17.0,16.0,0.941176,0.0,5.0,0.0,5.0,0.359712,25.0,625.0,1.0,0.0,0.710777,1.5,846666.666667,1786777.246187,0.0,1.0,0.0,0.0
1000000.0,13.815512,3029.0,33.7,34.0,34.0,1.0,1.0,0.0,12.0,12.0,0.356083,20.0,400.0,0.0,1.0,0.559667,1.181102,846666.666667,1786777.246187,0.0,0.0,1.0,0.0
150000.0,11.918397,29.0,0.3,3.0,0.0,0.0,0.0,0.0,0.0,0.0,0.0,17.0,289.0,0.0,1.0,0.08395,0.177165,846666.666667,1786777.246187,0.0,1.0,0.0,0.0
550000.0,13.217675,472.0,5.2,13.0,5.0,0.384615,0.0,1.0,0.0,1.0,0.192308,22.0,484.0,0.0,1.0,0.307817,0.649606,846666.666667,1786777.246187,0.0,1.0,0.0,0.0
1502118.0,14.222387,1516.0,16.8,22.0,16.0,0.727273,1.0,0.0,0.0,0.0,0.0,19.0,361.0,0.0,1.0,0.320122,0.40493,3709578.347826,4692329.188912,1.0,0.0,0.0,0.0
360000.0,12.793862,195.0,2.2,13.0,1.0,0.076923,0.0,2.0,0.0,2.0,0.909091,18.0,324.0,0.0,1.0,0.20148,0.425197,846666.666667,1786777.246187,0.0,0.0,0.0,1.0
360000.0,12.793862,31.0,0.3,1.0,0.0,0.0,0.0,0.0,0.0,0.0,0.0,27.0,729.0,1.0,0.0,0.20148,0.425197,846666.666667,1786777.246187,0.0,0.0,1.0,0.0
550000.0,13.217675,651.0,7.2,25.0,6.0,0.24,0.0,1.0,0.0,1.0,0.138889,21.0,441.0,0.0,1.0,0.307817,0.649606,846666.666667,1786777.246187,0.0,0.0,0.0,1.0
1820000.0,14.414348,2494.0,27.7,30.0,28.0,0.933333,1.0,0.0,0.0,0.0,0.0,26.0,676.0,1.0,0.0,1.018594,2.149606,846666.666667,1786777.246187,1.0,0.0,0.0,0.0
550000.0,13.217675,1271.0,14.1,16.0,14.0,0.875,0.0,1.0,0.0,1.0,0.070922,21.0,441.0,0.0,1.0,0.307817,0.649606,846666.666667,1786777.246187,0.0,0.0,0.0,1.0
450000.0,13.017005,502.0,5.6,12.0,5.0,0.416667,0.0,0.0,0.0,0.0,0.0,22.0,484.0,0.0,1.0,0.25185,0.531496,846666.666667,1786777.246187,0.0,0.0,0.0,1.0
2180000.0,14.594836,2654.0,29.5,33.0,31.0,0.939394,1.0,1.0,0.0,1.0,0.033898,28.0,784.0,1.0,0.0,1.220074,2.574803,846666.666667,1786777.246187,1.0,0.0,0.0,0.0
640000.0,13.369225,1396.0,15.5,29.0,15.0,0.517241,0.0,4.0,0.0,4.0,0.258065,20.0,400.0,0.0,1.0,0.358187,0.755906,846666.666667,1786777.246187,0.0,0.0,0.0,1.0
360000.0,12.793862,534.0,5.9,10.0,5.0,0.5,0.0,1.0,0.0,1.0,0.169492,18.0,324.0,0.0,1.0,0.20148,0.425197,846666.666667,1786777.246187,1.0,0.0,0.0,0.0
550000.0,13.217675,870.0,9.7,24.0,7.0,0.291667,0.0,1.0,0.0,1.0,0.103093,24.0,576.0,1.0,0.0,0.307817,0.649606,846666.666667,1786777.246187,0.0,0.0,0.0,1.0
820000.0,13.617061,2691.0,29.9,32.0,31.0,0.96875,1.0,8.0,0.0,8.0,0.267559,24.0,576.0,1.0,0.0,0.458927,0.968504,846666.666667,1786777.246187,0.0,0.0,0.0,1.0
9012708.0,16.014146,702.0,7.8,12.0,9.0,0.75,0.0,0.0,0.0,0.0,0.0,27.0,729.0,1.0,0.0,1.920732,1.028571,8762355.166667,4692329.188912,1.0,0.0,0.0,0.0
11716521.0,16.276511,2222.0,24.7,31.0,25.0,0.806452,1.0,7.0,0.0,7.0,0.283401,23.0,529.0,0.0,1.0,2.496952,1.337143,8762355.166667,4692329.188912,0.0,1.0,0.0,0.0
3905507.0,15.177898,106.0,1.2,7.0,1.0,0.142857,0.0,0.0,0.0,0.0,0.0,31.0,961.0,0.0,0.0,0.832317,0.445714,8762355.166667,4692329.188912,0.0,0.0,0.0,1.0
3304660.0,15.010844,994.0,11.0,20.0,9.0,0.45,0.0,0.0,0.0,0.0,0.0,21.0,441.0,0.0,1.0,0.704269,0.377143,8762355.166667,4692329.188912,1.0,0.0,0.0,0.0
6008472.0,15.608681,3330.0,37.0,37.0,37.0,1.0,1.0,0.0,25.0,25.0,0.675676,29.0,841.0,1.0,0.0,1.280488,0.685714,8762355.166667,4692329.188912,0.0,0.0,1.0,0.0
14420333.0,16.48415,3094.0,34.4,36.0,35.0,0.972222,1.0,4.0,0.0,4.0,0.116279,26.0,676.0,1.0,0.0,3.073172,1.645714,8762355.166667,4692329.188912,0.0,0.0,0.0,1.0
10815250.0,16.196468,1895.0,21.0,33.0,22.0,0.666667,1.0,7.0,0.0,7.0,0.333333,27.0,729.0,1.0,0.0,2.304879,1.234286,8762355.166667,4692329.188912,0.0,0.0,0.0,1.0
15922451.0,16.583241,429.0,4.8,14.0,3.0,0.214286,0.0,3.0,0.0,3.0,0.625,28.0,784.0,1.0,0.0,3.393294,1.817143,8762355.166667,4692329.188912,0.0,1.0,0.0,0.0
9012708.0,16.014146,2751.0,30.6,32.0,30.0,0.9375,1.0,3.0,0.0,3.0,0.098039,27.0,729.0,1.0,0.0,1.920732,1.028571,8762355.166667,4692329.188912,1.0,0.0,0.0,0.0
10815250.0,16.196468,1081.0,12.0,30.0,11.0,0.366667,0.0,1.0,0.0,1.0,0.083333,24.0,576.0,1.0,0.0,2.304879,1.234286,8762355.166667,4692329.188912,0.0,1.0,0.0,0.0
5407625.0,15.503321,2454.0,27.3,30.0,28.0,0.933333,1.0,3.0,0.0,3.0,0.10989,24.0,576.0,1.0,0.0,1.152439,0.617143,8762355.166667,4692329.188912,1.0,0.0,0.0,0.0
16823722.0,16.638301,581.0,6.5,12.0,7.0,0.583333,0.0,2.0,0.0,2.0,0.307692,26.0,676.0,1.0,0.0,3.585367,1.92,8762355.166667,4692329.188912,0.0,1.0,0.0,0.0
3605083.0,15.097856,90.0,1.0,1.0,1.0,1.0,0.0,0.0,1.0,1.0,1.0,30.0,900.0,0.0,0.0,0.768293,0.411429,8762355.166667,4692329.188912,0.0,0.0,1.0,0.0
10815250.0,16.196468,2000.0,22.2,31.0,21.0,0.677419,1.0,6.0,0.0,6.0,0.27027,30.0,900.0,0.0,0.0,2.304879,1.234286,8762355.166667,4692329.188912,0.0,1.0,0.0,0.0
14420333.0,16.48415,1369.0,15.2,24.0,16.0,0.666667,0.0,1.0,0.0,1.0,0.065789,26.0,676.0,1.0,0.0,3.073172,1.645714,8762355.166667,4692329.188912,0.0,0.0,0.0,1.0
4506354.0,15.320999,2992.0,33.2,38.0,34.0,0.894737,1.0,5.0,0.0,5.0,0.150602,26.0,676.0,1.0,0.0,0.960366,0.514286,8762355.166667,4692329.188912,0.0,0.0,0.0,1.0
2102965.0,14.558859,157.0,1.7,6.0,1.0,0.166667,0.0,1.0,0.0,1.0,0.588235,15.0,225.0,0.0,1.0,0.448171,0.24,8762355.166667,4692329.188912,0.0,0.0,0.0,1.0
7811014.0,15.871045,1036.0,11.5,22.0,10.0,0.454545,0.0,4.0,0.0,4.0,0.347826,29.0,841.0,1.0,0.0,1.664635,0.891429,8762355.166667,4692329.188912,0.0,0.0,0.0,1.0
2703812.0,14.810174,709.0,7.9,20.0,5.0,0.25,0.0,0.0,0.0,0.0,0.0,18.0,324.0,0.0,1.0,0.57622,0.308571,8762355.166667,4692329.188912,0.0,0.0,0.0,1.0
9012708.0,16.014146,1211.0,13.5,26.0,16.0,0.615385,0.0,3.0,0.0,3.0,0.222222,23.0,529.0,0.0,1.0,1.920732,1.028571,8762355.166667,4692329.188912,0.0,1.0,0.0,0.0
7210167.0,15.791003,1699.0,18.9,26.0,22.0,0.846154,1.0,1.0,0.0,1.0,0.05291,23.0,529.0,0.0,1.0,1.536586,0.822857,8762355.166667,4692329.188912,1.0,0.0,0.0,0.0
12016944.0,16.301828,2224.0,24.7,36.0,26.0,0.722222,1.0,14.0,0.0,14.0,0.566802,27.0,729.0,1.0,0.0,2.560976,1.371429,8762355.166667,4692329.188912,0.0,1.0,0.0,0.0
15021180.0,16.524972,2614.0,29.0,31.0,30.0,0.967742,1.0,1.0,0.0,1.0,0.034483,24.0,576.0,1.0,0.0,3.20122,1.714286,8762355.166667,4692329.188912,1.0,0.0,0.0,0.0
1201694.0,13.999244,49.0,0.5,3.0,0.0,0.0,0.0,0.0,0.0,0.0,0.0,19.0,361.0,0.0,1.0,0.256098,0.19685,6104607.64,4692329.188912,0.0,0.0,0.0,1.0
8411861.0,15.945153,1758.0,19.5,25.0,21.0,0.84,1.0,2.0,0.0,2.0,0.102564,23.0,529.0,0.0,1.0,1.792683,1.377953,6104607.64,4692329.188912,0.0,0.0,0.0,1.0
901271.0,13.711562,86.0,1.0,6.0,1.0,0.166667,0.0,0.0,0.0,0.0,0.0,22.0,484.0,0.0,1.0,0.192073,0.147638,6104607.64,4692329.188912,1.0,0.0,0.0,0.0
9012708.0,16.014146,1411.0,15.7,18.0,17.0,0.944444,0.0,1.0,0.0,1.0,0.063694,25.0,625.0,1.0,0.0,1.920732,1.476378,6104607.64,4692329.188912,0.0,0.0,0.0,1.0
4260000.0,15.26478,2123.0,23.6,39.0,23.0,0.589744,1.0,18.0,0.0,18.0,0.762712,26.0,676.0,1.0,0.0,2.033381,1.013518,4203181.818182,2095032.57671,0.0,1.0,0.0,0.0
4055719.0,15.215639,919.0,10.2,21.0,12.0,0.571429,0.0,1.0,0.0,1.0,0.098039,27.0,729.0,1.0,0.0,0.86433,0.66437,6104607.64,4692329.188912,0.0,0.0,0.0,1.0
9012708.0,16.014146,2835.0,31.5,32.0,32.0,1.0,1.0,0.0,16.0,16.0,0.507937,32.0,1024.0,0.0,0.0,1.920732,1.476378,6104607.64,4692329.188912,0.0,0.0,1.0,0.0
2253177.0,14.627852,918.0,10.2,21.0,9.0,0.428571,0.0,1.0,0.0,1.0,0.098039,24.0,576.0,1.0,0.0,0.480183,0.369094,6104607.64,4692329.188912,0.0,0.0,0.0,1.0
4506354.0,15.320999,3035.0,33.7,34.0,34.0,1.0,1.0,0.0,0.0,0.0,0.0,27.0,729.0,1.0,0.0,0.960366,0.738189,6104607.64,4692329.188912,1.0,0.0,0.0,0.0
3905507.0,15.177898,113.0,1.2,5.0,1.0,0.2,0.0,0.0,0.0,0.0,0.0,22.0,484.0,0.0,1.0,0.832317,0.639764,6104607.64,4692329.188912,0.0,0.0,0.0,1.0
6008472.0,15.608681,1605.0,17.8,30.0,17.0,0.566667,1.0,0.0,0.0,0.0,0.0,23.0,529.0,0.0,1.0,1.280488,0.984252,6104607.64,4692329.188912,1.0,0.0,0.0,0.0
12016944.0,16.301828,876.0,9.7,23.0,9.0,0.391304,0.0,0.0,0.0,0.0,0.0,25.0,625.0,1.0,0.0,2.560976,1.968504,6104607.64,4692329.188912,0.0,0.0,0.0,1.0
7811014.0,15.871045,2137.0,23.7,30.0,28.0,0.933333,1.0,5.0,0.0,5.0,0.21097,30.0,900.0,0.0,0.0,1.664635,1.279528,6104607.64,4692329.188912,0.0,0.0,0.0,1.0
1802542.0,14.404709,1053.0,11.7,28.0,11.0,0.392857,0.0,0.0,0.0,0.0,0.0,21.0,441.0,0.0,1.0,0.384147,0.295276,6104607.64,4692329.188912,0.0,0.0,0.0,1.0
7210167.0,15.791003,645.0,7.2,20.0,4.0,0.2,0.0,0.0,0.0,0.0,0.0,27.0,729.0,1.0,0.0,1.536586,1.181102,6104607.64,4692329.188912,0.0,0.0,0.0,1.0
8111437.0,15.908786,1852.0,20.6,31.0,21.0,0.677419,1.0,0.0,0.0,0.0,0.0,32.0,1024.0,0.0,0.0,1.728659,1.32874,6104607.64,4692329.188912,1.0,0.0,0.0,0.0
2703812.0,14.810174,585.0,6.5,7.0,6.0,0.857143,0.0,0.0,3.0,3.0,0.461538,34.0,1156.0,0.0,0.0,0.57622,0.442913,6104607.64,4692329.188912,0.0,0.0,1.0,0.0
6008472.0,15.608681,3014.0,33.5,35.0,34.0,0.971429,1.0,3.0,0.0,3.0,0.089552,27.0,729.0,1.0,0.0,1.280488,0.984252,6104607.64,4692329.188912,1.0,0.0,0.0,0.0
9012708.0,16.014146,3280.0,36.4,37.0,37.0,1.0,1.0,10.0,0.0,10.0,0.274725,23.0,529.0,0.0,1.0,1.920732,1.476378,6104607.64,4692329.188912,0.0,0.0,0.0,1.0
7811014.0,15.871045,2839.0,31.5,37.0,33.0,0.891892,1.0,16.0,0.0,16.0,0.507937,29.0,841.0,1.0,0.0,1.664635,1.279528,6104607.64,4692329.188912,0.0,1.0,0.0,0.0
6008472.0,15.608681,1676.0,18.6,21.0,18.0,0.857143,1.0,0.0,0.0,0.0,0.0,28.0,784.0,1.0,0.0,1.280488,0.984252,6104607.64,4692329.188912,1.0,0.0,0.0,0.0
3605083.0,15.097856,857.0,9.5,21.0,7.0,0.333333,0.0,3.0,0.0,3.0,0.315789,31.0,961.0,0.0,0.0,0.768293,0.590551,6104607.64,4692329.188912,0.0,0.0,0.0,1.0
8411861.0,15.945153,286.0,3.2,12.0,2.0,0.166667,0.0,2.0,0.0,2.0,0.625,27.0,729.0,1.0,0.0,1.792683,1.377953,6104607.64,4692329.188912,0.0,1.0,0.0,0.0
6609319.0,15.703991,1324.0,14.7,17.0,15.0,0.882353,0.0,0.0,0.0,0.0,0.0,32.0,1024.0,0.0,0.0,1.408537,1.082677,6104607.64,4692329.188912,1.0,0.0,0.0,0.0
7210167.0,15.791003,948.0,10.5,17.0,11.0,0.647059,0.0,0.0,0.0,0.0,0.0,31.0,961.0,0.0,0.0,1.536586,1.181102,6104607.64,4692329.188912,1.0,0.0,0.0,0.0
9012708.0,16.014146,1862.0,20.7,25.0,21.0,0.84,1.0,0.0,0.0,0.0,0.0,28.0,784.0,1.0,0.0,1.920732,1.476378,6104607.64,4692329.188912,0.0,0.0,0.0,1.0
2403389.0,14.692391,1077.0,12.0,22.0,14.0,0.636364,0.0,0.0,0.0,0.0,0.0,34.0,1156.0,0.0,0.0,0.512195,0.831169,2891577.083333,4692329.188912,1.0,0.0,0.0,0.0
2102965.0,14.558859,3379.0,37.5,38.0,38.0,1.0,1.0,1.0,0.0,1.0,0.026667,23.0,529.0,0.0,1.0,0.448171,0.727273,2891577.083333,4692329.188912,1.0,0.0,0.0,0.0
2403389.0,14.692391,2849.0,31.7,37.0,34.0,0.918919,1.0,3.0,0.0,3.0,0.094637,21.0,441.0,0.0,1.0,0.512195,0.831169,2891577.083333,4692329.188912,0.0,0.0,0.0,1.0
2403389.0,14.692391,140.0,1.6,9.0,2.0,0.222222,0.0,0.0,0.0,0.0,0.0,19.0,361.0,0.0,1.0,0.512195,0.831169,2891577.083333,4692329.188912,0.0,0.0,0.0,1.0
3605083.0,15.097856,1093.0,12.1,31.0,10.0,0.322581,0.0,3.0,0.0,3.0,0.247934,25.0,625.0,1.0,0.0,0.768293,1.246753,2891577.083333,4692329.188912,0.0,0.0,0.0,1.0
9012708.0,16.014146,3195.0,35.5,37.0,37.0,1.0,1.0,17.0,0.0,17.0,0.478873,25.0,625.0,1.0,0.0,1.920732,3.116883,2891577.083333,4692329.188912,0.0,0.0,0.0,1.0
4205930.0,15.252006,1277.0,14.2,18.0,15.0,0.833333,0.0,0.0,0.0,0.0,0.0,24.0,576.0,1.0,0.0,0.896342,1.454545,2891577.083333,4692329.188912,1.0,0.0,0.0,0.0
1802542.0,14.404709,113.0,1.3,8.0,0.0,0.0,0.0,0.0,0.0,0.0,0.0,19.0,361.0,0.0,1.0,0.384147,0.623377,2891577.083333,4692329.188912,0.0,0.0,0.0,1.0
120169.0,11.696663,7.0,0.1,1.0,0.0,0.0,0.0,0.0,0.0,0.0,0.0,20.0,400.0,0.0,1.0,0.02561,0.041558,2891577.083333,4692329.188912,0.0,0.0,0.0,1.0
3004236.0,14.915534,1204.0,13.4,31.0,13.0,0.419355,0.0,1.0,0.0,1.0,0.074627,28.0,784.0,1.0,0.0,0.640244,1.038961,2891577.083333,4692329.188912,0.0,0.0,0.0,1.0
1201694.0,13.999244,1672.0,18.6,33.0,21.0,0.636364,1.0,13.0,0.0,13.0,0.698925,19.0,361.0,0.0,1.0,0.256098,0.415584,2891577.083333,4692329.188912,0.0,0.0,0.0,1.0
901271.0,13.711562,232.0,2.6,23.0,0.0,0.0,0.0,1.0,0.0,1.0,0.384615,28.0,784.0,1.0,0.0,0.192073,0.311688,2891577.083333,4692329.188912,0.0,1.0,0.0,0.0
5107201.0,15.446162,2742.0,30.5,36.0,32.0,0.888889,1.0,6.0,0.0,6.0,0.196721,25.0,625.0,1.0,0.0,1.088415,1.766234,2891577.083333,4692329.188912,0.0,1.0,0.0,0.0
1502118.0,14.222387,2106.0,23.4,29.0,22.0,0.758621,1.0,0.0,0.0,0.0,0.0,23.0,529.0,0.0,1.0,0.320122,0.519481,2891577.083333,4692329.188912,1.0,0.0,0.0,0.0
1201694.0,13.999244,35.0,0.4,3.0,0.0,0.0,0.0,0.0,0.0,0.0,0.0,20.0,400.0,0.0,1.0,0.256098,0.415584,2891577.083333,4692329.188912,1.0,0.0,0.0,0.0
4806778.0,15.385538,952.0,10.6,20.0,10.0,0.5,0.0,2.0,0.0,2.0,0.188679,26.0,676.0,1.0,0.0,1.024391,1.662338,2891577.083333,4692329.188912,0.0,0.0,0.0,1.0
3605083.0,15.097856,874.0,9.7,18.0,8.0,0.444444,0.0,0.0,0.0,0.0,0.0,28.0,784.0,1.0,0.0,0.768293,1.246753,2891577.083333,4692329.188912,0.0,0.0,0.0,1.0
1081525.0,13.893884,2317.0,25.7,31.0,26.0,0.83871,1.0,1.0,0.0,1.0,0.038911,20.0,400.0,0.0,1.0,0.230488,0.374026,2891577.083333,4692329.188912,1.0,0.0,0.0,0.0
3004236.0,14.915534,3288.0,36.5,37.0,37.0,1.0,1.0,0.0,0.0,0.0,0.0,28.0,784.0,1.0,0.0,0.640244,1.038961,2891577.083333,4692329.188912,1.0,0.0,0.0,0.0
3905507.0,15.177898,2732.0,30.4,34.0,31.0,0.911765,1.0,7.0,0.0,7.0,0.230263,26.0,676.0,1.0,0.0,0.832317,1.350649,2891577.083333,4692329.188912,0.0,0.0,0.0,1.0
2703812.0,14.810174,1111.0,12.3,15.0,13.0,0.866667,0.0,5.0,0.0,5.0,0.406504,18.0,324.0,0.0,1.0,0.57622,0.935065,2891577.083333,4692329.188912,0.0,0.0,0.0,1.0
4205930.0,15.252006,993.0,11.0,26.0,9.0,0.346154,0.0,2.0,0.0,2.0,0.181818,30.0,900.0,0.0,0.0,0.896342,1.454545,2891577.083333,4692329.188912,0.0,0.0,0.0,1.0
3605083.0,15.097856,1773.0,19.7,25.0,21.0,0.84,1.0,2.0,0.0,2.0,0.101523,26.0,676.0,1.0,0.0,0.768293,1.246753,2891577.083333,4692329.188912,0.0,0.0,0.0,1.0
1502118.0,14.222387,368.0,4.1,7.0,4.0,0.571429,0.0,0.0,0.0,0.0,0.0,18.0,324.0,0.0,1.0,0.320122,0.519481,2891577.083333,4692329.188912,1.0,0.0,0.0,0.0
4205930.0,15.252006,690.0,7.7,21.0,8.0,0.380952,0.0,0.0,0.0,0.0,0.0,23.0,529.0,0.0,1.0,0.896342,1.72104,2443830.461538,4692329.188912,1.0,0.0,0.0,0.0
1802542.0,14.404709,45.0,0.5,1.0,1.0,1.0,0.0,0.0,0.0,0.0,0.0,20.0,400.0,0.0,1.0,0.384147,0.737589,2443830.461538,4692329.188912,0.0,0.0,0.0,1.0
3304660.0,15.010844,3330.0,37.0,37.0,37.0,1.0,1.0,0.0,13.0,13.0,0.351351,26.0,676.0,1.0,0.0,0.704269,1.352246,2443830.461538,4692329.188912,0.0,0.0,1.0,0.0
3905507.0,15.177898,2276.0,25.3,32.0,25.0,0.78125,1.0,7.0,0.0,7.0,0.27668,23.0,529.0,0.0,1.0,0.832317,1.598109,2443830.461538,4692329.188912,0.0,0.0,0.0,1.0
1802542.0,14.404709,318.0,3.5,4.0,4.0,1.0,0.0,0.0,0.0,0.0,0.0,32.0,1024.0,0.0,0.0,0.384147,0.737589,2443830.461538,4692329.188912,1.0,0.0,0.0,0.0
2403389.0,14.692391,102.0,1.1,6.0,1.0,0.166667,0.0,1.0,0.0,1.0,0.909091,22.0,484.0,0.0,1.0,0.512195,0.983452,2443830.461538,4692329.188912,0.0,0.0,0.0,1.0
1201694.0,13.999244,92.0,1.0,6.0,0.0,0.0,0.0,0.0,0.0,0.0,0.0,27.0,729.0,1.0,0.0,0.256098,0.491726,2443830.461538,4692329.188912,0.0,0.0,0.0,1.0
600847.0,13.306097,90.0,1.0,1.0,1.0,1.0,0.0,0.0,1.0,1.0,1.0,23.0,529.0,0.0,1.0,0.128049,0.245863,2443830.461538,4692329.188912,0.0,0.0,1.0,0.0
4506354.0,15.320999,3282.0,36.5,38.0,37.0,0.973684,1.0,22.0,0.0,22.0,0.60274,24.0,576.0,1.0,0.0,0.960366,1.843972,2443830.461538,4692329.188912,0.0,1.0,0.0,0.0
4506354.0,15.320999,1919.0,21.3,32.0,22.0,0.6875,1.0,1.0,0.0,1.0,0.046948,35.0,1225.0,0.0,0.0,0.960366,1.843972,2443830.461538,4692329.188912,0.0,0.0,0.0,1.0
1802542.0,14.404709,3.0,0.0,2.0,0.0,0.0,0.0,0.0,0.0,0.0,0.0,26.0,676.0,1.0,0.0,0.384147,0.737589,2443830.461538,4692329.188912,0.0,0.0,0.0,1.0
1201694.0,13.999244,1.0,0.0,1.0,0.0,0.0,0.0,0.0,0.0,0.0,0.0,18.0,324.0,0.0,1.0,0.256098,0.491726,2443830.461538,4692329.188912,0.0,1.0,0.0,0.0
3004236.0,14.915534,1972.0,21.9,36.0,22.0,0.611111,1.0,3.0,0.0,3.0,0.136986,24.0,576.0,1.0,0.0,0.640244,1.229314,2443830.461538,4692329.188912,1.0,0.0,0.0,0.0
600847.0,13.306097,2745.0,30.5,35.0,32.0,0.914286,1.0,8.0,0.0,8.0,0.262295,23.0,529.0,0.0,1.0,0.128049,0.245863,2443830.461538,4692329.188912,0.0,0.0,0.0,1.0
3004236.0,14.915534,1810.0,20.1,27.0,20.0,0.740741,1.0,0.0,0.0,0.0,0.0,27.0,729.0,1.0,0.0,0.640244,1.229314,2443830.461538,4692329.188912,1.0,0.0,0.0,0.0
3004236.0,14.915534,2247.0,25.0,36.0,26.0,0.722222,1.0,3.0,0.0,3.0,0.12,29.0,841.0,1.0,0.0,0.640244,1.229314,2443830.461538,4692329.188912,0.0,0.0,0.0,1.0
2403389.0,14.692391,3258.0,36.2,37.0,37.0,1.0,1.0,1.0,0.0,1.0,0.027624,21.0,441.0,0.0,1.0,0.512195,0.983452,2443830.461538,4692329.188912,1.0,0.0,0.0,0.0
4506354.0,15.320999,2054.0,22.8,33.0,24.0,0.727273,1.0,4.0,0.0,4.0,0.175439,25.0,625.0,1.0,0.0,0.960366,1.843972,2443830.461538,4692329.188912,0.0,0.0,0.0,1.0
150212.0,11.91981,1.0,0.0,1.0,0.0,0.0,0.0,0.0,0.0,0.0,0.0,22.0,484.0,0.0,1.0,0.032012,0.061466,2443830.461538,4692329.188912,0.0,0.0,0.0,1.0
1802542.0,14.404709,2975.0,33.1,35.0,32.0,0.914286,1.0,1.0,0.0,1.0,0.030211,24.0,576.0,1.0,0.0,0.384147,0.737589,2443830.461538,4692329.188912,1.0,0.0,0.0,0.0
4205930.0,15.252006,126.0,1.4,10.0,0.0,0.0,0.0,0.0,0.0,0.0,0.0,25.0,625.0,1.0,0.0,0.896342,1.72104,2443830.461538,4692329.188912,0.0,1.0,0.0,0.0
3004236.0,14.915534,1328.0,14.8,25.0,14.0,0.56,0.0,0.0,0.0,0.0,0.0,28.0,784.0,1.0,0.0,0.640244,1.229314,2443830.461538,4692329.188912,1.0,0.0,0.0,0.0
901271.0,13.711562,41.0,0.5,4.0,0.0,0.0,0.0,0.0,0.0,0.0,0.0,18.0,324.0,0.0,1.0,0.192073,0.368794,2443830.461538,4692329.188912,0.0,1.0,0.0,0.0
1201694.0,13.999244,2763.0,30.7,32.0,30.0,0.9375,1.0,0.0,0.0,0.0,0.0,23.0,529.0,0.0,1.0,0.256098,0.491726,2443830.461538,4692329.188912,1.0,0.0,0.0,0.0
3004236.0,14.915534,1444.0,16.0,25.0,15.0,0.6,0.0,1.0,0.0,1.0,0.0625,27.0,729.0,1.0,0.0,0.640244,1.229314,2443830.461538,4692329.188912,0.0,0.0,0.0,1.0
1502118.0,14.222387,2659.0,29.5,37.0,30.0,0.810811,1.0,1.0,0.0,1.0,0.033898,21.0,441.0,0.0,1.0,0.320122,0.614657,2443830.461538,4692329.188912,0.0,0.0,0.0,1.0
2102965.0,14.558859,3420.0,38.0,38.0,38.0,1.0,1.0,0.0,14.0,14.0,0.368421,22.0,484.0,0.0,1.0,0.448171,0.710988,2957806.909091,4692329.188912,0.0,0.0,1.0,0.0
751059.0,13.529241,1652.0,18.4,31.0,23.0,0.741935,1.0,0.0,0.0,0.0,0.0,21.0,441.0,0.0,1.0,0.160061,0.253924,2957806.909091,4692329.188912,0.0,0.0,0.0,1.0
2403389.0,14.692391,369.0,4.1,21.0,2.0,0.095238,0.0,2.0,0.0,2.0,0.487805,18.0,324.0,0.0,1.0,0.512195,0.812558,2957806.909091,4692329.188912,0.0,1.0,0.0,0.0
3605083.0,15.097856,2258.0,25.1,37.0,26.0,0.702703,1.0,13.0,0.0,13.0,0.517928,34.0,1156.0,0.0,0.0,0.768293,1.218836,2957806.909091,4692329.188912,0.0,1.0,0.0,0.0
1502118.0,14.222387,2120.0,23.6,32.0,26.0,0.8125,1.0,5.0,0.0,5.0,0.211864,22.0,484.0,0.0,1.0,0.320122,0.507849,2957806.909091,4692329.188912,0.0,0.0,0.0,1.0
5257413.0,15.47515,3133.0,34.8,37.0,34.0,0.918919,1.0,1.0,0.0,1.0,0.028736,25.0,625.0,1.0,0.0,1.120427,1.77747,2957806.909091,4692329.188912,1.0,0.0,0.0,0.0
4506354.0,15.320999,1786.0,19.8,32.0,20.0,0.625,1.0,3.0,0.0,3.0,0.151515,23.0,529.0,0.0,1.0,0.960366,1.523546,2957806.909091,4692329.188912,0.0,0.0,0.0,1.0
1802542.0,14.404709,1741.0,19.3,27.0,20.0,0.740741,1.0,4.0,0.0,4.0,0.207254,20.0,400.0,0.0,1.0,0.384147,0.609418,2957806.909091,4692329.188912,0.0,0.0,0.0,1.0
3605083.0,15.097856,784.0,8.7,20.0,7.0,0.35,0.0,1.0,0.0,1.0,0.114943,39.0,1521.0,0.0,0.0,0.768293,1.218836,2957806.909091,4692329.188912,0.0,0.0,0.0,1.0
3004236.0,14.915534,3210.0,35.7,36.0,36.0,1.0,1.0,3.0,0.0,3.0,0.084034,25.0,625.0,1.0,0.0,0.640244,1.015697,2957806.909091,4692329.188912,1.0,0.0,0.0,0.0
3004236.0,14.915534,1057.0,11.7,24.0,9.0,0.375,0.0,1.0,0.0,1.0,0.08547,33.0,1089.0,0.0,0.0,0.640244,1.015697,2957806.909091,4692329.188912,1.0,0.0,0.0,0.0
4806778.0,15.385538,1721.0,19.1,25.0,19.0,0.76,1.0,3.0,0.0,3.0,0.157068,28.0,784.0,1.0,0.0,1.024391,1.625116,2957806.909091,4692329.188912,0.0,0.0,0.0,1.0
5107201.0,15.446162,2838.0,31.5,33.0,31.0,0.939394,1.0,1.0,0.0,1.0,0.031746,33.0,1089.0,0.0,0.0,1.088415,1.726685,2957806.909091,4692329.188912,1.0,0.0,0.0,0.0
3605083.0,15.097856,1903.0,21.1,26.0,23.0,0.884615,1.0,2.0,0.0,2.0,0.094787,25.0,625.0,1.0,0.0,0.768293,1.218836,2957806.909091,4692329.188912,1.0,0.0,0.0,0.0
3304660.0,15.010844,1415.0,15.7,30.0,17.0,0.566667,0.0,2.0,0.0,2.0,0.127389,24.0,576.0,1.0,0.0,0.704269,1.117267,2957806.909091,4692329.188912,1.0,0.0,0.0,0.0
3605083.0,15.097856,802.0,8.9,12.0,9.0,0.75,0.0,0.0,0.0,0.0,0.0,27.0,729.0,1.0,0.0,0.768293,1.218836,2957806.909091,4692329.188912,1.0,0.0,0.0,0.0
3004236.0,14.915534,41.0,0.5,4.0,0.0,0.0,0.0,0.0,0.0,0.0,0.0,31.0,961.0,0.0,0.0,0.640244,1.015697,2957806.909091,4692329.188912,0.0,0.0,0.0,1.0
1201694.0,13.999244,139.0,1.5,9.0,1.0,0.111111,0.0,1.0,0.0,1.0,0.666667,19.0,361.0,0.0,1.0,0.256098,0.406279,2957806.909091,4692329.188912,0.0,1.0,0.0,0.0
600847.0,13.306097,62.0,0.7,6.0,0.0,0.0,0.0,0.0,0.0,0.0,0.0,19.0,361.0,0.0,1.0,0.128049,0.203139,2957806.909091,4692329.188912,0.0,0.0,0.0,1.0
2403389.0,14.692391,2391.0,26.6,34.0,26.0,0.764706,1.0,3.0,0.0,3.0,0.112782,21.0,441.0,0.0,1.0,0.512195,0.812558,2957806.909091,4692329.188912,0.0,0.0,0.0,1.0
480678.0,13.082955,1929.0,21.4,29.0,20.0,0.689655,1.0,3.0,0.0,3.0,0.140187,21.0,441.0,0.0,1.0,0.102439,0.162512,2957806.909091,4692329.188912,0.0,0.0,0.0,1.0
2703812.0,14.810174,860.0,9.6,24.0,8.0,0.333333,0.0,1.0,0.0,1.0,0.104167,23.0,529.0,0.0,1.0,0.57622,1.277442,2116583.214286,4692329.188912,0.0,1.0,0.0,0.0
1502118.0,14.222387,47.0,0.5,7.0,0.0,0.0,0.0,0.0,0.0,0.0,0.0,35.0,1225.0,0.0,0.0,0.320122,0.70969,2116583.214286,4692329.188912,0.0,1.0,0.0,0.0
2703812.0,14.810174,1201.0,13.3,14.0,14.0,1.0,0.0,1.0,0.0,1.0,0.075188,27.0,729.0,1.0,0.0,0.57622,1.277442,2116583.214286,4692329.188912,1.0,0.0,0.0,0.0
2403389.0,14.692391,1578.0,17.5,20.0,17.0,0.85,1.0,0.0,0.0,0.0,0.0,22.0,484.0,0.0,1.0,0.512195,1.135504,2116583.214286,4692329.188912,1.0,0.0,0.0,0.0
2403389.0,14.692391,2105.0,23.4,31.0,25.0,0.806452,1.0,0.0,0.0,0.0,0.0,25.0,625.0,1.0,0.0,0.512195,1.135504,2116583.214286,4692329.188912,0.0,0.0,0.0,1.0
34664.0,10.453486,1229.0,13.7,27.0,15.0,0.555556,0.0,1.0,0.0,1.0,0.072993,22.0,484.0,0.0,1.0,0.007387,0.016377,2116583.214286,4692329.188912,0.0,0.0,0.0,1.0
1502118.0,14.222387,1539.0,17.1,19.0,17.0,0.894737,1.0,0.0,0.0,0.0,0.0,26.0,676.0,1.0,0.0,0.320122,0.70969,2116583.214286,4692329.188912,1.0,0.0,0.0,0.0
2703812.0,14.810174,1030.0,11.4,28.0,10.0,0.357143,0.0,0.0,0.0,0.0,0.0,26.0,676.0,1.0,0.0,0.57622,1.277442,2116583.214286,4692329.188912,0.0,0.0,0.0,1.0
2703812.0,14.810174,2722.0,30.2,37.0,32.0,0.864865,1.0,8.0,0.0,8.0,0.264901,25.0,625.0,1.0,0.0,0.57622,1.277442,2116583.214286,4692329.188912,0.0,0.0,0.0,1.0
3454871.0,15.055296,1097.0,12.2,18.0,12.0,0.666667,0.0,0.0,0.0,0.0,0.0,30.0,900.0,0.0,0.0,0.736281,1.632287,2116583.214286,4692329.188912,0.0,0.0,0.0,1.0
150212.0,11.91981,10.0,0.1,1.0,0.0,0.0,0.0,0.0,0.0,0.0,0.0,20.0,400.0,0.0,1.0,0.032012,0.070969,2116583.214286,4692329.188912,0.0,1.0,0.0,0.0
2403389.0,14.692391,500.0,5.6,11.0,5.0,0.454545,0.0,0.0,0.0,0.0,0.0,28.0,784.0,1.0,0.0,0.512195,1.135504,2116583.214286,4692329.188912,1.0,0.0,0.0,0.0
3304660.0,15.010844,1514.0,16.8,18.0,18.0,1.0,1.0,2.0,0.0,2.0,0.119048,29.0,841.0,1.0,0.0,0.704269,1.561318,2116583.214286,4692329.188912,0.0,0.0,0.0,1.0
1201694.0,13.999244,1764.0,19.6,33.0,18.0,0.545455,1.0,1.0,0.0,1.0,0.05102,30.0,900.0,0.0,0.0,0.256098,0.567752,2116583.214286,4692329.188912,1.0,0.0,0.0,0.0
4506354.0,15.320999,3096.0,34.4,36.0,35.0,0.972222,1.0,0.0,0.0,0.0,0.0,35.0,1225.0,0.0,0.0,0.960366,2.12907,2116583.214286,4692329.188912,1.0,0.0,0.0,0.0
3304660.0,15.010844,2336.0,26.0,35.0,27.0,0.771429,1.0,3.0,0.0,3.0,0.115385,21.0,441.0,0.0,1.0,0.704269,1.561318,2116583.214286,4692329.188912,0.0,0.0,0.0,1.0
2703812.0,14.810174,1272.0,14.1,29.0,14.0,0.482759,0.0,2.0,0.0,2.0,0.141844,21.0,441.0,0.0,1.0,0.57622,1.277442,2116583.214286,4692329.188912,0.0,0.0,0.0,1.0
1201694.0,13.999244,1409.0,15.7,20.0,15.0,0.75,0.0,0.0,0.0,0.0,0.0,24.0,576.0,1.0,0.0,0.256098,0.567752,2116583.214286,4692329.188912,0.0,0.0,0.0,1.0
46219.0,10.741168,1371.0,15.2,26.0,15.0,0.576923,0.0,3.0,0.0,3.0,0.197368,24.0,576.0,1.0,0.0,0.00985,0.021837,2116583.214286,4692329.188912,0.0,1.0,0.0,0.0
3004236.0,14.915534,1067.0,11.9,23.0,11.0,0.478261,0.0,1.0,0.0,1.0,0.084034,26.0,676.0,1.0,0.0,0.640244,1.41938,2116583.214286,4692329.188912,0.0,0.0,0.0,1.0
2403389.0,14.692391,3150.0,35.0,35.0,35.0,1.0,1.0,0.0,4.0,4.0,0.114286,36.0,1296.0,0.0,0.0,0.512195,1.135504,2116583.214286,4692329.188912,0.0,0.0,1.0,0.0
3004236.0,14.915534,2932.0,32.6,34.0,34.0,1.0,1.0,0.0,0.0,0.0,0.0,23.0,529.0,0.0,1.0,0.640244,1.41938,2116583.214286,4692329.188912,1.0,0.0,0.0,0.0
1502118.0,14.222387,270.0,3.0,3.0,3.0,1.0,0.0,0.0,0.0,0.0,0.0,21.0,441.0,0.0,1.0,0.320122,0.70969,2116583.214286,4692329.188912,0.0,0.0,1.0,0.0
1802542.0,14.404709,43.0,0.5,6.0,0.0,0.0,0.0,0.0,0.0,0.0,0.0,26.0,676.0,1.0,0.0,0.384147,0.851628,2116583.214286,4692329.188912,0.0,1.0,0.0,0.0
600847.0,13.306097,169.0,1.9,7.0,1.0,0.142857,0.0,1.0,0.0,1.0,0.526316,24.0,576.0,1.0,0.0,0.128049,0.283876,2116583.214286,4692329.188912,1.0,0.0,0.0,0.0
2703812.0,14.810174,1825.0,20.3,21.0,21.0,1.0,1.0,0.0,0.0,0.0,0.0,23.0,529.0,0.0,1.0,0.57622,1.277442,2116583.214286,4692329.188912,1.0,0.0,0.0,0.0
2102965.0,14.558859,73.0,0.8,4.0,0.0,0.0,0.0,0.0,0.0,0.0,0.0,24.0,576.0,1.0,0.0,0.448171,0.993566,2116583.214286,4692329.188912,0.0,1.0,0.0,0.0
1201694.0,13.999244,1768.0,19.6,29.0,21.0,0.724138,1.0,11.0,0.0,11.0,0.561224,26.0,676.0,1.0,0.0,0.256098,0.567752,2116583.214286,4692329.188912,0.0,1.0,0.0,0.0
6609319.0,15.703991,1268.0,14.1,24.0,14.0,0.583333,0.0,1.0,0.0,1.0,0.070922,21.0,441.0,0.0,1.0,1.408537,1.134695,5824751.461538,4692329.188912,0.0,0.0,0.0,1.0
2102965.0,14.558859,1260.0,14.0,27.0,13.0,0.481481,0.0,1.0,0.0,1.0,0.071429,21.0,441.0,0.0,1.0,0.448171,0.361039,5824751.461538,4692329.188912,0.0,0.0,0.0,1.0
5407625.0,15.503321,471.0,5.2,8.0,6.0,0.75,0.0,0.0,0.0,0.0,0.0,24.0,576.0,1.0,0.0,1.152439,0.928387,5824751.461538,4692329.188912,1.0,0.0,0.0,0.0
7811014.0,15.871045,1955.0,21.7,26.0,24.0,0.923077,1.0,10.0,0.0,10.0,0.460829,23.0,529.0,0.0,1.0,1.664635,1.341004,5824751.461538,4692329.188912,0.0,0.0,0.0,1.0
2403389.0,14.692391,30.0,0.3,3.0,0.0,0.0,0.0,0.0,0.0,0.0,0.0,20.0,400.0,0.0,1.0,0.512195,0.412617,5824751.461538,4692329.188912,0.0,0.0,0.0,1.0
10815250.0,16.196468,3115.0,34.6,36.0,35.0,0.972222,1.0,10.0,0.0,10.0,0.289017,24.0,576.0,1.0,0.0,2.304879,1.856775,5824751.461538,4692329.188912,0.0,0.0,0.0,1.0
3605083.0,15.097856,848.0,9.4,22.0,12.0,0.545455,0.0,2.0,0.0,2.0,0.212766,18.0,324.0,0.0,1.0,0.768293,0.618925,5824751.461538,4692329.188912,0.0,0.0,0.0,1.0
751059.0,13.529241,84.0,0.9,4.0,1.0,0.25,0.0,0.0,0.0,0.0,0.0,20.0,400.0,0.0,1.0,0.160061,0.128943,5824751.461538,4692329.188912,0.0,0.0,0.0,1.0
3004236.0,14.915534,379.0,4.2,5.0,3.0,0.6,0.0,0.0,1.0,1.0,0.238095,23.0,529.0,0.0,1.0,0.640244,0.515771,5824751.461538,4692329.188912,0.0,0.0,1.0,0.0
6489150.0,15.685642,495.0,5.5,16.0,5.0,0.3125,0.0,0.0,0.0,0.0,0.0,20.0,400.0,0.0,1.0,1.382927,1.114065,5824751.461538,4692329.188912,0.0,0.0,0.0,1.0
7510590.0,15.831825,2661.0,29.6,35.0,31.0,0.885714,1.0,15.0,0.0,15.0,0.506757,23.0,529.0,0.0,1.0,1.60061,1.289427,5824751.461538,4692329.188912,0.0,1.0,0.0,0.0
7210167.0,15.791003,1148.0,12.8,22.0,12.0,0.545455,0.0,0.0,0.0,0.0,0.0,19.0,361.0,0.0,1.0,1.536586,1.23785,5824751.461538,4692329.188912,1.0,0.0,0.0,0.0
300424.0,12.612953,666.0,7.4,17.0,8.0,0.470588,0.0,1.0,0.0,1.0,0.135135,19.0,361.0,0.0,1.0,0.064024,0.051577,5824751.461538,4692329.188912,1.0,0.0,0.0,0.0
6008472.0,15.608681,225.0,2.5,3.0,2.0,0.666667,0.0,0.0,0.0,0.0,0.0,22.0,484.0,0.0,1.0,1.280488,1.031541,5824751.461538,4692329.188912,1.0,0.0,0.0,0.0
6008472.0,15.608681,1107.0,12.3,28.0,12.0,0.428571,0.0,1.0,0.0,1.0,0.081301,22.0,484.0,0.0,1.0,1.280488,1.031541,5824751.461538,4692329.188912,0.0,1.0,0.0,0.0
2703812.0,14.810174,2261.0,25.1,34.0,26.0,0.764706,1.0,2.0,0.0,2.0,0.079681,22.0,484.0,0.0,1.0,0.57622,0.464194,5824751.461538,4692329.188912,1.0,0.0,0.0,0.0
10514826.0,16.168297,2707.0,30.1,34.0,31.0,0.911765,1.0,1.0,0.0,1.0,0.033223,27.0,729.0,1.0,0.0,2.240854,1.805197,5824751.461538,4692329.188912,1.0,0.0,0.0,0.0
3004236.0,14.915534,272.0,3.1,10.0,1.0,0.1,0.0,0.0,0.0,0.0,0.0,19.0,361.0,0.0,1.0,0.640244,0.515771,5824751.461538,4692329.188912,0.0,1.0,0.0,0.0
9012708.0,16.014146,2795.0,31.1,33.0,32.0,0.969697,1.0,3.0,0.0,3.0,0.096463,23.0,529.0,0.0,1.0,1.920732,1.547312,5824751.461538,4692329.188912,0.0,0.0,0.0,1.0
9613555.0,16.078685,2631.0,29.2,34.0,30.0,0.882353,1.0,5.0,0.0,5.0,0.171233,25.0,625.0,1.0,0.0,2.048781,1.650466,5824751.461538,4692329.188912,0.0,0.0,0.0,1.0
12016944.0,16.301828,1963.0,21.8,29.0,20.0,0.689655,1.0,2.0,0.0,2.0,0.091743,25.0,625.0,1.0,0.0,2.560976,2.063083,5824751.461538,4692329.188912,1.0,0.0,0.0,0.0
3605083.0,15.097856,3039.0,33.8,35.0,35.0,1.0,1.0,0.0,13.0,13.0,0.384615,27.0,729.0,1.0,0.0,0.768293,0.618925,5824751.461538,4692329.188912,0.0,0.0,1.0,0.0
2703812.0,14.810174,382.0,4.2,12.0,4.0,0.333333,0.0,0.0,0.0,0.0,0.0,21.0,441.0,0.0,1.0,0.57622,0.464194,5824751.461538,4692329.188912,0.0,0.0,0.0,1.0
7210167.0,15.791003,795.0,8.8,16.0,8.0,0.5,0.0,0.0,0.0,0.0,0.0,27.0,729.0,1.0,0.0,1.536586,1.23785,5824751.461538,4692329.188912,1.0,0.0,0.0,0.0
3004236.0,14.915534,2783.0,30.9,34.0,31.0,0.911765,1.0,3.0,0.0,3.0,0.097087,26.0,676.0,1.0,0.0,0.640244,0.515771,5824751.461538,4692329.188912,1.0,0.0,0.0,0.0
450635.0,13.018415,363.0,4.0,15.0,1.0,0.066667,0.0,0.0,0.0,0.0,0.0,19.0,361.0,0.0,1.0,0.096037,0.114567,3933364.318182,4692329.188912,0.0,0.0,0.0,1.0
12016944.0,16.301828,1722.0,19.1,25.0,20.0,0.8,1.0,0.0,0.0,0.0,0.0,24.0,576.0,1.0,0.0,2.560976,2.063083,5824751.461538,4692329.188912,1.0,0.0,0.0,0.0
2102965.0,14.558859,2552.0,28.4,34.0,29.0,0.852941,1.0,1.0,0.0,1.0,0.035211,21.0,441.0,0.0,1.0,0.448171,0.566901,3709578.347826,4692329.188912,0.0,0.0,0.0,1.0
2102965.0,14.558859,101.0,1.1,7.0,0.0,0.0,0.0,0.0,0.0,0.0,0.0,27.0,729.0,1.0,0.0,0.448171,0.566901,3709578.347826,4692329.188912,1.0,0.0,0.0,0.0
6609319.0,15.703991,1722.0,19.2,34.0,19.0,0.558824,1.0,2.0,0.0,2.0,0.104167,24.0,576.0,1.0,0.0,1.408537,1.78169,3709578.347826,4692329.188912,0.0,0.0,0.0,1.0
1802542.0,14.404709,552.0,6.1,9.0,6.0,0.666667,0.0,0.0,0.0,0.0,0.0,22.0,484.0,0.0,1.0,0.384147,0.485916,3709578.347826,4692329.188912,1.0,0.0,0.0,0.0
3304660.0,15.010844,2827.0,31.4,33.0,31.0,0.939394,1.0,1.0,0.0,1.0,0.031847,25.0,625.0,1.0,0.0,0.704269,0.890845,3709578.347826,4692329.188912,1.0,0.0,0.0,0.0
6308896.0,15.657471,1902.0,21.1,28.0,22.0,0.785714,1.0,0.0,0.0,0.0,0.0,28.0,784.0,1.0,0.0,1.344513,1.700704,3709578.347826,4692329.188912,0.0,0.0,0.0,1.0
3605083.0,15.097856,2399.0,26.7,29.0,29.0,1.0,1.0,4.0,0.0,4.0,0.149813,29.0,841.0,1.0,0.0,0.768293,0.971831,3709578.347826,4692329.188912,0.0,0.0,0.0,1.0
6008472.0,15.608681,3330.0,37.0,37.0,37.0,1.0,1.0,0.0,11.0,11.0,0.297297,28.0,784.0,1.0,0.0,1.280488,1.619718,3709578.347826,4692329.188912,0.0,0.0,1.0,0.0
5407625.0,15.503321,424.0,4.7,12.0,2.0,0.166667,0.0,2.0,0.0,2.0,0.425532,26.0,676.0,1.0,0.0,1.152439,1.457747,3709578.347826,4692329.188912,0.0,0.0,0.0,1.0
4205930.0,15.252006,2174.0,24.2,28.0,24.0,0.857143,1.0,9.0,0.0,9.0,0.371901,27.0,729.0,1.0,0.0,0.896342,1.133803,3709578.347826,4692329.188912,0.0,0.0,0.0,1.0
7210167.0,15.791003,2307.0,25.6,36.0,26.0,0.722222,1.0,4.0,0.0,4.0,0.15625,25.0,625.0,1.0,0.0,1.536586,2.446899,2946654.875,4692329.188912,0.0,1.0,0.0,0.0
3605083.0,15.097856,2218.0,24.6,32.0,25.0,0.78125,1.0,12.0,0.0,12.0,0.487805,28.0,784.0,1.0,0.0,0.768293,0.971831,3709578.347826,4692329.188912,0.0,1.0,0.0,0.0
4205930.0,15.252006,1733.0,19.3,31.0,18.0,0.580645,1.0,0.0,0.0,0.0,0.0,30.0,900.0,0.0,0.0,0.896342,1.133803,3709578.347826,4692329.188912,0.0,0.0,0.0,1.0
1201694.0,13.999244,796.0,8.8,21.0,7.0,0.333333,0.0,1.0,0.0,1.0,0.113636,21.0,441.0,0.0,1.0,0.256098,0.323944,3709578.347826,4692329.188912,0.0,0.0,0.0,1.0
300424.0,12.612953,4.0,0.0,1.0,0.0,0.0,0.0,0.0,0.0,0.0,0.0,20.0,400.0,0.0,1.0,0.064024,0.080986,3709578.347826,4692329.188912,1.0,0.0,0.0,0.0
15021180.0,16.524972,3150.0,35.0,35.0,35.0,1.0,1.0,3.0,0.0,3.0,0.085714,25.0,625.0,1.0,0.0,3.20122,4.049296,3709578.347826,4692329.188912,1.0,0.0,0.0,0.0
3004236.0,14.915534,3085.0,34.3,35.0,35.0,1.0,1.0,1.0,0.0,1.0,0.029155,25.0,625.0,1.0,0.0,0.640244,0.809859,3709578.347826,4692329.188912,1.0,0.0,0.0,0.0
3004236.0,14.915534,594.0,6.6,10.0,7.0,0.7,0.0,0.0,0.0,0.0,0.0,34.0,1156.0,0.0,0.0,0.640244,0.809859,3709578.347826,4692329.188912,0.0,0.0,0.0,1.0
300424.0,12.612953,90.0,1.0,1.0,1.0,1.0,0.0,0.0,0.0,0.0,0.0,19.0,361.0,0.0,1.0,0.064024,0.080986,3709578.347826,4692329.188912,0.0,0.0,0.0,1.0
2403389.0,14.692391,3251.0,36.1,38.0,36.0,0.947368,1.0,1.0,0.0,1.0,0.027701,25.0,625.0,1.0,0.0,0.512195,0.647887,3709578.347826,4692329.188912,0.0,0.0,0.0,1.0
2102965.0,14.558859,90.0,1.0,1.0,1.0,1.0,0.0,0.0,0.0,0.0,0.0,32.0,1024.0,0.0,0.0,0.448171,0.566901,3709578.347826,4692329.188912,0.0,0.0,1.0,0.0
3605083.0,15.097856,1571.0,17.5,31.0,19.0,0.612903,1.0,0.0,0.0,0.0,0.0,30.0,900.0,0.0,0.0,0.768293,0.971831,3709578.347826,4692329.188912,0.0,0.0,0.0,1.0
3605083.0,15.097856,1568.0,17.4,37.0,17.0,0.459459,1.0,9.0,0.0,9.0,0.517241,27.0,729.0,1.0,0.0,0.768293,0.916539,3933364.318182,4692329.188912,0.0,1.0,0.0,0.0
1201694.0,13.999244,689.0,7.7,20.0,6.0,0.3,0.0,0.0,0.0,0.0,0.0,22.0,484.0,0.0,1.0,0.256098,0.305513,3933364.318182,4692329.188912,0.0,0.0,0.0,1.0
1502118.0,14.222387,1168.0,13.0,22.0,14.0,0.636364,0.0,0.0,0.0,0.0,0.0,25.0,625.0,1.0,0.0,0.320122,0.381891,3933364.318182,4692329.188912,0.0,0.0,0.0,1.0
72102.0,11.185851,529.0,5.9,13.0,6.0,0.461538,0.0,0.0,0.0,0.0,0.0,18.0,324.0,0.0,1.0,0.015366,0.018331,3933364.318182,4692329.188912,0.0,0.0,0.0,1.0
7210167.0,15.791003,2093.0,23.3,25.0,25.0,1.0,1.0,2.0,0.0,2.0,0.085837,35.0,1225.0,0.0,0.0,1.536586,1.833079,3933364.318182,4692329.188912,0.0,0.0,0.0,1.0
2703812.0,14.810174,2778.0,30.9,32.0,32.0,1.0,1.0,6.0,0.0,6.0,0.194175,25.0,625.0,1.0,0.0,0.57622,0.687404,3933364.318182,4692329.188912,0.0,0.0,0.0,1.0
13519062.0,16.419611,1627.0,18.1,20.0,18.0,0.9,1.0,2.0,0.0,2.0,0.110497,29.0,841.0,1.0,0.0,2.881098,3.437023,3933364.318182,4692329.188912,0.0,0.0,0.0,1.0
2102965.0,14.558859,3120.0,34.7,37.0,35.0,0.945946,1.0,1.0,0.0,1.0,0.028818,24.0,576.0,1.0,0.0,0.448171,0.534648,3933364.318182,4692329.188912,1.0,0.0,0.0,0.0
4806778.0,15.385538,3413.0,37.9,38.0,38.0,1.0,1.0,2.0,0.0,2.0,0.05277,24.0,576.0,1.0,0.0,1.024391,1.222053,3933364.318182,4692329.188912,0.0,0.0,0.0,1.0
7210167.0,15.791003,3330.0,37.0,37.0,37.0,1.0,1.0,2.0,0.0,2.0,0.054054,32.0,1024.0,0.0,0.0,1.536586,1.833079,3933364.318182,4692329.188912,1.0,0.0,0.0,0.0
7210167.0,15.791003,680.0,7.6,10.0,7.0,0.7,0.0,1.0,0.0,1.0,0.131579,23.0,529.0,0.0,1.0,1.536586,1.833079,3933364.318182,4692329.188912,1.0,0.0,0.0,0.0
9012708.0,16.014146,3420.0,38.0,38.0,38.0,1.0,1.0,0.0,13.0,13.0,0.342105,31.0,961.0,0.0,0.0,1.920732,2.291348,3933364.318182,4692329.188912,0.0,0.0,1.0,0.0
5407625.0,15.503321,2626.0,29.2,31.0,30.0,0.967742,1.0,8.0,0.0,8.0,0.273973,26.0,676.0,1.0,0.0,1.152439,1.374809,3933364.318182,4692329.188912,0.0,0.0,0.0,1.0
4806778.0,15.385538,2591.0,28.8,33.0,29.0,0.878788,1.0,3.0,0.0,3.0,0.104167,32.0,1024.0,0.0,0.0,1.024391,1.222053,3933364.318182,4692329.188912,1.0,0.0,0.0,0.0
1682372.0,14.335716,241.0,2.7,7.0,3.0,0.428571,0.0,0.0,0.0,0.0,0.0,23.0,529.0,0.0,1.0,0.358537,0.427718,3933364.318182,4692329.188912,1.0,0.0,0.0,0.0
3304660.0,15.010844,21.0,0.2,5.0,1.0,0.2,0.0,0.0,0.0,0.0,0.0,36.0,1296.0,0.0,0.0,0.704269,0.840161,3933364.318182,4692329.188912,1.0,0.0,0.0,0.0
2703812.0,14.810174,1914.0,21.3,38.0,21.0,0.552632,1.0,8.0,0.0,8.0,0.375587,22.0,484.0,0.0,1.0,0.57622,0.687404,3933364.318182,4692329.188912,0.0,1.0,0.0,0.0
1201694.0,13.999244,1487.0,16.5,29.0,17.0,0.586207,0.0,0.0,0.0,0.0,0.0,22.0,484.0,0.0,1.0,0.256098,0.305513,3933364.318182,4692329.188912,0.0,0.0,0.0,1.0
2403389.0,14.692391,358.0,4.0,14.0,4.0,0.285714,0.0,0.0,0.0,0.0,0.0,19.0,361.0,0.0,1.0,0.512195,0.611026,3933364.318182,4692329.188912,0.0,0.0,0.0,1.0
3484914.0,15.063954,2958.0,32.9,33.0,33.0,1.0,1.0,0.0,0.0,0.0,0.0,26.0,676.0,1.0,0.0,0.742683,0.885988,3933364.318182,4692329.188912,1.0,0.0,0.0,0.0
4205930.0,15.252006,395.0,4.3,24.0,1.0,0.041667,0.0,0.0,0.0,0.0,0.0,29.0,841.0,1.0,0.0,0.896342,1.106719,3800358.541667,4692329.188912,0.0,0.0,0.0,1.0
4806778.0,15.385538,2419.0,26.9,29.0,29.0,1.0,1.0,4.0,0.0,4.0,0.148699,29.0,841.0,1.0,0.0,1.024391,1.264822,3800358.541667,4692329.188912,0.0,0.0,0.0,1.0
3605083.0,15.097856,1492.0,16.6,22.0,17.0,0.772727,0.0,1.0,0.0,1.0,0.060241,27.0,729.0,1.0,0.0,0.768293,0.948617,3800358.541667,4692329.188912,1.0,0.0,0.0,0.0
7811014.0,15.871045,3420.0,38.0,38.0,38.0,1.0,1.0,0.0,15.0,15.0,0.394737,33.0,1089.0,0.0,0.0,1.664635,2.055336,3800358.541667,4692329.188912,0.0,0.0,1.0,0.0
2703812.0,14.810174,2534.0,28.2,30.0,28.0,0.933333,1.0,1.0,0.0,1.0,0.035461,25.0,625.0,1.0,0.0,0.57622,0.711462,3800358.541667,4692329.188912,1.0,0.0,0.0,0.0
4205930.0,15.252006,1923.0,21.4,37.0,22.0,0.594595,1.0,3.0,0.0,3.0,0.140187,25.0,625.0,1.0,0.0,0.896342,1.106719,3800358.541667,4692329.188912,0.0,0.0,0.0,1.0
3004236.0,14.915534,94.0,1.0,7.0,1.0,0.142857,0.0,1.0,0.0,1.0,1.0,30.0,900.0,0.0,0.0,0.640244,0.790514,3800358.541667,4692329.188912,0.0,0.0,0.0,1.0
3304660.0,15.010844,2673.0,29.7,36.0,32.0,0.888889,1.0,10.0,0.0,10.0,0.3367,28.0,784.0,1.0,0.0,0.704269,0.869565,3800358.541667,4692329.188912,0.0,0.0,0.0,1.0
4205930.0,15.252006,816.0,9.1,13.0,8.0,0.615385,0.0,1.0,0.0,1.0,0.10989,28.0,784.0,1.0,0.0,0.896342,1.106719,3800358.541667,4692329.188912,1.0,0.0,0.0,0.0
5407625.0,15.503321,2875.0,31.9,33.0,33.0,1.0,1.0,0.0,0.0,0.0,0.0,29.0,841.0,1.0,0.0,1.152439,1.422925,3800358.541667,4692329.188912,1.0,0.0,0.0,0.0
1502118.0,14.222387,938.0,10.4,15.0,11.0,0.733333,0.0,0.0,0.0,0.0,0.0,25.0,625.0,1.0,0.0,0.320122,0.395257,3800358.541667,4692329.188912,1.0,0.0,0.0,0.0
1201694.0,13.999244,1308.0,14.5,32.0,15.0,0.46875,0.0,1.0,0.0,1.0,0.068966,18.0,324.0,0.0,1.0,0.256098,0.316205,3800358.541667,4692329.188912,0.0,0.0,0.0,1.0
3905507.0,15.177898,1791.0,19.9,22.0,21.0,0.954545,1.0,1.0,0.0,1.0,0.050251,29.0,841.0,1.0,0.0,0.832317,1.027668,3800358.541667,4692329.188912,1.0,0.0,0.0,0.0
3004236.0,14.915534,1041.0,11.6,26.0,9.0,0.346154,0.0,1.0,0.0,1.0,0.086207,22.0,484.0,0.0,1.0,0.640244,0.790514,3800358.541667,4692329.188912,0.0,0.0,0.0,1.0
3905507.0,15.177898,1039.0,11.5,23.0,11.0,0.478261,0.0,0.0,0.0,0.0,0.0,22.0,484.0,0.0,1.0,0.832317,1.027668,3800358.541667,4692329.188912,0.0,0.0,0.0,1.0
6008472.0,15.608681,2189.0,24.3,36.0,27.0,0.75,1.0,9.0,0.0,9.0,0.37037,34.0,1156.0,0.0,0.0,1.280488,1.581028,3800358.541667,4692329.188912,0.0,1.0,0.0,0.0
3605083.0,15.097856,1000.0,11.1,21.0,10.0,0.47619,0.0,1.0,0.0,1.0,0.09009,24.0,576.0,1.0,0.0,0.768293,0.948617,3800358.541667,4692329.188912,0.0,1.0,0.0,0.0
3004236.0,14.915534,1823.0,20.3,27.0,20.0,0.740741,1.0,3.0,0.0,3.0,0.147783,25.0,625.0,1.0,0.0,0.640244,0.790514,3800358.541667,4692329.188912,1.0,0.0,0.0,0.0
3785337.0,15.146646,1734.0,19.3,26.0,20.0,0.769231,1.0,1.0,0.0,1.0,0.051813,28.0,784.0,1.0,0.0,0.806707,0.996047,3800358.541667,4692329.188912,0.0,0.0,0.0,1.0
7210167.0,15.791003,1079.0,12.0,23.0,10.0,0.434783,0.0,3.0,0.0,3.0,0.25,26.0,676.0,1.0,0.0,1.536586,1.897233,3800358.541667,4692329.188912,0.0,0.0,0.0,1.0
3304660.0,15.010844,2905.0,32.3,35.0,34.0,0.971429,1.0,0.0,0.0,0.0,0.0,27.0,729.0,1.0,0.0,0.704269,0.869565,3800358.541667,4692329.188912,0.0,0.0,0.0,1.0
3905507.0,15.177898,1845.0,20.5,30.0,20.0,0.666667,1.0,0.0,0.0,0.0,0.0,29.0,841.0,1.0,0.0,0.832317,1.027668,3800358.541667,4692329.188912,1.0,0.0,0.0,0.0
2102965.0,14.558859,775.0,8.6,24.0,6.0,0.25,0.0,2.0,0.0,2.0,0.232558,34.0,1156.0,0.0,0.0,0.448171,0.55336,3800358.541667,4692329.188912,0.0,0.0,0.0,1.0
2703812.0,14.810174,2370.0,26.3,29.0,28.0,0.965517,1.0,5.0,0.0,5.0,0.190114,26.0,676.0,1.0,0.0,0.57622,0.987531,2737951.454545,4692329.188912,0.0,0.0,0.0,1.0
1502118.0,14.222387,1315.0,14.6,28.0,14.0,0.5,0.0,2.0,0.0,2.0,0.136986,26.0,676.0,1.0,0.0,0.320122,0.548628,2737951.454545,4692329.188912,0.0,0.0,0.0,1.0
2703812.0,14.810174,2449.0,27.2,37.0,30.0,0.810811,1.0,4.0,0.0,4.0,0.147059,24.0,576.0,1.0,0.0,0.57622,0.987531,2737951.454545,4692329.188912,0.0,0.0,0.0,1.0
4506354.0,15.320999,559.0,6.2,19.0,6.0,0.315789,0.0,0.0,0.0,0.0,0.0,27.0,729.0,1.0,0.0,0.960366,1.645885,2737951.454545,4692329.188912,0.0,1.0,0.0,0.0
6008472.0,15.608681,2721.0,30.2,35.0,30.0,0.857143,1.0,14.0,0.0,14.0,0.463576,28.0,784.0,1.0,0.0,1.280488,2.194514,2737951.454545,4692329.188912,0.0,1.0,0.0,0.0
2403389.0,14.692391,3119.0,34.7,35.0,35.0,1.0,1.0,1.0,0.0,1.0,0.028818,24.0,576.0,1.0,0.0,0.512195,0.877806,2737951.454545,4692329.188912,0.0,0.0,0.0,1.0
2403389.0,14.692391,2631.0,29.2,32.0,31.0,0.96875,1.0,0.0,0.0,0.0,0.0,26.0,676.0,1.0,0.0,0.512195,0.877806,2737951.454545,4692329.188912,1.0,0.0,0.0,0.0
901271.0,13.711562,1323.0,14.7,23.0,15.0,0.652174,0.0,0.0,0.0,0.0,0.0,25.0,625.0,1.0,0.0,0.192073,0.329177,2737951.454545,4692329.188912,0.0,0.0,0.0,1.0
2703812.0,14.810174,1250.0,13.9,26.0,11.0,0.423077,0.0,1.0,0.0,1.0,0.071942,28.0,784.0,1.0,0.0,1.290582,1.349717,2003244.125,2095032.57671,0.0,1.0,0.0,0.0
2703812.0,14.810174,1890.0,21.0,25.0,21.0,0.84,1.0,1.0,0.0,1.0,0.047619,26.0,676.0,1.0,0.0,0.57622,0.987531,2737951.454545,4692329.188912,1.0,0.0,0.0,0.0
2102965.0,14.558859,1901.0,21.1,29.0,21.0,0.724138,1.0,2.0,0.0,2.0,0.094787,27.0,729.0,1.0,0.0,0.448171,0.76808,2737951.454545,4692329.188912,1.0,0.0,0.0,0.0
1802542.0,14.404709,2793.0,31.0,34.0,32.0,0.941176,1.0,1.0,0.0,1.0,0.032258,25.0,625.0,1.0,0.0,0.384147,0.658354,2737951.454545,4692329.188912,0.0,0.0,0.0,1.0
2403389.0,14.692391,2951.0,32.8,35.0,33.0,0.942857,1.0,2.0,0.0,2.0,0.060976,27.0,729.0,1.0,0.0,0.512195,0.877806,2737951.454545,4692329.188912,1.0,0.0,0.0,0.0
2403389.0,14.692391,258.0,2.9,16.0,2.0,0.125,0.0,0.0,0.0,0.0,0.0,25.0,625.0,1.0,0.0,0.512195,0.877806,2737951.454545,4692329.188912,0.0,1.0,0.0,0.0
1802542.0,14.404709,1980.0,22.0,22.0,22.0,1.0,1.0,0.0,7.0,7.0,0.318182,34.0,1156.0,0.0,0.0,0.384147,0.658354,2737951.454545,4692329.188912,0.0,0.0,1.0,0.0
3004236.0,14.915534,1440.0,16.0,16.0,16.0,1.0,0.0,0.0,4.0,4.0,0.25,27.0,729.0,1.0,0.0,0.640244,1.097257,2737951.454545,4692329.188912,0.0,0.0,1.0,0.0
2102965.0,14.558859,1083.0,12.0,31.0,10.0,0.322581,0.0,6.0,0.0,6.0,0.5,26.0,676.0,1.0,0.0,0.448171,0.76808,2737951.454545,4692329.188912,0.0,1.0,0.0,0.0
4356142.0,15.287098,1561.0,17.3,28.0,19.0,0.678571,1.0,8.0,0.0,8.0,0.462428,25.0,625.0,1.0,0.0,0.928354,1.591022,2737951.454545,4692329.188912,0.0,1.0,0.0,0.0
3004236.0,14.915534,2936.0,32.6,34.0,33.0,0.970588,1.0,0.0,0.0,0.0,0.0,25.0,625.0,1.0,0.0,0.640244,1.097257,2737951.454545,4692329.188912,1.0,0.0,0.0,0.0
1502118.0,14.222387,9.0,0.1,2.0,0.0,0.0,0.0,0.0,0.0,0.0,0.0,31.0,961.0,0.0,0.0,0.320122,0.548628,2737951.454545,4692329.188912,1.0,0.0,0.0,0.0
4806778.0,15.385538,1011.0,11.2,23.0,10.0,0.434783,0.0,2.0,0.0,2.0,0.178571,27.0,729.0,1.0,0.0,1.024391,1.755611,2737951.454545,4692329.188912,0.0,0.0,0.0,1.0
2703812.0,14.810174,429.0,4.8,12.0,5.0,0.416667,0.0,0.0,0.0,0.0,0.0,26.0,676.0,1.0,0.0,0.57622,0.987531,2737951.454545,4692329.188912,1.0,0.0,0.0,0.0
2403389.0,14.692391,537.0,6.0,23.0,4.0,0.173913,0.0,0.0,0.0,0.0,0.0,21.0,441.0,0.0,1.0,0.512195,0.877806,2737951.454545,4692329.188912,0.0,1.0,0.0,0.0
16823722.0,16.638301,699.0,7.8,14.0,8.0,0.571429,0.0,3.0,0.0,3.0,0.384615,25.0,625.0,1.0,0.0,3.585367,1.948563,8633913.086957,4692329.188912,0.0,1.0,0.0,0.0
9012708.0,16.014146,2658.0,29.5,37.0,31.0,0.837838,1.0,2.0,0.0,2.0,0.067797,26.0,676.0,1.0,0.0,1.920732,1.043873,8633913.086957,4692329.188912,0.0,0.0,0.0,1.0
9012708.0,16.014146,2340.0,26.0,26.0,26.0,1.0,1.0,0.0,13.0,13.0,0.5,32.0,1024.0,0.0,0.0,1.920732,1.043873,8633913.086957,4692329.188912,0.0,0.0,1.0,0.0
9613555.0,16.078685,1176.0,13.1,24.0,11.0,0.458333,0.0,1.0,0.0,1.0,0.076336,31.0,961.0,0.0,0.0,2.048781,1.113464,8633913.086957,4692329.188912,1.0,0.0,0.0,0.0
15021180.0,16.524972,2737.0,30.4,36.0,32.0,0.888889,1.0,7.0,0.0,7.0,0.230263,26.0,676.0,1.0,0.0,3.20122,1.739788,8633913.086957,4692329.188912,0.0,0.0,0.0,1.0
4506354.0,15.320999,929.0,10.3,15.0,12.0,0.8,0.0,0.0,0.0,0.0,0.0,22.0,484.0,0.0,1.0,0.960366,0.521936,8633913.086957,4692329.188912,1.0,0.0,0.0,0.0
3004236.0,14.915534,1937.0,21.5,34.0,18.0,0.529412,1.0,1.0,0.0,1.0,0.046512,24.0,576.0,1.0,0.0,0.640244,0.347958,8633913.086957,4692329.188912,0.0,0.0,0.0,1.0
7210167.0,15.791003,3231.0,35.9,36.0,36.0,1.0,1.0,6.0,0.0,6.0,0.167131,24.0,576.0,1.0,0.0,1.536586,0.835098,8633913.086957,4692329.188912,0.0,0.0,0.0,1.0
9012708.0,16.014146,339.0,3.8,26.0,1.0,0.038462,0.0,2.0,0.0,2.0,0.526316,27.0,729.0,1.0,0.0,1.920732,1.043873,8633913.086957,4692329.188912,0.0,0.0,0.0,1.0
12016944.0,16.301828,2378.0,26.4,33.0,27.0,0.818182,1.0,5.0,0.0,5.0,0.189394,22.0,484.0,0.0,1.0,2.560976,1.391831,8633913.086957,4692329.188912,0.0,0.0,0.0,1.0
1502118.0,14.222387,213.0,2.4,3.0,2.0,0.666667,0.0,0.0,1.0,1.0,0.416667,28.0,784.0,1.0,0.0,0.320122,0.173979,8633913.086957,4692329.188912,0.0,0.0,1.0,0.0
5107201.0,15.446162,867.0,9.6,10.0,10.0,1.0,0.0,0.0,3.0,3.0,0.3125,24.0,576.0,1.0,0.0,1.088415,0.591528,8633913.086957,4692329.188912,0.0,0.0,1.0,0.0
12016944.0,16.301828,1803.0,20.0,28.0,21.0,0.75,1.0,11.0,0.0,11.0,0.55,23.0,529.0,0.0,1.0,2.560976,1.391831,8633913.086957,4692329.188912,0.0,1.0,0.0,0.0
9012708.0,16.014146,3090.0,34.3,36.0,36.0,1.0,1.0,1.0,0.0,1.0,0.029155,26.0,676.0,1.0,0.0,1.920732,1.043873,8633913.086957,4692329.188912,1.0,0.0,0.0,0.0
6008472.0,15.608681,1040.0,11.6,21.0,12.0,0.571429,0.0,0.0,0.0,0.0,0.0,24.0,576.0,1.0,0.0,1.280488,0.695915,8633913.086957,4692329.188912,1.0,0.0,0.0,0.0
5107201.0,15.446162,607.0,6.7,21.0,7.0,0.333333,0.0,0.0,0.0,0.0,0.0,28.0,784.0,1.0,0.0,1.088415,0.591528,8633913.086957,4692329.188912,1.0,0.0,0.0,0.0
4506354.0,15.320999,2257.0,25.1,34.0,27.0,0.794118,1.0,2.0,0.0,2.0,0.079681,21.0,441.0,0.0,1.0,0.960366,0.521936,8633913.086957,4692329.188912,1.0,0.0,0.0,0.0
24033889.0,16.994975,2146.0,23.8,27.0,23.0,0.851852,1.0,7.0,0.0,7.0,0.294118,33.0,1089.0,0.0,0.0,5.121953,2.783661,8633913.086957,4692329.188912,0.0,0.0,0.0,1.0
1502118.0,14.222387,560.0,6.2,19.0,5.0,0.263158,0.0,2.0,0.0,2.0,0.322581,16.0,256.0,0.0,1.0,0.320122,0.173979,8633913.086957,4692329.188912,0.0,0.0,0.0,1.0
9012708.0,16.014146,2992.0,33.2,36.0,34.0,0.944444,1.0,5.0,0.0,5.0,0.150602,23.0,529.0,0.0,1.0,1.920732,1.043873,8633913.086957,4692329.188912,0.0,0.0,0.0,1.0
1502118.0,14.222387,24.0,0.3,6.0,0.0,0.0,0.0,0.0,0.0,0.0,0.0,18.0,324.0,0.0,1.0,0.320122,0.173979,8633913.086957,4692329.188912,0.0,0.0,0.0,1.0
21029652.0,16.861444,3420.0,38.0,38.0,38.0,1.0,1.0,6.0,0.0,6.0,0.157895,34.0,1156.0,0.0,0.0,4.481709,2.435703,8633913.086957,4692329.188912,1.0,0.0,0.0,0.0
3004236.0,14.915534,175.0,1.9,8.0,1.0,0.125,0.0,0.0,0.0,0.0,0.0,32.0,1024.0,0.0,0.0,0.640244,0.347958,8633913.086957,4692329.188912,1.0,0.0,0.0,0.0
3004236.0,14.915534,1432.0,15.9,21.0,15.0,0.714286,0.0,0.0,0.0,0.0,0.0,21.0,441.0,0.0,1.0,0.640244,0.305396,9837180.041667,4692329.188912,1.0,0.0,0.0,0.0
18025416.0,16.707293,2872.0,31.9,38.0,34.0,0.894737,1.0,2.0,0.0,2.0,0.062696,30.0,900.0,0.0,0.0,3.841464,1.832376,9837180.041667,4692329.188912,0.0,0.0,0.0,1.0
120169.0,11.696663,27.0,0.3,2.0,0.0,0.0,0.0,0.0,0.0,0.0,0.0,17.0,289.0,0.0,1.0,0.02561,0.012216,9837180.041667,4692329.188912,0.0,0.0,0.0,1.0
31544479.0,17.266909,2953.0,32.8,35.0,34.0,0.971429,1.0,27.0,0.0,27.0,0.823171,25.0,625.0,1.0,0.0,6.722563,3.206659,9837180.041667,4692329.188912,0.0,1.0,0.0,0.0
15021180.0,16.524972,3060.0,34.0,34.0,34.0,1.0,1.0,0.0,22.0,22.0,0.647059,26.0,676.0,1.0,0.0,3.20122,1.52698,9837180.041667,4692329.188912,0.0,0.0,1.0,0.0
4506354.0,15.320999,360.0,4.0,4.0,4.0,1.0,0.0,0.0,1.0,1.0,0.25,22.0,484.0,0.0,1.0,0.960366,0.458094,9837180.041667,4692329.188912,0.0,0.0,1.0,0.0
3004236.0,14.915534,1784.0,19.8,30.0,19.0,0.633333,1.0,5.0,0.0,5.0,0.252525,23.0,529.0,0.0,1.0,0.640244,0.305396,9837180.041667,4692329.188912,0.0,0.0,0.0,1.0
15021180.0,16.524972,439.0,4.9,9.0,5.0,0.555556,0.0,0.0,0.0,0.0,0.0,31.0,961.0,0.0,0.0,3.20122,1.52698,9837180.041667,4692329.188912,1.0,0.0,0.0,0.0
12016944.0,16.301828,1372.0,15.2,18.0,16.0,0.888889,0.0,2.0,0.0,2.0,0.131579,23.0,529.0,0.0,1.0,2.560976,1.221584,9837180.041667,4692329.188912,1.0,0.0,0.0,0.0
9012708.0,16.014146,130.0,1.4,6.0,1.0,0.166667,0.0,0.0,0.0,0.0,0.0,31.0,961.0,0.0,0.0,1.920732,0.916188,9837180.041667,4692329.188912,0.0,0.0,0.0,1.0
7811014.0,15.871045,2862.0,31.8,34.0,32.0,0.941176,1.0,1.0,0.0,1.0,0.031447,26.0,676.0,1.0,0.0,1.664635,0.79403,9837180.041667,4692329.188912,1.0,0.0,0.0,0.0
450635.0,13.018415,135.0,1.5,2.0,2.0,1.0,0.0,0.0,0.0,0.0,0.0,20.0,400.0,0.0,1.0,0.096037,0.045809,9837180.041667,4692329.188912,1.0,0.0,0.0,0.0
9613555.0,16.078685,695.0,7.7,18.0,6.0,0.333333,0.0,0.0,0.0,0.0,0.0,30.0,900.0,0.0,0.0,2.048781,0.977267,9837180.041667,4692329.188912,1.0,0.0,0.0,0.0
7500000.0,15.830414,1569.0,17.4,25.0,17.0,0.68,1.0,1.0,0.0,1.0,0.057471,23.0,529.0,0.0,1.0,1.598353,0.762414,9837180.041667,4692329.188912,0.0,0.0,0.0,1.0
1802542.0,14.404709,2646.0,29.4,34.0,29.0,0.852941,1.0,5.0,0.0,5.0,0.170068,20.0,400.0,0.0,1.0,0.384147,0.183238,9837180.041667,4692329.188912,1.0,0.0,0.0,0.0
17724993.0,16.690486,700.0,7.8,21.0,8.0,0.380952,0.0,3.0,0.0,3.0,0.384615,26.0,676.0,1.0,0.0,3.77744,1.801837,9837180.041667,4692329.188912,0.0,1.0,0.0,0.0
13519062.0,16.419611,2086.0,23.2,33.0,23.0,0.69697,1.0,7.0,0.0,7.0,0.301724,25.0,625.0,1.0,0.0,2.881098,1.374282,9837180.041667,4692329.188912,0.0,0.0,0.0,1.0
7210167.0,15.791003,974.0,10.8,17.0,12.0,0.705882,0.0,0.0,0.0,0.0,0.0,24.0,576.0,1.0,0.0,1.536586,0.732951,9837180.041667,4692329.188912,1.0,0.0,0.0,0.0
10815250.0,16.196468,1786.0,19.8,33.0,19.0,0.575758,1.0,4.0,0.0,4.0,0.20202,21.0,441.0,0.0,1.0,2.304879,1.099426,9837180.041667,4692329.188912,0.0,0.0,0.0,1.0
15021180.0,16.524972,2141.0,23.8,26.0,24.0,0.923077,1.0,2.0,0.0,2.0,0.084034,28.0,784.0,1.0,0.0,3.20122,1.52698,9837180.041667,4692329.188912,1.0,0.0,0.0,0.0
1502118.0,14.222387,407.0,4.5,11.0,4.0,0.363636,0.0,0.0,0.0,0.0,0.0,20.0,400.0,0.0,1.0,0.320122,0.152698,9837180.041667,4692329.188912,1.0,0.0,0.0,0.0
13218639.0,16.397139,1511.0,16.8,21.0,17.0,0.809524,1.0,1.0,0.0,1.0,0.059524,29.0,841.0,1.0,0.0,2.817074,1.343743,9837180.041667,4692329.188912,0.0,0.0,0.0,1.0
4806778.0,15.385538,833.0,9.3,24.0,7.0,0.291667,0.0,1.0,0.0,1.0,0.107527,21.0,441.0,0.0,1.0,1.024391,0.488634,9837180.041667,4692329.188912,0.0,0.0,0.0,1.0
13819486.0,16.44159,1631.0,18.1,28.0,19.0,0.678571,1.0,5.0,0.0,5.0,0.276243,27.0,729.0,1.0,0.0,2.945123,1.404822,9837180.041667,4692329.188912,0.0,0.0,0.0,1.0
2102965.0,14.558859,540.0,6.0,6.0,6.0,1.0,0.0,0.0,2.0,2.0,0.333333,27.0,729.0,1.0,0.0,0.448171,0.276632,7602023.391304,4692329.188912,0.0,0.0,1.0,0.0
7210167.0,15.791003,2341.0,26.0,32.0,27.0,0.84375,1.0,2.0,0.0,2.0,0.076923,23.0,529.0,0.0,1.0,1.536586,0.948454,7602023.391304,4692329.188912,0.0,0.0,0.0,1.0
1502118.0,14.222387,924.0,10.3,17.0,11.0,0.647059,0.0,0.0,0.0,0.0,0.0,18.0,324.0,0.0,1.0,0.320122,0.197594,7602023.391304,4692329.188912,1.0,0.0,0.0,0.0
9613555.0,16.078685,1643.0,18.3,30.0,17.0,0.566667,1.0,11.0,0.0,11.0,0.601093,22.0,484.0,0.0,1.0,2.048781,1.264605,7602023.391304,4692329.188912,0.0,1.0,0.0,0.0
18025416.0,16.707293,3063.0,34.0,35.0,35.0,1.0,1.0,9.0,0.0,9.0,0.264706,30.0,900.0,0.0,0.0,3.841464,2.371134,7602023.391304,4692329.188912,0.0,0.0,0.0,1.0
9012708.0,16.014146,2609.0,29.0,33.0,31.0,0.939394,1.0,11.0,0.0,11.0,0.37931,25.0,625.0,1.0,0.0,1.920732,1.185567,7602023.391304,4692329.188912,0.0,0.0,0.0,1.0
21029652.0,16.861444,2571.0,28.6,34.0,33.0,0.970588,1.0,9.0,0.0,9.0,0.314685,33.0,1089.0,0.0,0.0,4.481709,2.766323,7602023.391304,4692329.188912,0.0,0.0,0.0,1.0
5107201.0,15.446162,2614.0,29.0,34.0,29.0,0.852941,1.0,1.0,0.0,1.0,0.034483,26.0,676.0,1.0,0.0,1.088415,0.671821,7602023.391304,4692329.188912,1.0,0.0,0.0,0.0
11416097.0,16.250535,1653.0,18.4,23.0,19.0,0.826087,1.0,1.0,0.0,1.0,0.054348,32.0,1024.0,0.0,0.0,2.432928,1.501718,7602023.391304,4692329.188912,1.0,0.0,0.0,0.0
6308896.0,15.657471,626.0,7.0,24.0,5.0,0.208333,0.0,2.0,0.0,2.0,0.285714,24.0,576.0,1.0,0.0,1.344513,0.829897,7602023.391304,4692329.188912,0.0,1.0,0.0,0.0
1502118.0,14.222387,1662.0,18.5,28.0,16.0,0.571429,1.0,1.0,0.0,1.0,0.054054,20.0,400.0,0.0,1.0,0.320122,0.197594,7602023.391304,4692329.188912,0.0,0.0,0.0,1.0
6909743.0,15.748443,1740.0,19.3,32.0,18.0,0.5625,1.0,0.0,0.0,0.0,0.0,19.0,361.0,0.0,1.0,1.472561,0.908935,7602023.391304,4692329.188912,1.0,0.0,0.0,0.0
7210167.0,15.791003,1233.0,13.7,18.0,13.0,0.722222,0.0,0.0,0.0,0.0,0.0,27.0,729.0,1.0,0.0,1.536586,0.948454,7602023.391304,4692329.188912,1.0,0.0,0.0,0.0
9012708.0,16.014146,3219.0,35.8,38.0,38.0,1.0,1.0,1.0,0.0,1.0,0.027933,30.0,900.0,0.0,0.0,1.920732,1.185567,7602023.391304,4692329.188912,1.0,0.0,0.0,0.0
7210167.0,15.791003,887.0,9.9,22.0,8.0,0.363636,0.0,0.0,0.0,0.0,0.0,24.0,576.0,1.0,0.0,1.536586,0.948454,7602023.391304,4692329.188912,0.0,0.0,0.0,1.0
9012708.0,16.014146,1017.0,11.3,23.0,12.0,0.521739,0.0,3.0,0.0,3.0,0.265487,26.0,676.0,1.0,0.0,1.920732,1.185567,7602023.391304,4692329.188912,0.0,0.0,0.0,1.0
10815250.0,16.196468,2494.0,27.7,33.0,29.0,0.878788,1.0,10.0,0.0,10.0,0.361011,26.0,676.0,1.0,0.0,2.304879,1.42268,7602023.391304,4692329.188912,0.0,0.0,0.0,1.0
11716521.0,16.276511,1170.0,13.0,13.0,13.0,1.0,0.0,1.0,0.0,1.0,0.076923,25.0,625.0,1.0,0.0,2.496952,1.541237,7602023.391304,4692329.188912,1.0,0.0,0.0,0.0
8111437.0,15.908786,985.0,10.9,20.0,11.0,0.55,0.0,0.0,0.0,0.0,0.0,27.0,729.0,1.0,0.0,1.728659,1.06701,7602023.391304,4692329.188912,1.0,0.0,0.0,0.0
2403389.0,14.692391,1449.0,16.1,26.0,15.0,0.576923,0.0,4.0,0.0,4.0,0.248447,20.0,400.0,0.0,1.0,0.512195,0.316151,7602023.391304,4692329.188912,0.0,0.0,0.0,1.0
3605083.0,15.097856,2880.0,32.0,32.0,32.0,1.0,1.0,0.0,18.0,18.0,0.5625,23.0,529.0,0.0,1.0,0.768293,0.474227,7602023.391304,4692329.188912,0.0,0.0,1.0,0.0
1502118.0,14.222387,3.0,0.0,1.0,0.0,0.0,0.0,0.0,0.0,0.0,0.0,20.0,400.0,0.0,1.0,0.320122,0.197594,7602023.391304,4692329.188912,1.0,0.0,0.0,0.0
4506354.0,15.320999,18.0,0.2,3.0,0.0,0.0,0.0,0.0,0.0,0.0,0.0,25.0,625.0,1.0,0.0,0.960366,0.592783,7602023.391304,4692329.188912,1.0,0.0,0.0,0.0
7210167.0,15.791003,1004.0,11.2,12.0,11.0,0.916667,0.0,0.0,4.0,4.0,0.357143,27.0,729.0,1.0,0.0,1.536586,1.372684,5252606.32,4692329.188912,0.0,0.0,1.0,0.0
480678.0,13.082955,9.0,0.1,2.0,0.0,0.0,0.0,0.0,0.0,0.0,0.0,21.0,441.0,0.0,1.0,0.102439,0.091512,5252606.32,4692329.188912,1.0,0.0,0.0,0.0
6008472.0,15.608681,1319.0,14.7,32.0,14.0,0.4375,0.0,0.0,0.0,0.0,0.0,23.0,529.0,0.0,1.0,1.280488,1.143903,5252606.32,4692329.188912,0.0,1.0,0.0,0.0
9012708.0,16.014146,1795.0,19.9,26.0,24.0,0.923077,1.0,6.0,0.0,6.0,0.301508,24.0,576.0,1.0,0.0,1.920732,1.715854,5252606.32,4692329.188912,0.0,1.0,0.0,0.0
9613555.0,16.078685,2453.0,27.3,29.0,27.0,0.931034,1.0,9.0,0.0,9.0,0.32967,27.0,729.0,1.0,0.0,2.048781,1.830245,5252606.32,4692329.188912,0.0,0.0,0.0,1.0
4205930.0,15.252006,2199.0,24.4,29.0,25.0,0.862069,1.0,1.0,0.0,1.0,0.040984,33.0,1089.0,0.0,0.0,0.896342,0.800732,5252606.32,4692329.188912,1.0,0.0,0.0,0.0
3304660.0,15.010844,45.0,0.5,1.0,1.0,1.0,0.0,0.0,0.0,0.0,0.0,30.0,900.0,0.0,0.0,0.704269,0.629147,5252606.32,4692329.188912,1.0,0.0,0.0,0.0
4205930.0,15.252006,1091.0,12.1,16.0,11.0,0.6875,0.0,0.0,0.0,0.0,0.0,33.0,1089.0,0.0,0.0,0.896342,0.800732,5252606.32,4692329.188912,1.0,0.0,0.0,0.0
4806778.0,15.385538,1966.0,21.8,37.0,19.0,0.513514,1.0,7.0,0.0,7.0,0.321101,27.0,729.0,1.0,0.0,1.024391,0.915122,5252606.32,4692329.188912,0.0,1.0,0.0,0.0
2102965.0,14.558859,1617.0,18.0,33.0,19.0,0.575758,1.0,3.0,0.0,3.0,0.166667,30.0,900.0,0.0,0.0,0.448171,0.400366,5252606.32,4692329.188912,0.0,1.0,0.0,0.0
7210167.0,15.791003,1450.0,16.1,28.0,15.0,0.535714,0.0,2.0,0.0,2.0,0.124224,24.0,576.0,1.0,0.0,1.536586,1.372684,5252606.32,4692329.188912,0.0,0.0,0.0,1.0
1201694.0,13.999244,21.0,0.2,2.0,0.0,0.0,0.0,0.0,0.0,0.0,0.0,31.0,961.0,0.0,0.0,0.256098,0.228781,5252606.32,4692329.188912,1.0,0.0,0.0,0.0
9012708.0,16.014146,1951.0,21.7,27.0,23.0,0.851852,1.0,2.0,0.0,2.0,0.092166,28.0,784.0,1.0,0.0,1.920732,1.715854,5252606.32,4692329.188912,0.0,0.0,0.0,1.0
4806778.0,15.385538,983.0,10.9,24.0,10.0,0.416667,0.0,0.0,0.0,0.0,0.0,25.0,625.0,1.0,0.0,1.024391,0.915122,5252606.32,4692329.188912,0.0,0.0,0.0,1.0
7210167.0,15.791003,1586.0,17.6,21.0,18.0,0.857143,1.0,0.0,0.0,0.0,0.0,34.0,1156.0,0.0,0.0,1.536586,1.372684,5252606.32,4692329.188912,1.0,0.0,0.0,0.0
2703812.0,14.810174,2181.0,24.2,30.0,24.0,0.8,1.0,1.0,0.0,1.0,0.041322,20.0,400.0,0.0,1.0,0.57622,0.514756,5252606.32,4692329.188912,1.0,0.0,0.0,0.0
1802542.0,14.404709,1496.0,16.6,23.0,15.0,0.652174,0.0,1.0,0.0,1.0,0.060241,19.0,361.0,0.0,1.0,0.384147,0.343171,5252606.32,4692329.188912,0.0,0.0,0.0,1.0
4506354.0,15.320999,2965.0,32.9,35.0,33.0,0.942857,1.0,4.0,0.0,4.0,0.121581,23.0,529.0,0.0,1.0,0.960366,0.857927,5252606.32,4692329.188912,1.0,0.0,0.0,0.0
3605083.0,15.097856,2416.0,26.8,27.0,27.0,1.0,1.0,0.0,10.0,10.0,0.373134,33.0,1089.0,0.0,0.0,0.768293,0.686342,5252606.32,4692329.188912,0.0,0.0,1.0,0.0
9012708.0,16.014146,2534.0,28.2,35.0,31.0,0.885714,1.0,0.0,0.0,0.0,0.0,25.0,625.0,1.0,0.0,1.920732,1.715854,5252606.32,4692329.188912,0.0,0.0,0.0,1.0
8411861.0,15.945153,1835.0,20.4,25.0,21.0,0.84,1.0,1.0,0.0,1.0,0.04902,25.0,625.0,1.0,0.0,1.792683,1.601464,5252606.32,4692329.188912,1.0,0.0,0.0,0.0
3004236.0,14.915534,1328.0,14.8,17.0,14.0,0.823529,0.0,0.0,0.0,0.0,0.0,22.0,484.0,0.0,1.0,0.640244,0.571951,5252606.32,4692329.188912,1.0,0.0,0.0,0.0
1502118.0,14.222387,819.0,9.1,24.0,8.0,0.333333,0.0,7.0,0.0,7.0,0.769231,21.0,441.0,0.0,1.0,0.320122,0.285976,5252606.32,4692329.188912,0.0,1.0,0.0,0.0
8411861.0,15.945153,531.0,5.9,19.0,4.0,0.210526,0.0,1.0,0.0,1.0,0.169492,28.0,784.0,1.0,0.0,1.792683,1.601464,5252606.32,4692329.188912,0.0,1.0,0.0,0.0
1802542.0,14.404709,45.0,0.5,1.0,0.0,0.0,0.0,0.0,0.0,0.0,0.0,29.0,841.0,1.0,0.0,0.384147,0.525394,3430837.52,4692329.188912,0.0,0.0,1.0,0.0
5407625.0,15.503321,1841.0,20.5,30.0,21.0,0.7,1.0,3.0,0.0,3.0,0.146341,24.0,576.0,1.0,0.0,1.152439,1.576182,3430837.52,4692329.188912,0.0,0.0,0.0,1.0
5407625.0,15.503321,901.0,10.0,15.0,11.0,0.733333,0.0,3.0,0.0,3.0,0.3,33.0,1089.0,0.0,0.0,1.152439,1.576182,3430837.52,4692329.188912,0.0,1.0,0.0,0.0
5107201.0,15.446162,1173.0,13.0,24.0,14.0,0.583333,0.0,1.0,0.0,1.0,0.076923,24.0,576.0,1.0,0.0,1.088415,1.488616,3430837.52,4692329.188912,0.0,0.0,0.0,1.0
2403389.0,14.692391,3331.0,37.0,38.0,37.0,0.973684,1.0,4.0,0.0,4.0,0.108108,22.0,484.0,0.0,1.0,0.512195,0.700525,3430837.52,4692329.188912,0.0,0.0,0.0,1.0
4506354.0,15.320999,2075.0,23.1,28.0,25.0,0.892857,1.0,2.0,0.0,2.0,0.08658,27.0,729.0,1.0,0.0,0.960366,1.313485,3430837.52,4692329.188912,0.0,0.0,0.0,1.0
3004236.0,14.915534,2298.0,25.5,37.0,28.0,0.756757,1.0,6.0,0.0,6.0,0.235294,24.0,576.0,1.0,0.0,0.640244,0.875657,3430837.52,4692329.188912,0.0,1.0,0.0,0.0
2102965.0,14.558859,517.0,5.7,9.0,6.0,0.666667,0.0,0.0,0.0,0.0,0.0,20.0,400.0,0.0,1.0,0.448171,0.61296,3430837.52,4692329.188912,1.0,0.0,0.0,0.0
2403389.0,14.692391,298.0,3.3,14.0,2.0,0.142857,0.0,0.0,0.0,0.0,0.0,22.0,484.0,0.0,1.0,0.512195,0.700525,3430837.52,4692329.188912,0.0,0.0,0.0,1.0
2403389.0,14.692391,437.0,4.9,5.0,5.0,1.0,0.0,0.0,1.0,1.0,0.204082,29.0,841.0,1.0,0.0,0.512195,0.700525,3430837.52,4692329.188912,0.0,0.0,1.0,0.0
1850000.0,14.430697,537.0,5.9,20.0,5.0,0.25,0.0,2.0,0.0,2.0,0.338983,24.0,576.0,1.0,0.0,0.883041,0.467347,3958518.518519,2095032.57671,0.0,1.0,0.0,0.0
2403389.0,14.692391,2668.0,29.6,31.0,30.0,0.967742,1.0,0.0,10.0,10.0,0.337838,33.0,1089.0,0.0,0.0,0.512195,0.700525,3430837.52,4692329.188912,0.0,0.0,1.0,0.0
2102965.0,14.558859,1345.0,14.9,21.0,14.0,0.666667,0.0,1.0,0.0,1.0,0.067114,24.0,576.0,1.0,0.0,0.448171,0.61296,3430837.52,4692329.188912,1.0,0.0,0.0,0.0
6609319.0,15.703991,3097.0,34.4,37.0,35.0,0.945946,1.0,15.0,0.0,15.0,0.436047,25.0,625.0,1.0,0.0,1.408537,1.926445,3430837.52,4692329.188912,0.0,0.0,0.0,1.0
4506354.0,15.320999,2130.0,23.7,25.0,25.0,1.0,1.0,1.0,0.0,1.0,0.042194,23.0,529.0,0.0,1.0,0.960366,1.313485,3430837.52,4692329.188912,1.0,0.0,0.0,0.0
3905507.0,15.177898,3204.0,35.6,37.0,36.0,0.972973,1.0,2.0,0.0,2.0,0.05618,24.0,576.0,1.0,0.0,0.832317,1.138354,3430837.52,4692329.188912,1.0,0.0,0.0,0.0
2703812.0,14.810174,1028.0,11.4,14.0,11.0,0.785714,0.0,2.0,0.0,2.0,0.175439,22.0,484.0,0.0,1.0,0.57622,0.788091,3430837.52,4692329.188912,1.0,0.0,0.0,0.0
2102965.0,14.558859,1175.0,13.1,27.0,17.0,0.62963,0.0,1.0,0.0,1.0,0.076336,27.0,729.0,1.0,0.0,0.448171,0.61296,3430837.52,4692329.188912,0.0,0.0,0.0,1.0
6308896.0,15.657471,3375.0,37.5,38.0,37.0,0.973684,1.0,0.0,0.0,0.0,0.0,27.0,729.0,1.0,0.0,1.344513,1.838879,3430837.52,4692329.188912,1.0,0.0,0.0,0.0
3605083.0,15.097856,1588.0,17.6,18.0,18.0,1.0,1.0,0.0,0.0,0.0,0.0,28.0,784.0,1.0,0.0,0.768293,1.050788,3430837.52,4692329.188912,1.0,0.0,0.0,0.0
3304660.0,15.010844,1688.0,18.8,31.0,17.0,0.548387,1.0,1.0,0.0,1.0,0.053191,21.0,441.0,0.0,1.0,0.704269,0.963223,3430837.52,4692329.188912,0.0,0.0,0.0,1.0
3004236.0,14.915534,617.0,6.9,22.0,2.0,0.090909,0.0,0.0,0.0,0.0,0.0,27.0,729.0,1.0,0.0,0.640244,0.875657,3430837.52,4692329.188912,0.0,0.0,0.0,1.0
2703812.0,14.810174,270.0,3.0,3.0,3.0,1.0,0.0,0.0,0.0,0.0,0.0,32.0,1024.0,0.0,0.0,0.57622,0.788091,3430837.52,4692329.188912,0.0,0.0,1.0,0.0
3004236.0,14.915534,494.0,5.5,17.0,3.0,0.176471,0.0,4.0,0.0,4.0,0.727273,27.0,729.0,1.0,0.0,0.640244,0.875657,3430837.52,4692329.188912,0.0,1.0,0.0,0.0
751059.0,13.529241,164.0,1.8,3.0,2.0,0.666667,0.0,0.0,0.0,0.0,0.0,19.0,361.0,0.0,1.0,0.160061,0.218914,3430837.52,4692329.188912,1.0,0.0,0.0,0.0
3905507.0,15.177898,632.0,7.0,12.0,9.0,0.75,0.0,1.0,0.0,1.0,0.142857,29.0,841.0,1.0,0.0,0.832317,1.485007,2629958.208333,4692329.188912,0.0,0.0,0.0,1.0
3605083.0,15.097856,1927.0,21.4,31.0,22.0,0.709677,1.0,7.0,0.0,7.0,0.327103,23.0,529.0,0.0,1.0,0.768293,1.370776,2629958.208333,4692329.188912,0.0,1.0,0.0,0.0
2403389.0,14.692391,1561.0,17.3,28.0,16.0,0.571429,1.0,4.0,0.0,4.0,0.231214,20.0,400.0,0.0,1.0,0.512195,0.913851,2629958.208333,4692329.188912,0.0,0.0,0.0,1.0
2102965.0,14.558859,761.0,8.5,18.0,11.0,0.611111,0.0,1.0,0.0,1.0,0.117647,18.0,324.0,0.0,1.0,0.448171,0.799619,2629958.208333,4692329.188912,0.0,0.0,0.0,1.0
2703812.0,14.810174,2149.0,23.9,29.0,24.0,0.827586,1.0,2.0,0.0,2.0,0.083682,25.0,625.0,1.0,0.0,0.57622,1.028082,2629958.208333,4692329.188912,1.0,0.0,0.0,0.0
450635.0,13.018415,14.0,0.2,3.0,0.0,0.0,0.0,0.0,0.0,0.0,0.0,23.0,529.0,0.0,1.0,0.096037,0.171347,2629958.208333,4692329.188912,0.0,0.0,0.0,1.0
1201694.0,13.999244,323.0,3.6,8.0,3.0,0.375,0.0,0.0,0.0,0.0,0.0,23.0,529.0,0.0,1.0,0.256098,0.456925,2629958.208333,4692329.188912,1.0,0.0,0.0,0.0
1802542.0,14.404709,759.0,8.4,20.0,8.0,0.4,0.0,2.0,0.0,2.0,0.238095,20.0,400.0,0.0,1.0,0.384147,0.685388,2629958.208333,4692329.188912,0.0,1.0,0.0,0.0
4506354.0,15.320999,2930.0,32.6,36.0,33.0,0.916667,1.0,5.0,0.0,5.0,0.153374,25.0,625.0,1.0,0.0,0.960366,1.71347,2629958.208333,4692329.188912,0.0,0.0,0.0,1.0
6609319.0,15.703991,2904.0,32.3,34.0,32.0,0.941176,1.0,1.0,0.0,1.0,0.03096,32.0,1024.0,0.0,0.0,1.408537,2.513089,2629958.208333,4692329.188912,0.0,0.0,0.0,1.0
3004236.0,14.915534,1405.0,15.6,20.0,15.0,0.75,0.0,2.0,0.0,2.0,0.128205,21.0,441.0,0.0,1.0,0.640244,1.142313,2629958.208333,4692329.188912,0.0,0.0,0.0,1.0
480678.0,13.082955,38.0,0.4,1.0,1.0,1.0,0.0,0.0,0.0,0.0,0.0,20.0,400.0,0.0,1.0,0.102439,0.18277,2629958.208333,4692329.188912,0.0,0.0,0.0,1.0
1201694.0,13.999244,569.0,6.3,12.0,5.0,0.416667,0.0,0.0,0.0,0.0,0.0,30.0,900.0,0.0,0.0,0.256098,0.456925,2629958.208333,4692329.188912,1.0,0.0,0.0,0.0
5107201.0,15.446162,1693.0,18.8,28.0,17.0,0.607143,1.0,0.0,0.0,0.0,0.0,25.0,625.0,1.0,0.0,1.088415,1.941932,2629958.208333,4692329.188912,1.0,0.0,0.0,0.0
600847.0,13.306097,270.0,3.0,3.0,3.0,1.0,0.0,0.0,2.0,2.0,0.666667,22.0,484.0,0.0,1.0,0.128049,0.228463,2629958.208333,4692329.188912,0.0,0.0,1.0,0.0
1502118.0,14.222387,404.0,4.5,8.0,5.0,0.625,0.0,0.0,0.0,0.0,0.0,22.0,484.0,0.0,1.0,0.320122,0.571157,2629958.208333,4692329.188912,0.0,0.0,0.0,1.0
2403389.0,14.692391,2889.0,32.1,33.0,33.0,1.0,1.0,0.0,0.0,0.0,0.0,20.0,400.0,0.0,1.0,0.512195,0.913851,2629958.208333,4692329.188912,0.0,0.0,0.0,1.0
6008472.0,15.608681,2784.0,30.9,32.0,32.0,1.0,1.0,3.0,0.0,3.0,0.097087,27.0,729.0,1.0,0.0,1.280488,2.284626,2629958.208333,4692329.188912,1.0,0.0,0.0,0.0
3905507.0,15.177898,2798.0,31.1,33.0,32.0,0.969697,1.0,1.0,0.0,1.0,0.032154,28.0,784.0,1.0,0.0,0.832317,1.485007,2629958.208333,4692329.188912,1.0,0.0,0.0,0.0
3004236.0,14.915534,1966.0,21.8,25.0,23.0,0.92,1.0,0.0,0.0,0.0,0.0,31.0,961.0,0.0,0.0,0.640244,1.142313,2629958.208333,4692329.188912,1.0,0.0,0.0,0.0
1802542.0,14.404709,3150.0,35.0,35.0,35.0,1.0,1.0,0.0,12.0,12.0,0.342857,22.0,484.0,0.0,1.0,0.384147,0.685388,2629958.208333,4692329.188912,0.0,0.0,1.0,0.0
600847.0,13.306097,411.0,4.6,14.0,2.0,0.142857,0.0,0.0,0.0,0.0,0.0,22.0,484.0,0.0,1.0,0.128049,0.228463,2629958.208333,4692329.188912,0.0,0.0,0.0,1.0
2703812.0,14.810174,3036.0,33.7,38.0,34.0,0.894737,1.0,2.0,0.0,2.0,0.059347,23.0,529.0,0.0,1.0,0.57622,1.028082,2629958.208333,4692329.188912,1.0,0.0,0.0,0.0
1502118.0,14.222387,1165.0,12.9,32.0,11.0,0.34375,0.0,6.0,0.0,6.0,0.465116,24.0,576.0,1.0,0.0,0.320122,0.571157,2629958.208333,4692329.188912,0.0,1.0,0.0,0.0
1802542.0,14.404709,630.0,7.0,7.0,7.0,1.0,0.0,0.0,3.0,3.0,0.428571,22.0,484.0,0.0,1.0,0.384147,0.327604,5502202.703704,4692329.188912,0.0,0.0,1.0,0.0
4506354.0,15.320999,1478.0,16.4,24.0,18.0,0.75,0.0,2.0,0.0,2.0,0.121951,19.0,361.0,0.0,1.0,0.960366,0.819009,5502202.703704,4692329.188912,0.0,0.0,0.0,1.0
4806778.0,15.385538,137.0,1.5,3.0,2.0,0.666667,0.0,1.0,0.0,1.0,0.666667,32.0,1024.0,0.0,0.0,1.024391,0.87361,5502202.703704,4692329.188912,1.0,0.0,0.0,0.0
11716521.0,16.276511,1868.0,20.8,23.0,22.0,0.956522,1.0,4.0,0.0,4.0,0.192308,27.0,729.0,1.0,0.0,2.496952,2.129424,5502202.703704,4692329.188912,1.0,0.0,0.0,0.0
450635.0,13.018415,9.0,0.1,2.0,0.0,0.0,0.0,0.0,0.0,0.0,0.0,21.0,441.0,0.0,1.0,0.096037,0.081901,5502202.703704,4692329.188912,0.0,1.0,0.0,0.0
4506354.0,15.320999,1339.0,14.9,20.0,14.0,0.7,0.0,0.0,0.0,0.0,0.0,22.0,484.0,0.0,1.0,0.960366,0.819009,5502202.703704,4692329.188912,1.0,0.0,0.0,0.0
2403389.0,14.692391,2055.0,22.8,30.0,23.0,0.766667,1.0,0.0,0.0,0.0,0.0,24.0,576.0,1.0,0.0,0.512195,0.436805,5502202.703704,4692329.188912,1.0,0.0,0.0,0.0
8411861.0,15.945153,1001.0,11.1,15.0,11.0,0.733333,0.0,3.0,0.0,3.0,0.27027,27.0,729.0,1.0,0.0,1.792683,1.528817,5502202.703704,4692329.188912,0.0,1.0,0.0,0.0
4506354.0,15.320999,2790.0,31.0,31.0,31.0,1.0,1.0,0.0,7.0,7.0,0.225806,28.0,784.0,1.0,0.0,0.960366,0.819009,5502202.703704,4692329.188912,0.0,0.0,1.0,0.0
10214403.0,16.139309,37.0,0.4,3.0,0.0,0.0,0.0,0.0,0.0,0.0,0.0,28.0,784.0,1.0,0.0,2.17683,1.856421,5502202.703704,4692329.188912,0.0,1.0,0.0,0.0
8111437.0,15.908786,2199.0,24.4,33.0,23.0,0.69697,1.0,5.0,0.0,5.0,0.204918,30.0,900.0,0.0,0.0,1.728659,1.474216,5502202.703704,4692329.188912,0.0,0.0,0.0,1.0
3905507.0,15.177898,1494.0,16.6,24.0,17.0,0.708333,0.0,0.0,0.0,0.0,0.0,26.0,676.0,1.0,0.0,0.832317,0.709808,5502202.703704,4692329.188912,1.0,0.0,0.0,0.0
3605083.0,15.097856,965.0,10.7,23.0,11.0,0.478261,0.0,1.0,0.0,1.0,0.093458,19.0,361.0,0.0,1.0,0.768293,0.655207,5502202.703704,4692329.188912,0.0,0.0,0.0,1.0
3304660.0,15.010844,1349.0,15.0,31.0,13.0,0.419355,0.0,4.0,0.0,4.0,0.266667,20.0,400.0,0.0,1.0,0.704269,0.600607,5502202.703704,4692329.188912,0.0,0.0,0.0,1.0
5407625.0,15.503321,3041.0,33.8,35.0,35.0,1.0,1.0,4.0,0.0,4.0,0.118343,24.0,576.0,1.0,0.0,1.152439,0.982811,5502202.703704,4692329.188912,1.0,0.0,0.0,0.0
9012708.0,16.014146,1535.0,17.1,19.0,19.0,1.0,1.0,2.0,0.0,2.0,0.116959,24.0,576.0,1.0,0.0,1.920732,1.638018,5502202.703704,4692329.188912,0.0,0.0,0.0,1.0
4205930.0,15.252006,1397.0,15.5,26.0,13.0,0.5,0.0,2.0,0.0,2.0,0.129032,22.0,484.0,0.0,1.0,0.896342,0.764408,5502202.703704,4692329.188912,0.0,0.0,0.0,1.0
5107201.0,15.446162,2796.0,31.1,34.0,32.0,0.941176,1.0,1.0,0.0,1.0,0.032154,25.0,625.0,1.0,0.0,1.088415,0.92821,5502202.703704,4692329.188912,1.0,0.0,0.0,0.0
5107201.0,15.446162,517.0,5.7,10.0,5.0,0.5,0.0,0.0,0.0,0.0,0.0,23.0,529.0,0.0,1.0,1.088415,0.92821,5502202.703704,4692329.188912,1.0,0.0,0.0,0.0
9012708.0,16.014146,1664.0,18.5,30.0,21.0,0.7,1.0,1.0,0.0,1.0,0.054054,26.0,676.0,1.0,0.0,1.920732,1.638018,5502202.703704,4692329.188912,0.0,1.0,0.0,0.0
5407625.0,15.503321,1964.0,21.8,32.0,20.0,0.625,1.0,11.0,0.0,11.0,0.504587,28.0,784.0,1.0,0.0,1.152439,0.982811,5502202.703704,4692329.188912,0.0,1.0,0.0,0.0
4506354.0,15.320999,1883.0,20.9,26.0,23.0,0.884615,1.0,1.0,0.0,1.0,0.047847,28.0,784.0,1.0,0.0,0.960366,0.819009,5502202.703704,4692329.188912,0.0,0.0,0.0,1.0
1502118.0,14.222387,144.0,1.6,4.0,2.0,0.5,0.0,0.0,0.0,0.0,0.0,19.0,361.0,0.0,1.0,0.320122,0.273003,5502202.703704,4692329.188912,0.0,0.0,0.0,1.0
2403389.0,14.692391,985.0,10.9,24.0,10.0,0.416667,0.0,0.0,0.0,0.0,0.0,20.0,400.0,0.0,1.0,0.512195,0.436805,5502202.703704,4692329.188912,0.0,0.0,0.0,1.0
3304660.0,15.010844,603.0,6.7,11.0,7.0,0.636364,0.0,0.0,0.0,0.0,0.0,28.0,784.0,1.0,0.0,0.704269,0.600607,5502202.703704,4692329.188912,0.0,0.0,0.0,1.0
5407625.0,15.503321,2081.0,23.1,25.0,23.0,0.92,1.0,0.0,0.0,0.0,0.0,27.0,729.0,1.0,0.0,1.152439,1.730769,3124405.423077,4692329.188912,1.0,0.0,0.0,0.0
7210167.0,15.791003,1800.0,20.0,20.0,20.0,1.0,1.0,0.0,4.0,4.0,0.2,32.0,1024.0,0.0,0.0,1.536586,2.307693,3124405.423077,4692329.188912,0.0,0.0,1.0,0.0
901271.0,13.711562,158.0,1.8,7.0,2.0,0.285714,0.0,0.0,0.0,0.0,0.0,25.0,625.0,1.0,0.0,0.192073,0.288462,3124405.423077,4692329.188912,0.0,0.0,0.0,1.0
2403389.0,14.692391,1254.0,13.9,14.0,14.0,1.0,0.0,0.0,0.0,0.0,0.0,27.0,729.0,1.0,0.0,0.512195,0.769231,3124405.423077,4692329.188912,1.0,0.0,0.0,0.0
450635.0,13.018415,60.0,0.7,2.0,0.0,0.0,0.0,0.0,0.0,0.0,0.0,20.0,400.0,0.0,1.0,0.096037,0.144231,3124405.423077,4692329.188912,0.0,1.0,0.0,0.0
3004236.0,14.915534,1251.0,13.9,32.0,11.0,0.34375,0.0,7.0,0.0,7.0,0.503597,33.0,1089.0,0.0,0.0,0.640244,0.961538,3124405.423077,4692329.188912,0.0,1.0,0.0,0.0
2703812.0,14.810174,2470.0,27.4,31.0,29.0,0.935484,1.0,5.0,0.0,5.0,0.182482,23.0,529.0,0.0,1.0,0.57622,0.865384,3124405.423077,4692329.188912,0.0,0.0,0.0,1.0
2102965.0,14.558859,2707.0,30.1,32.0,30.0,0.9375,1.0,0.0,0.0,0.0,0.0,20.0,400.0,0.0,1.0,0.448171,0.673077,3124405.423077,4692329.188912,1.0,0.0,0.0,0.0
420593.0,12.949423,117.0,1.3,6.0,0.0,0.0,0.0,0.0,0.0,0.0,0.0,18.0,324.0,0.0,1.0,0.089634,0.134615,3124405.423077,4692329.188912,1.0,0.0,0.0,0.0
901271.0,13.711562,1171.0,13.0,22.0,12.0,0.545455,0.0,0.0,0.0,0.0,0.0,21.0,441.0,0.0,1.0,0.192073,0.288462,3124405.423077,4692329.188912,0.0,0.0,0.0,1.0
450635.0,13.018415,9.0,0.1,1.0,0.0,0.0,0.0,0.0,0.0,0.0,0.0,20.0,400.0,0.0,1.0,0.096037,0.144231,3124405.423077,4692329.188912,0.0,0.0,0.0,1.0
2703812.0,14.810174,105.0,1.2,4.0,1.0,0.25,0.0,0.0,0.0,0.0,0.0,27.0,729.0,1.0,0.0,0.57622,0.865384,3124405.423077,4692329.188912,1.0,0.0,0.0,0.0
9012708.0,16.014146,3403.0,37.8,38.0,38.0,1.0,1.0,9.0,0.0,9.0,0.238095,28.0,784.0,1.0,0.0,1.920732,2.884615,3124405.423077,4692329.188912,0.0,0.0,0.0,1.0
4806778.0,15.385538,1814.0,20.2,23.0,22.0,0.956522,1.0,0.0,0.0,0.0,0.0,25.0,625.0,1.0,0.0,1.024391,1.538462,3124405.423077,4692329.188912,1.0,0.0,0.0,0.0
3004236.0,14.915534,2534.0,28.2,31.0,27.0,0.870968,1.0,3.0,0.0,3.0,0.106383,27.0,729.0,1.0,0.0,0.640244,0.961538,3124405.423077,4692329.188912,1.0,0.0,0.0,0.0
3304660.0,15.010844,1383.0,15.4,23.0,15.0,0.652174,0.0,1.0,0.0,1.0,0.064935,28.0,784.0,1.0,0.0,0.704269,1.057692,3124405.423077,4692329.188912,1.0,0.0,0.0,0.0
4506354.0,15.320999,1511.0,16.8,18.0,18.0,1.0,1.0,4.0,0.0,4.0,0.238095,27.0,729.0,1.0,0.0,0.960366,1.442308,3124405.423077,4692329.188912,0.0,0.0,0.0,1.0
901271.0,13.711562,125.0,1.4,5.0,1.0,0.2,0.0,0.0,0.0,0.0,0.0,19.0,361.0,0.0,1.0,0.192073,0.288462,3124405.423077,4692329.188912,0.0,1.0,0.0,0.0
2703812.0,14.810174,1620.0,18.0,18.0,18.0,1.0,1.0,0.0,6.0,6.0,0.333333,25.0,625.0,1.0,0.0,0.57622,0.865384,3124405.423077,4692329.188912,0.0,0.0,1.0,0.0
3605083.0,15.097856,3016.0,33.5,36.0,35.0,0.972222,1.0,3.0,0.0,3.0,0.089552,21.0,441.0,0.0,1.0,0.768293,1.153846,3124405.423077,4692329.188912,0.0,0.0,0.0,1.0
6008472.0,15.608681,1561.0,17.3,21.0,17.0,0.809524,1.0,0.0,0.0,0.0,0.0,28.0,784.0,1.0,0.0,1.280488,1.923077,3124405.423077,4692329.188912,1.0,0.0,0.0,0.0
2703812.0,14.810174,1068.0,11.8,28.0,8.0,0.285714,0.0,1.0,0.0,1.0,0.084746,32.0,1024.0,0.0,0.0,1.290582,0.621996,4346991.454545,2095032.57671,0.0,1.0,0.0,0.0
1201694.0,13.999244,659.0,7.3,13.0,9.0,0.692308,0.0,0.0,0.0,0.0,0.0,19.0,361.0,0.0,1.0,0.256098,0.384615,3124405.423077,4692329.188912,1.0,0.0,0.0,0.0
1502118.0,14.222387,823.0,9.1,14.0,10.0,0.714286,0.0,0.0,0.0,0.0,0.0,21.0,441.0,0.0,1.0,0.320122,0.480769,3124405.423077,4692329.188912,0.0,0.0,0.0,1.0
2102965.0,14.558859,981.0,10.9,22.0,11.0,0.5,0.0,1.0,0.0,1.0,0.091743,21.0,441.0,0.0,1.0,0.448171,0.673077,3124405.423077,4692329.188912,0.0,0.0,0.0,1.0
5407625.0,15.503321,2200.0,24.4,35.0,24.0,0.685714,1.0,5.0,0.0,5.0,0.204918,30.0,900.0,0.0,0.0,1.152439,1.730769,3124405.423077,4692329.188912,0.0,0.0,0.0,1.0
4506354.0,15.320999,2076.0,23.1,29.0,25.0,0.862069,1.0,8.0,0.0,8.0,0.34632,26.0,676.0,1.0,0.0,0.960366,1.442308,3124405.423077,4692329.188912,0.0,1.0,0.0,0.0
3905507.0,15.177898,1140.0,12.7,14.0,14.0,1.0,0.0,2.0,0.0,2.0,0.15748,28.0,784.0,1.0,0.0,0.832317,1.325404,2946654.875,4692329.188912,0.0,1.0,0.0,0.0
1201694.0,13.999244,270.0,3.0,3.0,3.0,1.0,0.0,0.0,0.0,0.0,0.0,32.0,1024.0,0.0,0.0,0.256098,0.407816,2946654.875,4692329.188912,0.0,0.0,1.0,0.0
1802542.0,14.404709,1049.0,11.7,22.0,11.0,0.5,0.0,0.0,0.0,0.0,0.0,23.0,529.0,0.0,1.0,0.384147,0.611725,2946654.875,4692329.188912,0.0,0.0,0.0,1.0
5107201.0,15.446162,1101.0,12.2,14.0,12.0,0.857143,0.0,0.0,0.0,0.0,0.0,28.0,784.0,1.0,0.0,1.088415,1.73322,2946654.875,4692329.188912,1.0,0.0,0.0,0.0
1502118.0,14.222387,2366.0,26.3,35.0,26.0,0.742857,1.0,1.0,0.0,1.0,0.038023,22.0,484.0,0.0,1.0,0.320122,0.509771,2946654.875,4692329.188912,0.0,0.0,0.0,1.0
3905507.0,15.177898,1845.0,20.5,31.0,19.0,0.612903,1.0,0.0,0.0,0.0,0.0,23.0,529.0,0.0,1.0,0.832317,1.325404,2946654.875,4692329.188912,0.0,0.0,0.0,1.0
4506354.0,15.320999,1248.0,13.9,26.0,15.0,0.576923,0.0,1.0,0.0,1.0,0.071942,27.0,729.0,1.0,0.0,0.960366,1.529312,2946654.875,4692329.188912,0.0,0.0,0.0,1.0
3905507.0,15.177898,1124.0,12.5,23.0,14.0,0.608696,0.0,1.0,0.0,1.0,0.08,27.0,729.0,1.0,0.0,0.832317,1.325404,2946654.875,4692329.188912,0.0,1.0,0.0,0.0
6308896.0,15.657471,2829.0,31.4,35.0,32.0,0.914286,1.0,1.0,0.0,1.0,0.031847,24.0,576.0,1.0,0.0,1.344513,2.141037,2946654.875,4692329.188912,0.0,0.0,0.0,1.0
3605083.0,15.097856,2070.0,23.0,23.0,23.0,1.0,1.0,0.0,3.0,3.0,0.130435,32.0,1024.0,0.0,0.0,0.768293,1.223449,2946654.875,4692329.188912,0.0,0.0,1.0,0.0
1201694.0,13.999244,425.0,4.7,8.0,6.0,0.75,0.0,0.0,0.0,0.0,0.0,23.0,529.0,0.0,1.0,0.256098,0.407816,2946654.875,4692329.188912,0.0,0.0,0.0,1.0
2703812.0,14.810174,2356.0,26.2,28.0,27.0,0.964286,1.0,2.0,0.0,2.0,0.076336,26.0,676.0,1.0,0.0,0.57622,0.917587,2946654.875,4692329.188912,1.0,0.0,0.0,0.0
420593.0,12.949423,1795.0,19.9,27.0,19.0,0.703704,1.0,3.0,0.0,3.0,0.150754,17.0,289.0,0.0,1.0,0.089634,0.142736,2946654.875,4692329.188912,0.0,0.0,0.0,1.0
3004236.0,14.915534,787.0,8.7,11.0,11.0,1.0,0.0,0.0,0.0,0.0,0.0,33.0,1089.0,0.0,0.0,0.640244,1.019541,2946654.875,4692329.188912,1.0,0.0,0.0,0.0
901271.0,13.711562,260.0,2.9,9.0,3.0,0.333333,0.0,0.0,0.0,0.0,0.0,19.0,361.0,0.0,1.0,0.192073,0.305862,2946654.875,4692329.188912,0.0,0.0,0.0,1.0
1502118.0,14.222387,960.0,10.7,22.0,9.0,0.409091,0.0,3.0,0.0,3.0,0.280374,22.0,484.0,0.0,1.0,0.320122,0.509771,2946654.875,4692329.188912,0.0,0.0,0.0,1.0
3004236.0,14.915534,1080.0,12.0,12.0,12.0,1.0,0.0,0.0,0.0,0.0,0.0,32.0,1024.0,0.0,0.0,0.640244,1.019541,2946654.875,4692329.188912,0.0,0.0,1.0,0.0
2403389.0,14.692391,2553.0,28.4,29.0,28.0,0.965517,1.0,3.0,0.0,3.0,0.105634,26.0,676.0,1.0,0.0,0.512195,0.815633,2946654.875,4692329.188912,1.0,0.0,0.0,0.0
1201694.0,13.999244,15.0,0.2,1.0,0.0,0.0,0.0,0.0,0.0,0.0,0.0,28.0,784.0,1.0,0.0,0.256098,0.407816,2946654.875,4692329.188912,0.0,1.0,0.0,0.0
300424.0,12.612953,27.0,0.3,2.0,0.0,0.0,0.0,0.0,0.0,0.0,0.0,21.0,441.0,0.0,1.0,0.064024,0.101954,2946654.875,4692329.188912,0.0,0.0,0.0,1.0
4506354.0,15.320999,1419.0,15.8,33.0,13.0,0.393939,0.0,3.0,0.0,3.0,0.189873,24.0,576.0,1.0,0.0,0.960366,1.529312,2946654.875,4692329.188912,0.0,1.0,0.0,0.0
4806778.0,15.385538,1424.0,15.8,19.0,17.0,0.894737,0.0,0.0,0.0,0.0,0.0,26.0,676.0,1.0,0.0,1.024391,1.631266,2946654.875,4692329.188912,1.0,0.0,0.0,0.0
1802542.0,14.404709,2136.0,23.7,27.0,24.0,0.888889,1.0,0.0,0.0,0.0,0.0,24.0,576.0,1.0,0.0,0.384147,0.611725,2946654.875,4692329.188912,1.0,0.0,0.0,0.0
1480000.0,14.207553,2525.0,28.1,34.0,29.0,0.852941,1.0,0.0,0.0,0.0,0.0,32.0,1024.0,0.0,0.0,0.706433,0.494157,2995000.0,2095032.57671,1.0,0.0,0.0,0.0
3210000.0,14.981782,2177.0,24.2,31.0,26.0,0.83871,1.0,3.0,0.0,3.0,0.123967,24.0,576.0,1.0,0.0,1.532196,1.071786,2995000.0,2095032.57671,0.0,0.0,0.0,1.0
1020000.0,13.835314,951.0,10.5,21.0,12.0,0.571429,0.0,2.0,0.0,2.0,0.190476,23.0,529.0,0.0,1.0,0.486866,0.404418,2522142.857143,2095032.57671,0.0,1.0,0.0,0.0
1670000.0,14.328335,2569.0,28.5,35.0,30.0,0.857143,1.0,3.0,0.0,3.0,0.105263,33.0,1089.0,0.0,0.0,0.797124,0.557596,2995000.0,2095032.57671,0.0,0.0,0.0,1.0
2560000.0,14.755518,2230.0,24.8,30.0,26.0,0.866667,1.0,2.0,0.0,2.0,0.080645,26.0,676.0,1.0,0.0,1.221938,0.854758,2995000.0,2095032.57671,0.0,0.0,0.0,1.0
5930000.0,15.595535,1315.0,14.6,24.0,16.0,0.666667,0.0,10.0,0.0,10.0,0.684932,26.0,676.0,1.0,0.0,2.830505,1.979967,2995000.0,2095032.57671,0.0,1.0,0.0,0.0
2780000.0,14.837962,1808.0,20.1,24.0,23.0,0.958333,1.0,3.0,0.0,3.0,0.149254,21.0,441.0,0.0,1.0,1.326948,0.928214,2995000.0,2095032.57671,1.0,0.0,0.0,0.0
930000.0,13.742941,1377.0,15.3,22.0,15.0,0.681818,0.0,0.0,0.0,0.0,0.0,17.0,289.0,0.0,1.0,0.443907,0.310518,2995000.0,2095032.57671,1.0,0.0,0.0,0.0
1670000.0,14.328335,1970.0,21.9,28.0,20.0,0.714286,1.0,1.0,0.0,1.0,0.045662,26.0,676.0,1.0,0.0,0.797124,0.557596,2995000.0,2095032.57671,1.0,0.0,0.0,0.0
2960000.0,14.9007,1011.0,11.2,25.0,9.0,0.36,0.0,2.0,0.0,2.0,0.178571,23.0,529.0,0.0,1.0,1.412866,0.988314,2995000.0,2095032.57671,0.0,0.0,0.0,1.0
1920000.0,14.467836,1030.0,11.4,26.0,11.0,0.423077,0.0,2.0,0.0,2.0,0.175439,23.0,529.0,0.0,1.0,0.916454,0.641068,2995000.0,2095032.57671,0.0,0.0,0.0,1.0
650000.0,13.384729,1572.0,17.5,23.0,17.0,0.73913,1.0,0.0,0.0,0.0,0.0,21.0,441.0,0.0,1.0,0.310258,0.217028,2995000.0,2095032.57671,0.0,0.0,0.0,1.0
930000.0,13.742941,1044.0,11.6,26.0,10.0,0.384615,0.0,2.0,0.0,2.0,0.172414,25.0,625.0,1.0,0.0,0.443907,0.464247,2003244.125,2095032.57671,0.0,0.0,0.0,1.0
1480000.0,14.207553,3330.0,37.0,37.0,37.0,1.0,1.0,0.0,15.0,15.0,0.405405,25.0,625.0,1.0,0.0,0.706433,0.494157,2995000.0,2095032.57671,0.0,0.0,1.0,0.0
1850000.0,14.430697,90.0,1.0,1.0,1.0,1.0,0.0,0.0,0.0,0.0,0.0,33.0,1089.0,0.0,0.0,0.883041,0.617696,2995000.0,2095032.57671,0.0,0.0,1.0,0.0
3700000.0,15.123844,1936.0,21.5,33.0,21.0,0.636364,1.0,3.0,0.0,3.0,0.139535,30.0,900.0,0.0,0.0,1.766082,1.235392,2995000.0,2095032.57671,0.0,0.0,0.0,1.0
1850000.0,14.430697,2691.0,29.9,34.0,32.0,0.941176,1.0,1.0,0.0,1.0,0.033445,34.0,1156.0,0.0,0.0,0.883041,0.617696,2995000.0,2095032.57671,0.0,0.0,0.0,1.0
2820000.0,14.852248,9.0,0.1,1.0,0.0,0.0,0.0,0.0,0.0,0.0,0.0,25.0,625.0,1.0,0.0,1.346041,0.941569,2995000.0,2095032.57671,1.0,0.0,0.0,0.0
2960000.0,14.9007,1897.0,21.1,33.0,24.0,0.727273,1.0,2.0,0.0,2.0,0.094787,23.0,529.0,0.0,1.0,1.412866,0.988314,2995000.0,2095032.57671,0.0,0.0,0.0,1.0
2180000.0,14.594836,1791.0,19.9,33.0,18.0,0.545455,1.0,10.0,0.0,10.0,0.502513,25.0,625.0,1.0,0.0,1.040557,0.72788,2995000.0,2095032.57671,0.0,1.0,0.0,0.0
1850000.0,14.430697,988.0,11.0,19.0,10.0,0.526316,0.0,1.0,0.0,1.0,0.090909,24.0,576.0,1.0,0.0,0.883041,0.617696,2995000.0,2095032.57671,1.0,0.0,0.0,0.0
3330000.0,15.018483,1377.0,15.3,24.0,15.0,0.625,0.0,0.0,0.0,0.0,0.0,25.0,625.0,1.0,0.0,1.589474,1.111853,2995000.0,2095032.57671,0.0,0.0,0.0,1.0
2560000.0,14.755518,1212.0,13.5,19.0,15.0,0.789474,0.0,0.0,0.0,0.0,0.0,32.0,1024.0,0.0,0.0,1.221938,0.854758,2995000.0,2095032.57671,1.0,0.0,0.0,0.0
2560000.0,14.755518,664.0,7.4,20.0,5.0,0.25,0.0,1.0,0.0,1.0,0.135135,22.0,484.0,0.0,1.0,1.221938,0.854758,2995000.0,2095032.57671,0.0,0.0,0.0,1.0
740000.0,13.514407,547.0,6.1,15.0,6.0,0.4,0.0,0.0,0.0,0.0,0.0,21.0,441.0,0.0,1.0,0.353216,0.476828,1551923.076923,2095032.57671,0.0,0.0,0.0,1.0
740000.0,13.514407,484.0,5.4,6.0,6.0,1.0,0.0,0.0,0.0,0.0,0.0,20.0,400.0,0.0,1.0,0.353216,0.476828,1551923.076923,2095032.57671,1.0,0.0,0.0,0.0
510000.0,13.142168,885.0,9.9,18.0,10.0,0.555556,0.0,1.0,0.0,1.0,0.10101,25.0,625.0,1.0,0.0,0.243433,0.328625,1551923.076923,2095032.57671,1.0,0.0,0.0,0.0
3330000.0,15.018483,1217.0,13.5,29.0,12.0,0.413793,0.0,4.0,0.0,4.0,0.296296,31.0,961.0,0.0,0.0,1.589474,2.145725,1551923.076923,2095032.57671,0.0,0.0,0.0,1.0
740000.0,13.514407,1470.0,16.3,17.0,16.0,0.941176,0.0,0.0,4.0,4.0,0.245399,25.0,625.0,1.0,0.0,0.353216,0.476828,1551923.076923,2095032.57671,0.0,0.0,1.0,0.0
460000.0,13.038984,905.0,10.1,19.0,7.0,0.368421,0.0,1.0,0.0,1.0,0.09901,22.0,484.0,0.0,1.0,0.219567,0.483158,952068.965517,2095032.57671,0.0,0.0,0.0,1.0
1480000.0,14.207553,1378.0,15.3,26.0,16.0,0.615385,0.0,5.0,0.0,5.0,0.326797,26.0,676.0,1.0,0.0,0.706433,0.953656,1551923.076923,2095032.57671,0.0,0.0,0.0,1.0
960000.0,13.77469,2287.0,25.4,29.0,26.0,0.896552,1.0,1.0,0.0,1.0,0.03937,27.0,729.0,1.0,0.0,0.458227,0.618587,1551923.076923,2095032.57671,1.0,0.0,0.0,0.0
1850000.0,14.430697,993.0,11.1,20.0,12.0,0.6,0.0,1.0,0.0,1.0,0.09009,25.0,625.0,1.0,0.0,0.883041,1.192069,1551923.076923,2095032.57671,1.0,0.0,0.0,0.0
2220000.0,14.613018,2573.0,28.6,32.0,29.0,0.90625,1.0,1.0,0.0,1.0,0.034965,25.0,625.0,1.0,0.0,1.059649,1.430483,1551923.076923,2095032.57671,1.0,0.0,0.0,0.0
1280000.0,14.062371,1601.0,17.8,27.0,17.0,0.62963,1.0,1.0,0.0,1.0,0.05618,25.0,625.0,1.0,0.0,0.610969,0.824783,1551923.076923,2095032.57671,0.0,0.0,0.0,1.0
370000.0,12.821261,491.0,5.5,12.0,6.0,0.5,0.0,0.0,0.0,0.0,0.0,37.0,1369.0,0.0,0.0,0.176608,0.238414,1551923.076923,2095032.57671,1.0,0.0,0.0,0.0
1110000.0,13.919871,1325.0,14.7,19.0,14.0,0.736842,0.0,0.0,0.0,0.0,0.0,22.0,484.0,0.0,1.0,0.529825,0.715242,1551923.076923,2095032.57671,1.0,0.0,0.0,0.0
280000.0,12.542548,353.0,3.9,4.0,3.0,0.75,0.0,0.0,2.0,2.0,0.512821,17.0,289.0,0.0,1.0,0.133649,0.180421,1551923.076923,2095032.57671,0.0,0.0,1.0,0.0
1480000.0,14.207553,1819.0,20.2,32.0,16.0,0.5,1.0,0.0,0.0,0.0,0.0,26.0,676.0,1.0,0.0,0.706433,0.953656,1551923.076923,2095032.57671,1.0,0.0,0.0,0.0
1110000.0,13.919871,1518.0,16.9,28.0,17.0,0.607143,1.0,3.0,0.0,3.0,0.177515,24.0,576.0,1.0,0.0,0.529825,0.715242,1551923.076923,2095032.57671,0.0,0.0,0.0,1.0
1850000.0,14.430697,678.0,7.5,12.0,8.0,0.666667,0.0,0.0,0.0,0.0,0.0,27.0,729.0,1.0,0.0,0.883041,1.192069,1551923.076923,2095032.57671,1.0,0.0,0.0,0.0
1240000.0,14.030623,1799.0,20.0,30.0,19.0,0.633333,1.0,2.0,0.0,2.0,0.1,27.0,729.0,1.0,0.0,0.591876,0.799009,1551923.076923,2095032.57671,0.0,0.0,0.0,1.0
1850000.0,14.430697,2213.0,24.6,29.0,26.0,0.896552,1.0,1.0,0.0,1.0,0.04065,33.0,1089.0,0.0,0.0,0.883041,1.192069,1551923.076923,2095032.57671,0.0,0.0,0.0,1.0
3700000.0,15.123844,2111.0,23.5,35.0,26.0,0.742857,1.0,10.0,0.0,10.0,0.425532,28.0,784.0,1.0,0.0,1.766082,2.384139,1551923.076923,2095032.57671,0.0,0.0,0.0,1.0
1850000.0,14.430697,2359.0,26.2,35.0,26.0,0.742857,1.0,7.0,0.0,7.0,0.267176,20.0,400.0,0.0,1.0,0.883041,1.192069,1551923.076923,2095032.57671,0.0,1.0,0.0,0.0
830000.0,13.629182,1425.0,15.9,28.0,18.0,0.642857,0.0,0.0,0.0,0.0,0.0,24.0,576.0,1.0,0.0,0.396175,0.53482,1551923.076923,2095032.57671,0.0,0.0,0.0,1.0
2960000.0,14.9007,811.0,9.0,23.0,9.0,0.391304,0.0,2.0,0.0,2.0,0.222222,24.0,576.0,1.0,0.0,1.412866,1.907311,1551923.076923,2095032.57671,0.0,1.0,0.0,0.0
1850000.0,14.430697,1434.0,15.9,26.0,17.0,0.653846,0.0,3.0,0.0,3.0,0.188679,26.0,676.0,1.0,0.0,0.883041,1.192069,1551923.076923,2095032.57671,0.0,0.0,0.0,1.0
1020000.0,13.835314,2113.0,23.5,27.0,23.0,0.851852,1.0,0.0,0.0,0.0,0.0,26.0,676.0,1.0,0.0,0.486866,0.657249,1551923.076923,2095032.57671,1.0,0.0,0.0,0.0
2220000.0,14.613018,1592.0,17.7,19.0,19.0,1.0,1.0,0.0,10.0,10.0,0.564972,34.0,1156.0,0.0,0.0,1.059649,1.430483,1551923.076923,2095032.57671,0.0,0.0,1.0,0.0
930000.0,13.742941,2771.0,30.8,35.0,33.0,0.942857,1.0,0.0,0.0,0.0,0.0,22.0,484.0,0.0,1.0,0.443907,0.97682,952068.965517,2095032.57671,1.0,0.0,0.0,0.0
310000.0,12.644331,33.0,0.4,2.0,0.0,0.0,0.0,0.0,0.0,0.0,0.0,19.0,361.0,0.0,1.0,0.147969,0.325607,952068.965517,2095032.57671,0.0,1.0,0.0,0.0
930000.0,13.742941,859.0,9.5,12.0,9.0,0.75,0.0,0.0,0.0,0.0,0.0,26.0,676.0,1.0,0.0,0.443907,0.97682,952068.965517,2095032.57671,1.0,0.0,0.0,0.0
740000.0,13.514407,1430.0,15.9,20.0,17.0,0.85,0.0,0.0,0.0,0.0,0.0,29.0,841.0,1.0,0.0,0.353216,0.777255,952068.965517,2095032.57671,0.0,0.0,0.0,1.0
140000.0,11.849405,54.0,0.6,3.0,0.0,0.0,0.0,0.0,0.0,0.0,0.0,26.0,676.0,1.0,0.0,0.066825,0.147048,952068.965517,2095032.57671,1.0,0.0,0.0,0.0
2780000.0,14.837962,221.0,2.5,8.0,3.0,0.375,0.0,2.0,0.0,2.0,0.8,31.0,961.0,0.0,0.0,1.326948,2.919957,952068.965517,2095032.57671,0.0,1.0,0.0,0.0
1410000.0,14.159101,3420.0,38.0,38.0,38.0,1.0,1.0,0.0,11.0,11.0,0.289474,23.0,529.0,0.0,1.0,0.673021,1.480985,952068.965517,2095032.57671,0.0,0.0,1.0,0.0
1110000.0,13.919871,1597.0,17.7,31.0,18.0,0.580645,1.0,0.0,0.0,0.0,0.0,25.0,625.0,1.0,0.0,0.529825,1.165882,952068.965517,2095032.57671,1.0,0.0,0.0,0.0
740000.0,13.514407,1275.0,14.2,27.0,13.0,0.481481,0.0,5.0,0.0,5.0,0.352113,25.0,625.0,1.0,0.0,0.353216,0.777255,952068.965517,2095032.57671,0.0,1.0,0.0,0.0
930000.0,13.742941,1912.0,21.2,33.0,21.0,0.636364,1.0,2.0,0.0,2.0,0.09434,25.0,625.0,1.0,0.0,0.443907,0.97682,952068.965517,2095032.57671,0.0,0.0,0.0,1.0
280000.0,12.542548,264.0,2.9,4.0,4.0,1.0,0.0,0.0,0.0,0.0,0.0,19.0,361.0,0.0,1.0,0.133649,0.294096,952068.965517,2095032.57671,0.0,0.0,0.0,1.0
560000.0,13.235694,1310.0,14.6,17.0,16.0,0.941176,0.0,1.0,0.0,1.0,0.068493,20.0,400.0,0.0,1.0,0.267299,0.588193,952068.965517,2095032.57671,1.0,0.0,0.0,0.0
1300000.0,14.077876,227.0,2.5,13.0,1.0,0.076923,0.0,1.0,0.0,1.0,0.4,36.0,1296.0,0.0,0.0,0.620515,1.365447,952068.965517,2095032.57671,0.0,1.0,0.0,0.0
2590000.0,14.767169,767.0,8.5,18.0,9.0,0.5,0.0,2.0,0.0,2.0,0.235294,29.0,841.0,1.0,0.0,1.236258,2.720391,952068.965517,2095032.57671,0.0,0.0,0.0,1.0
280000.0,12.542548,3081.0,34.2,37.0,34.0,0.918919,1.0,1.0,0.0,1.0,0.02924,20.0,400.0,0.0,1.0,0.133649,0.294096,952068.965517,2095032.57671,0.0,0.0,0.0,1.0
440000.0,12.994532,1882.0,20.9,33.0,22.0,0.666667,1.0,1.0,0.0,1.0,0.047847,21.0,441.0,0.0,1.0,0.210021,0.462151,952068.965517,2095032.57671,0.0,0.0,0.0,1.0
460000.0,13.038984,412.0,4.6,12.0,4.0,0.333333,0.0,2.0,0.0,2.0,0.434783,24.0,576.0,1.0,0.0,0.219567,0.483158,952068.965517,2095032.57671,0.0,0.0,0.0,1.0
2220000.0,14.613018,1999.0,22.2,27.0,24.0,0.888889,1.0,2.0,0.0,2.0,0.09009,27.0,729.0,1.0,0.0,1.059649,2.331764,952068.965517,2095032.57671,0.0,0.0,0.0,1.0
1110000.0,13.919871,3050.0,33.9,38.0,33.0,0.868421,1.0,1.0,0.0,1.0,0.029499,25.0,625.0,1.0,0.0,0.529825,1.165882,952068.965517,2095032.57671,0.0,0.0,0.0,1.0
190000.0,12.154785,44.0,0.5,4.0,0.0,0.0,0.0,0.0,0.0,0.0,0.0,22.0,484.0,0.0,1.0,0.090691,0.199565,952068.965517,2095032.57671,0.0,0.0,0.0,1.0
220000.0,12.301387,7.0,0.1,1.0,0.0,0.0,0.0,0.0,0.0,0.0,0.0,19.0,361.0,0.0,1.0,0.10501,0.231076,952068.965517,2095032.57671,1.0,0.0,0.0,0.0
280000.0,12.542548,783.0,8.7,23.0,4.0,0.173913,0.0,2.0,0.0,2.0,0.229885,20.0,400.0,0.0,1.0,0.133649,0.294096,952068.965517,2095032.57671,0.0,0.0,0.0,1.0
1110000.0,13.919871,2675.0,29.7,36.0,34.0,0.944444,1.0,7.0,0.0,7.0,0.23569,23.0,529.0,0.0,1.0,0.529825,1.165882,952068.965517,2095032.57671,0.0,1.0,0.0,0.0
1850000.0,14.430697,3013.0,33.5,34.0,34.0,1.0,1.0,1.0,0.0,1.0,0.029851,28.0,784.0,1.0,0.0,0.883041,1.943137,952068.965517,2095032.57671,1.0,0.0,0.0,0.0
560000.0,13.235694,975.0,10.8,22.0,11.0,0.5,0.0,4.0,0.0,4.0,0.37037,19.0,361.0,0.0,1.0,0.267299,0.588193,952068.965517,2095032.57671,0.0,1.0,0.0,0.0
280000.0,12.542548,91.0,1.0,8.0,0.0,0.0,0.0,1.0,0.0,1.0,1.0,0.0,0.0,0.0,0.0,0.133649,0.294096,952068.965517,2095032.57671,0.0,1.0,0.0,0.0
1920000.0,14.467836,2150.0,23.9,26.0,26.0,1.0,1.0,2.0,0.0,2.0,0.083682,30.0,900.0,0.0,0.0,0.916454,2.016661,952068.965517,2095032.57671,1.0,0.0,0.0,0.0
1480000.0,14.207553,1699.0,18.9,23.0,20.0,0.869565,1.0,0.0,0.0,0.0,0.0,28.0,784.0,1.0,0.0,0.706433,1.554509,952068.965517,2095032.57671,1.0,0.0,0.0,0.0
1300000.0,14.077876,1233.0,13.7,19.0,13.0,0.684211,0.0,2.0,0.0,2.0,0.145985,33.0,1089.0,0.0,0.0,0.620515,0.72718,1787727.272727,2095032.57671,1.0,0.0,0.0,0.0
1480000.0,14.207553,2273.0,25.3,38.0,25.0,0.657895,1.0,14.0,0.0,14.0,0.55336,25.0,625.0,1.0,0.0,0.706433,0.827867,1787727.272727,2095032.57671,0.0,1.0,0.0,0.0
930000.0,13.742941,1075.0,11.9,17.0,13.0,0.764706,0.0,2.0,0.0,2.0,0.168067,19.0,361.0,0.0,1.0,0.443907,0.520214,1787727.272727,2095032.57671,0.0,0.0,0.0,1.0
3700000.0,15.123844,1949.0,21.7,27.0,21.0,0.777778,1.0,1.0,0.0,1.0,0.046083,32.0,1024.0,0.0,0.0,1.766082,2.069667,1787727.272727,2095032.57671,1.0,0.0,0.0,0.0
930000.0,13.742941,15.0,0.2,2.0,0.0,0.0,0.0,0.0,0.0,0.0,0.0,31.0,961.0,0.0,0.0,0.443907,0.520214,1787727.272727,2095032.57671,1.0,0.0,0.0,0.0
460000.0,13.038984,931.0,10.3,20.0,11.0,0.55,0.0,0.0,0.0,0.0,0.0,23.0,529.0,0.0,1.0,0.219567,0.25731,1787727.272727,2095032.57671,1.0,0.0,0.0,0.0
560000.0,13.235694,1662.0,18.5,28.0,19.0,0.678571,1.0,0.0,0.0,0.0,0.0,24.0,576.0,1.0,0.0,0.267299,0.313247,1787727.272727,2095032.57671,1.0,0.0,0.0,0.0
300000.0,12.611541,2742.0,30.5,32.0,30.0,0.9375,1.0,2.0,0.0,2.0,0.065574,20.0,400.0,0.0,1.0,0.143196,0.167811,1787727.272727,2095032.57671,1.0,0.0,0.0,0.0
830000.0,13.629182,686.0,7.6,12.0,7.0,0.583333,0.0,3.0,0.0,3.0,0.394737,19.0,361.0,0.0,1.0,0.396175,0.464277,1787727.272727,2095032.57671,0.0,0.0,0.0,1.0
930000.0,13.742941,3420.0,38.0,38.0,38.0,1.0,1.0,0.0,20.0,20.0,0.526316,30.0,900.0,0.0,0.0,0.443907,0.520214,1787727.272727,2095032.57671,0.0,0.0,1.0,0.0
1110000.0,13.919871,1731.0,19.2,31.0,18.0,0.580645,1.0,2.0,0.0,2.0,0.104167,19.0,361.0,0.0,1.0,0.529825,0.6209,1787727.272727,2095032.57671,0.0,0.0,0.0,1.0
560000.0,13.235694,2026.0,22.5,28.0,23.0,0.821429,1.0,1.0,0.0,1.0,0.044444,21.0,441.0,0.0,1.0,0.267299,0.313247,1787727.272727,2095032.57671,1.0,0.0,0.0,0.0
770000.0,13.554147,2739.0,30.4,36.0,31.0,0.861111,1.0,6.0,0.0,6.0,0.197368,24.0,576.0,1.0,0.0,0.367536,0.430714,1787727.272727,2095032.57671,0.0,0.0,0.0,1.0
8330000.0,15.935374,930.0,10.3,26.0,9.0,0.346154,0.0,0.0,0.0,0.0,0.0,32.0,1024.0,0.0,0.0,3.976072,4.659547,1787727.272727,2095032.57671,0.0,1.0,0.0,0.0
1110000.0,13.919871,2326.0,25.8,34.0,27.0,0.794118,1.0,4.0,0.0,4.0,0.155039,30.0,900.0,0.0,0.0,0.529825,0.6209,1787727.272727,2095032.57671,1.0,0.0,0.0,0.0
930000.0,13.742941,1569.0,17.4,29.0,17.0,0.586207,1.0,6.0,0.0,6.0,0.344828,22.0,484.0,0.0,1.0,0.443907,0.520214,1787727.272727,2095032.57671,0.0,0.0,0.0,1.0
6670000.0,15.713131,1485.0,16.5,30.0,17.0,0.566667,0.0,2.0,0.0,2.0,0.121212,25.0,625.0,1.0,0.0,3.183721,3.730994,1787727.272727,2095032.57671,0.0,0.0,0.0,1.0
1390000.0,14.144815,1591.0,17.7,30.0,19.0,0.633333,1.0,2.0,0.0,2.0,0.112994,30.0,900.0,0.0,0.0,0.663474,0.777524,1787727.272727,2095032.57671,0.0,0.0,0.0,1.0
1850000.0,14.430697,2742.0,30.5,36.0,33.0,0.916667,1.0,3.0,0.0,3.0,0.098361,22.0,484.0,0.0,1.0,0.883041,1.034833,1787727.272727,2095032.57671,0.0,0.0,0.0,1.0
2040000.0,14.528461,665.0,7.4,23.0,6.0,0.26087,0.0,1.0,0.0,1.0,0.135135,25.0,625.0,1.0,0.0,0.973732,1.141114,1787727.272727,2095032.57671,0.0,0.0,0.0,1.0
930000.0,13.742941,2878.0,32.0,35.0,33.0,0.942857,1.0,12.0,0.0,12.0,0.375,20.0,400.0,0.0,1.0,0.443907,0.520214,1787727.272727,2095032.57671,0.0,0.0,0.0,1.0
2220000.0,14.613018,544.0,6.0,20.0,5.0,0.25,0.0,0.0,0.0,0.0,0.0,33.0,1089.0,0.0,0.0,1.059649,1.2418,1787727.272727,2095032.57671,0.0,0.0,0.0,1.0
1300000.0,14.077876,1753.0,19.5,30.0,18.0,0.6,1.0,0.0,0.0,0.0,0.0,30.0,900.0,0.0,0.0,0.620515,1.221448,1064310.344828,2095032.57671,0.0,0.0,0.0,1.0
330000.0,12.706851,1646.0,18.3,32.0,17.0,0.53125,1.0,0.0,0.0,0.0,0.0,26.0,676.0,1.0,0.0,0.157515,0.31006,1064310.344828,2095032.57671,0.0,0.0,0.0,1.0
2960000.0,14.9007,945.0,10.5,25.0,10.0,0.4,0.0,1.0,0.0,1.0,0.095238,29.0,841.0,1.0,0.0,1.412866,2.781144,1064310.344828,2095032.57671,0.0,1.0,0.0,0.0
65000.0,11.082158,29.0,0.3,1.0,0.0,0.0,0.0,0.0,0.0,0.0,0.0,20.0,400.0,0.0,1.0,0.031026,0.061072,1064310.344828,2095032.57671,0.0,0.0,0.0,1.0
770000.0,13.554147,403.0,4.5,10.0,3.0,0.3,0.0,2.0,0.0,2.0,0.444444,27.0,729.0,1.0,0.0,0.367536,0.723473,1064310.344828,2095032.57671,0.0,1.0,0.0,0.0
460000.0,13.038984,390.0,4.3,11.0,5.0,0.454545,0.0,1.0,0.0,1.0,0.232558,27.0,729.0,1.0,0.0,0.219567,0.432205,1064310.344828,2095032.57671,0.0,0.0,0.0,1.0
1670000.0,14.328335,3060.0,34.0,34.0,34.0,1.0,1.0,0.0,8.0,8.0,0.235294,28.0,784.0,1.0,0.0,0.797124,1.569091,1064310.344828,2095032.57671,0.0,0.0,1.0,0.0
1110000.0,13.919871,93.0,1.0,5.0,0.0,0.0,0.0,0.0,0.0,0.0,0.0,25.0,625.0,1.0,0.0,0.529825,1.042929,1064310.344828,2095032.57671,0.0,1.0,0.0,0.0
1850000.0,14.430697,2540.0,28.2,29.0,29.0,1.0,1.0,2.0,0.0,2.0,0.070922,28.0,784.0,1.0,0.0,0.883041,1.738215,1064310.344828,2095032.57671,1.0,0.0,0.0,0.0
1850000.0,14.430697,2510.0,27.9,35.0,31.0,0.885714,1.0,10.0,0.0,10.0,0.358423,28.0,784.0,1.0,0.0,0.883041,1.738215,1064310.344828,2095032.57671,0.0,1.0,0.0,0.0
1020000.0,13.835314,476.0,5.3,9.0,6.0,0.666667,0.0,0.0,0.0,0.0,0.0,33.0,1089.0,0.0,0.0,0.486866,0.958367,1064310.344828,2095032.57671,1.0,0.0,0.0,0.0
1480000.0,14.207553,3011.0,33.5,36.0,33.0,0.916667,1.0,2.0,0.0,2.0,0.059701,22.0,484.0,0.0,1.0,0.706433,1.390572,1064310.344828,2095032.57671,1.0,0.0,0.0,0.0
560000.0,13.235694,722.0,8.0,18.0,7.0,0.388889,0.0,1.0,0.0,1.0,0.125,23.0,529.0,0.0,1.0,0.267299,0.526162,1064310.344828,2095032.57671,1.0,0.0,0.0,0.0
1110000.0,13.919871,524.0,5.8,15.0,4.0,0.266667,0.0,1.0,0.0,1.0,0.172414,36.0,1296.0,0.0,0.0,0.529825,1.042929,1064310.344828,2095032.57671,0.0,1.0,0.0,0.0
1110000.0,13.919871,2585.0,28.7,31.0,30.0,0.967742,1.0,0.0,0.0,0.0,0.0,27.0,729.0,1.0,0.0,0.529825,1.042929,1064310.344828,2095032.57671,0.0,0.0,0.0,1.0
1850000.0,14.430697,2105.0,23.4,29.0,24.0,0.827586,1.0,7.0,0.0,7.0,0.299145,38.0,1444.0,0.0,0.0,0.883041,1.738215,1064310.344828,2095032.57671,0.0,1.0,0.0,0.0
1110000.0,13.919871,1944.0,21.6,32.0,23.0,0.71875,1.0,1.0,0.0,1.0,0.046296,29.0,841.0,1.0,0.0,0.529825,1.042929,1064310.344828,2095032.57671,0.0,0.0,0.0,1.0
600000.0,13.304687,142.0,1.6,7.0,0.0,0.0,0.0,0.0,0.0,0.0,0.0,23.0,529.0,0.0,1.0,0.286392,0.563745,1064310.344828,2095032.57671,0.0,0.0,0.0,1.0
370000.0,12.821261,16.0,0.2,2.0,0.0,0.0,0.0,1.0,0.0,1.0,5.0,27.0,729.0,1.0,0.0,0.176608,0.347643,1064310.344828,2095032.57671,0.0,1.0,0.0,0.0
930000.0,13.742941,360.0,4.0,4.0,4.0,1.0,0.0,0.0,0.0,0.0,0.0,34.0,1156.0,0.0,0.0,0.443907,0.873805,1064310.344828,2095032.57671,0.0,0.0,1.0,0.0
1540000.0,14.247294,1457.0,16.2,25.0,16.0,0.64,0.0,1.0,0.0,1.0,0.061728,26.0,676.0,1.0,0.0,0.735072,1.446946,1064310.344828,2095032.57671,0.0,0.0,0.0,1.0
740000.0,13.514407,2192.0,24.4,27.0,25.0,0.925926,1.0,0.0,0.0,0.0,0.0,32.0,1024.0,0.0,0.0,0.353216,0.695286,1064310.344828,2095032.57671,1.0,0.0,0.0,0.0
560000.0,13.235694,362.0,4.0,8.0,5.0,0.625,0.0,0.0,0.0,0.0,0.0,25.0,625.0,1.0,0.0,0.267299,0.526162,1064310.344828,2095032.57671,0.0,0.0,0.0,1.0
1300000.0,14.077876,254.0,2.8,8.0,2.0,0.25,0.0,0.0,0.0,0.0,0.0,21.0,441.0,0.0,1.0,0.620515,1.221448,1064310.344828,2095032.57671,0.0,0.0,0.0,1.0
900000.0,13.710151,386.0,4.3,11.0,3.0,0.272727,0.0,0.0,0.0,0.0,0.0,35.0,1225.0,0.0,0.0,0.429588,0.845618,1064310.344828,2095032.57671,0.0,1.0,0.0,0.0
1110000.0,13.919871,1374.0,15.2,24.0,16.0,0.666667,0.0,3.0,0.0,3.0,0.197368,29.0,841.0,1.0,0.0,0.529825,0.79496,1396296.296296,2095032.57671,0.0,0.0,0.0,1.0
190000.0,12.154785,1168.0,13.0,28.0,12.0,0.428571,0.0,0.0,0.0,0.0,0.0,22.0,484.0,0.0,1.0,0.090691,0.178519,1064310.344828,2095032.57671,0.0,0.0,0.0,1.0
650000.0,13.384729,1707.0,19.0,29.0,18.0,0.62069,1.0,0.0,0.0,0.0,0.0,22.0,484.0,0.0,1.0,0.310258,0.610724,1064310.344828,2095032.57671,0.0,0.0,0.0,1.0
1920000.0,14.467836,1762.0,19.6,27.0,22.0,0.814815,1.0,0.0,0.0,0.0,0.0,21.0,441.0,0.0,1.0,0.916454,1.803985,1064310.344828,2095032.57671,0.0,0.0,0.0,1.0
560000.0,13.235694,1560.0,17.3,23.0,19.0,0.826087,1.0,1.0,0.0,1.0,0.057803,26.0,676.0,1.0,0.0,0.267299,0.526162,1064310.344828,2095032.57671,0.0,0.0,0.0,1.0
1480000.0,14.207553,27.0,0.3,1.0,0.0,0.0,0.0,0.0,0.0,0.0,0.0,28.0,784.0,1.0,0.0,0.706433,0.738802,2003244.125,2095032.57671,0.0,0.0,0.0,1.0
2820000.0,14.852248,2250.0,25.0,33.0,27.0,0.818182,1.0,5.0,0.0,5.0,0.2,28.0,784.0,1.0,0.0,1.346041,1.407717,2003244.125,2095032.57671,0.0,1.0,0.0,0.0
1110000.0,13.919871,42.0,0.5,2.0,0.0,0.0,0.0,0.0,0.0,0.0,0.0,23.0,529.0,0.0,1.0,0.529825,0.554101,2003244.125,2095032.57671,0.0,0.0,0.0,1.0
1110000.0,13.919871,1876.0,20.8,33.0,20.0,0.606061,1.0,3.0,0.0,3.0,0.144231,21.0,441.0,0.0,1.0,0.529825,0.554101,2003244.125,2095032.57671,0.0,0.0,0.0,1.0
3150000.0,14.962913,27.0,0.3,2.0,0.0,0.0,0.0,0.0,0.0,0.0,0.0,27.0,729.0,1.0,0.0,1.503557,1.572449,2003244.125,2095032.57671,0.0,1.0,0.0,0.0
1670000.0,14.328335,577.0,6.4,12.0,7.0,0.583333,0.0,0.0,0.0,0.0,0.0,31.0,961.0,0.0,0.0,0.797124,0.833648,2003244.125,2095032.57671,1.0,0.0,0.0,0.0
5560000.0,15.531109,3330.0,37.0,37.0,37.0,1.0,1.0,0.0,9.0,9.0,0.243243,34.0,1156.0,0.0,0.0,2.653897,2.775498,2003244.125,2095032.57671,0.0,0.0,1.0,0.0
1920000.0,14.467836,3134.0,34.8,36.0,36.0,1.0,1.0,1.0,0.0,1.0,0.028736,26.0,676.0,1.0,0.0,0.916454,0.958445,2003244.125,2095032.57671,1.0,0.0,0.0,0.0
370000.0,12.821261,72.0,0.8,3.0,0.0,0.0,0.0,0.0,0.0,0.0,0.0,19.0,361.0,0.0,1.0,0.176608,0.1847,2003244.125,2095032.57671,1.0,0.0,0.0,0.0
1670000.0,14.328335,244.0,2.7,11.0,2.0,0.181818,0.0,0.0,0.0,0.0,0.0,39.0,1521.0,0.0,0.0,0.797124,0.833648,2003244.125,2095032.57671,0.0,1.0,0.0,0.0
3150000.0,14.962913,1520.0,16.9,23.0,18.0,0.782609,1.0,1.0,0.0,1.0,0.059172,24.0,576.0,1.0,0.0,1.503557,1.572449,2003244.125,2095032.57671,0.0,0.0,0.0,1.0
1480000.0,14.207553,468.0,5.2,15.0,4.0,0.266667,0.0,0.0,0.0,0.0,0.0,22.0,484.0,0.0,1.0,0.706433,0.738802,2003244.125,2095032.57671,0.0,0.0,0.0,1.0
830000.0,13.629182,1454.0,16.2,26.0,17.0,0.653846,0.0,0.0,0.0,0.0,0.0,25.0,625.0,1.0,0.0,0.396175,1.024691,810000.0,2095032.57671,0.0,0.0,0.0,1.0
2220000.0,14.613018,584.0,6.5,20.0,5.0,0.25,0.0,0.0,0.0,0.0,0.0,22.0,484.0,0.0,1.0,1.059649,1.108202,2003244.125,2095032.57671,0.0,0.0,0.0,1.0
190000.0,12.154785,4.0,0.0,1.0,0.0,0.0,0.0,0.0,0.0,0.0,0.0,30.0,900.0,0.0,0.0,0.090691,0.094846,2003244.125,2095032.57671,0.0,0.0,1.0,0.0
2220000.0,14.613018,2458.0,27.3,34.0,29.0,0.852941,1.0,1.0,0.0,1.0,0.03663,26.0,676.0,1.0,0.0,1.059649,1.108202,2003244.125,2095032.57671,1.0,0.0,0.0,0.0
150000.0,11.918397,212.0,2.4,6.0,1.0,0.166667,0.0,0.0,0.0,0.0,0.0,19.0,361.0,0.0,1.0,0.071598,0.074879,2003244.125,2095032.57671,1.0,0.0,0.0,0.0
2690000.0,14.805052,2918.0,32.4,35.0,33.0,0.942857,1.0,0.0,0.0,0.0,0.0,27.0,729.0,1.0,0.0,1.28399,1.342822,2003244.125,2095032.57671,1.0,0.0,0.0,0.0
930000.0,13.742941,265.0,2.9,10.0,2.0,0.2,0.0,0.0,0.0,0.0,0.0,23.0,529.0,0.0,1.0,0.443907,0.464247,2003244.125,2095032.57671,0.0,0.0,0.0,1.0
5770000.0,15.568183,2036.0,22.6,26.0,23.0,0.884615,1.0,8.0,0.0,8.0,0.353982,25.0,625.0,1.0,0.0,2.754134,2.880328,2003244.125,2095032.57671,0.0,1.0,0.0,0.0
190000.0,12.154785,541.0,6.0,16.0,2.0,0.125,0.0,0.0,0.0,0.0,0.0,19.0,361.0,0.0,1.0,0.090691,0.094846,2003244.125,2095032.57671,0.0,0.0,0.0,1.0
3330000.0,15.018483,2554.0,28.4,33.0,30.0,0.909091,1.0,2.0,0.0,2.0,0.070423,24.0,576.0,1.0,0.0,1.589474,1.662304,2003244.125,2095032.57671,0.0,0.0,0.0,1.0
640000.0,13.369225,86.0,1.0,1.0,1.0,1.0,0.0,0.0,0.0,0.0,0.0,26.0,676.0,1.0,0.0,0.305485,0.319482,2003244.125,2095032.57671,0.0,0.0,1.0,0.0
1030000.0,13.84507,808.0,9.0,11.0,9.0,0.818182,0.0,0.0,0.0,0.0,0.0,31.0,961.0,0.0,0.0,0.491639,0.514166,2003244.125,2095032.57671,1.0,0.0,0.0,0.0
1850000.0,14.430697,1696.0,18.8,27.0,18.0,0.666667,1.0,1.0,0.0,1.0,0.053191,20.0,400.0,0.0,1.0,0.883041,0.923502,2003244.125,2095032.57671,1.0,0.0,0.0,0.0
170000.0,12.04356,105.0,1.2,2.0,1.0,0.5,0.0,0.0,0.0,0.0,0.0,18.0,324.0,0.0,1.0,0.081144,0.084862,2003244.125,2095032.57671,0.0,1.0,0.0,0.0
2960000.0,14.9007,1672.0,18.6,32.0,16.0,0.5,1.0,4.0,0.0,4.0,0.215054,24.0,576.0,1.0,0.0,1.412866,1.477603,2003244.125,2095032.57671,0.0,1.0,0.0,0.0
3700000.0,15.123844,1881.0,20.9,26.0,24.0,0.923077,1.0,3.0,0.0,3.0,0.143541,31.0,961.0,0.0,0.0,1.766082,1.847004,2003244.125,2095032.57671,1.0,0.0,0.0,0.0
2960000.0,14.9007,2421.0,26.9,34.0,30.0,0.882353,1.0,7.0,0.0,7.0,0.260223,28.0,784.0,1.0,0.0,1.412866,1.477603,2003244.125,2095032.57671,0.0,0.0,0.0,1.0
2310000.0,14.652759,25.0,0.3,2.0,1.0,0.5,0.0,0.0,0.0,0.0,0.0,24.0,576.0,1.0,0.0,1.102608,1.15313,2003244.125,2095032.57671,0.0,0.0,0.0,1.0
1280000.0,14.062371,2156.0,24.0,33.0,26.0,0.787879,1.0,1.0,0.0,1.0,0.041667,28.0,784.0,1.0,0.0,0.610969,0.916711,1396296.296296,2095032.57671,0.0,0.0,0.0,1.0
650000.0,13.384729,2597.0,28.9,32.0,29.0,0.90625,1.0,0.0,0.0,0.0,0.0,22.0,484.0,0.0,1.0,0.310258,0.465517,1396296.296296,2095032.57671,1.0,0.0,0.0,0.0
460000.0,13.038984,552.0,6.1,11.0,6.0,0.545455,0.0,0.0,0.0,0.0,0.0,20.0,400.0,0.0,1.0,0.219567,0.329443,1396296.296296,2095032.57671,0.0,0.0,0.0,1.0
930000.0,13.742941,2212.0,24.6,27.0,25.0,0.925926,1.0,2.0,0.0,2.0,0.081301,21.0,441.0,0.0,1.0,0.443907,0.666048,1396296.296296,2095032.57671,0.0,0.0,0.0,1.0
770000.0,13.554147,994.0,11.0,31.0,6.0,0.193548,0.0,4.0,0.0,4.0,0.363636,31.0,961.0,0.0,0.0,0.367536,0.551459,1396296.296296,2095032.57671,0.0,1.0,0.0,0.0
280000.0,12.542548,176.0,2.0,2.0,1.0,0.5,0.0,0.0,0.0,0.0,0.0,28.0,784.0,1.0,0.0,0.133649,0.200531,1396296.296296,2095032.57671,0.0,0.0,1.0,0.0
2780000.0,14.837962,45.0,0.5,3.0,0.0,0.0,0.0,0.0,0.0,0.0,0.0,25.0,625.0,1.0,0.0,1.326948,1.990981,1396296.296296,2095032.57671,0.0,0.0,0.0,1.0
460000.0,13.038984,956.0,10.6,30.0,9.0,0.3,0.0,3.0,0.0,3.0,0.283019,18.0,324.0,0.0,1.0,0.219567,0.329443,1396296.296296,2095032.57671,0.0,1.0,0.0,0.0
1280000.0,14.062371,3215.0,35.7,36.0,36.0,1.0,1.0,1.0,0.0,1.0,0.028011,26.0,676.0,1.0,0.0,0.610969,0.916711,1396296.296296,2095032.57671,1.0,0.0,0.0,0.0
930000.0,13.742941,685.0,7.6,20.0,5.0,0.25,0.0,3.0,0.0,3.0,0.394737,34.0,1156.0,0.0,0.0,0.443907,0.666048,1396296.296296,2095032.57671,0.0,0.0,0.0,1.0
2780000.0,14.837962,1395.0,15.5,16.0,16.0,1.0,0.0,0.0,6.0,6.0,0.387097,27.0,729.0,1.0,0.0,1.326948,1.990981,1396296.296296,2095032.57671,0.0,0.0,1.0,0.0
930000.0,13.742941,2326.0,25.8,38.0,30.0,0.789474,1.0,7.0,0.0,7.0,0.271318,23.0,529.0,0.0,1.0,0.443907,0.666048,1396296.296296,2095032.57671,0.0,1.0,0.0,0.0
190000.0,12.154785,247.0,2.7,12.0,1.0,0.083333,0.0,0.0,0.0,0.0,0.0,19.0,361.0,0.0,1.0,0.090691,0.045204,4203181.818182,2095032.57671,0.0,0.0,0.0,1.0
1390000.0,14.144815,118.0,1.3,8.0,1.0,0.125,0.0,0.0,0.0,0.0,0.0,28.0,784.0,1.0,0.0,0.663474,0.995491,1396296.296296,2095032.57671,0.0,0.0,0.0,1.0
1110000.0,13.919871,2767.0,30.7,36.0,31.0,0.861111,1.0,1.0,0.0,1.0,0.032573,23.0,529.0,0.0,1.0,0.529825,0.79496,1396296.296296,2095032.57671,0.0,0.0,0.0,1.0
1030000.0,13.84507,3081.0,34.2,36.0,35.0,0.972222,1.0,1.0,0.0,1.0,0.02924,24.0,576.0,1.0,0.0,0.491639,0.737666,1396296.296296,2095032.57671,0.0,0.0,0.0,1.0
1480000.0,14.207553,180.0,2.0,4.0,2.0,0.5,0.0,0.0,0.0,0.0,0.0,32.0,1024.0,0.0,0.0,0.706433,1.059947,1396296.296296,2095032.57671,0.0,0.0,0.0,1.0
460000.0,13.038984,1847.0,20.5,22.0,21.0,0.954545,1.0,0.0,4.0,4.0,0.195122,32.0,1024.0,0.0,0.0,0.219567,0.329443,1396296.296296,2095032.57671,0.0,0.0,1.0,0.0
370000.0,12.821261,181.0,2.0,3.0,2.0,0.666667,0.0,0.0,0.0,0.0,0.0,20.0,400.0,0.0,1.0,0.176608,0.264987,1396296.296296,2095032.57671,1.0,0.0,0.0,0.0
330000.0,12.706851,1413.0,15.7,28.0,13.0,0.464286,0.0,0.0,0.0,0.0,0.0,24.0,576.0,1.0,0.0,0.157515,0.23634,1396296.296296,2095032.57671,0.0,0.0,0.0,1.0
1280000.0,14.062371,2235.0,24.8,34.0,28.0,0.823529,1.0,6.0,0.0,6.0,0.241935,32.0,1024.0,0.0,0.0,0.610969,0.916711,1396296.296296,2095032.57671,0.0,0.0,0.0,1.0
280000.0,12.542548,829.0,9.2,13.0,9.0,0.692308,0.0,0.0,0.0,0.0,0.0,21.0,441.0,0.0,1.0,0.133649,0.200531,1396296.296296,2095032.57671,1.0,0.0,0.0,0.0
190000.0,12.154785,32.0,0.4,1.0,0.0,0.0,0.0,0.0,0.0,0.0,0.0,19.0,361.0,0.0,1.0,0.090691,0.136074,1396296.296296,2095032.57671,0.0,1.0,0.0,0.0
930000.0,13.742941,913.0,10.1,16.0,12.0,0.75,0.0,0.0,0.0,0.0,0.0,32.0,1024.0,0.0,0.0,0.443907,0.666048,1396296.296296,2095032.57671,0.0,0.0,0.0,1.0
1000000.0,13.815512,785.0,8.7,18.0,8.0,0.444444,0.0,1.0,0.0,1.0,0.114943,22.0,484.0,0.0,1.0,0.47732,0.71618,1396296.296296,2095032.57671,0.0,0.0,0.0,1.0
1390000.0,14.144815,359.0,4.0,12.0,3.0,0.25,0.0,0.0,0.0,0.0,0.0,20.0,400.0,0.0,1.0,0.663474,0.995491,1396296.296296,2095032.57671,0.0,0.0,0.0,1.0
770000.0,13.554147,907.0,10.1,23.0,11.0,0.478261,0.0,1.0,0.0,1.0,0.09901,27.0,729.0,1.0,0.0,0.367536,0.801822,960312.5,2095032.57671,0.0,0.0,0.0,1.0
2310000.0,14.652759,844.0,9.4,18.0,8.0,0.444444,0.0,0.0,0.0,0.0,0.0,29.0,841.0,1.0,0.0,1.102608,2.405467,960312.5,2095032.57671,0.0,0.0,0.0,1.0
1670000.0,14.328335,1102.0,12.2,34.0,9.0,0.264706,0.0,0.0,0.0,0.0,0.0,24.0,576.0,1.0,0.0,0.797124,1.739017,960312.5,2095032.57671,0.0,1.0,0.0,0.0
460000.0,13.038984,1319.0,14.7,15.0,15.0,1.0,0.0,0.0,0.0,0.0,0.0,24.0,576.0,1.0,0.0,0.219567,0.479011,960312.5,2095032.57671,1.0,0.0,0.0,0.0
1390000.0,14.144815,2301.0,25.6,32.0,29.0,0.90625,1.0,1.0,0.0,1.0,0.039062,26.0,676.0,1.0,0.0,0.663474,1.447445,960312.5,2095032.57671,0.0,0.0,0.0,1.0
1300000.0,14.077876,1347.0,15.0,19.0,14.0,0.736842,0.0,0.0,0.0,0.0,0.0,23.0,529.0,0.0,1.0,0.620515,1.353726,960312.5,2095032.57671,1.0,0.0,0.0,0.0
930000.0,13.742941,970.0,10.8,19.0,11.0,0.578947,0.0,0.0,0.0,0.0,0.0,25.0,625.0,1.0,0.0,0.443907,0.968435,960312.5,2095032.57671,0.0,0.0,0.0,1.0
560000.0,13.235694,597.0,6.6,22.0,5.0,0.227273,0.0,0.0,0.0,0.0,0.0,25.0,625.0,1.0,0.0,0.267299,0.583144,960312.5,2095032.57671,0.0,1.0,0.0,0.0
260000.0,12.468441,594.0,6.6,15.0,8.0,0.533333,0.0,0.0,0.0,0.0,0.0,22.0,484.0,0.0,1.0,0.124103,0.270745,960312.5,2095032.57671,0.0,0.0,0.0,1.0
1850000.0,14.430697,1966.0,21.8,29.0,23.0,0.793103,1.0,0.0,0.0,0.0,0.0,25.0,625.0,1.0,0.0,0.883041,1.926456,960312.5,2095032.57671,0.0,0.0,0.0,1.0
260000.0,12.468441,1329.0,14.8,17.0,16.0,0.941176,0.0,0.0,0.0,0.0,0.0,26.0,676.0,1.0,0.0,0.124103,0.154041,1687857.142857,2095032.57671,1.0,0.0,0.0,0.0
130000.0,11.775297,228.0,2.5,6.0,3.0,0.5,0.0,0.0,0.0,0.0,0.0,19.0,361.0,0.0,1.0,0.062052,0.135373,960312.5,2095032.57671,0.0,0.0,0.0,1.0
2040000.0,14.528461,2027.0,22.5,28.0,23.0,0.821429,1.0,7.0,0.0,7.0,0.311111,23.0,529.0,0.0,1.0,0.973732,2.124308,960312.5,2095032.57671,0.0,1.0,0.0,0.0
1110000.0,13.919871,1871.0,20.8,33.0,21.0,0.636364,1.0,3.0,0.0,3.0,0.144231,21.0,441.0,0.0,1.0,0.529825,1.155874,960312.5,2095032.57671,0.0,1.0,0.0,0.0
830000.0,13.629182,44.0,0.5,6.0,0.0,0.0,0.0,0.0,0.0,0.0,0.0,27.0,729.0,1.0,0.0,0.396175,0.864302,960312.5,2095032.57671,0.0,0.0,0.0,1.0
280000.0,12.542548,40.0,0.4,3.0,0.0,0.0,0.0,0.0,0.0,0.0,0.0,21.0,441.0,0.0,1.0,0.133649,0.291572,960312.5,2095032.57671,0.0,1.0,0.0,0.0
740000.0,13.514407,1504.0,16.7,22.0,17.0,0.772727,1.0,1.0,0.0,1.0,0.05988,32.0,1024.0,0.0,0.0,0.353216,0.770582,960312.5,2095032.57671,0.0,0.0,0.0,1.0
190000.0,12.154785,1.0,0.0,1.0,0.0,0.0,0.0,0.0,0.0,0.0,0.0,20.0,400.0,0.0,1.0,0.090691,0.197852,960312.5,2095032.57671,0.0,1.0,0.0,0.0
460000.0,13.038984,1200.0,13.3,14.0,14.0,1.0,0.0,4.0,0.0,4.0,0.300752,22.0,484.0,0.0,1.0,0.219567,0.479011,960312.5,2095032.57671,0.0,1.0,0.0,0.0
930000.0,13.742941,3150.0,35.0,35.0,35.0,1.0,1.0,0.0,3.0,3.0,0.085714,29.0,841.0,1.0,0.0,0.443907,0.968435,960312.5,2095032.57671,0.0,0.0,1.0,0.0
520000.0,13.161586,2408.0,26.8,31.0,27.0,0.870968,1.0,2.0,0.0,2.0,0.074627,27.0,729.0,1.0,0.0,0.248206,0.54149,960312.5,2095032.57671,0.0,0.0,0.0,1.0
1850000.0,14.430697,1409.0,15.7,21.0,15.0,0.714286,0.0,0.0,0.0,0.0,0.0,24.0,576.0,1.0,0.0,0.883041,1.926456,960312.5,2095032.57671,1.0,0.0,0.0,0.0
560000.0,13.235694,1920.0,21.3,26.0,22.0,0.846154,1.0,2.0,0.0,2.0,0.093897,23.0,529.0,0.0,1.0,0.267299,0.583144,960312.5,2095032.57671,0.0,0.0,0.0,1.0
1850000.0,14.430697,2272.0,25.2,29.0,25.0,0.862069,1.0,1.0,0.0,1.0,0.039683,31.0,961.0,0.0,0.0,0.883041,1.926456,960312.5,2095032.57671,0.0,0.0,0.0,1.0
450000.0,13.017005,470.0,5.2,13.0,4.0,0.307692,0.0,0.0,0.0,0.0,0.0,27.0,729.0,1.0,0.0,0.214794,0.468597,960312.5,2095032.57671,0.0,0.0,0.0,1.0
460000.0,13.038984,270.0,3.0,3.0,3.0,1.0,0.0,0.0,0.0,0.0,0.0,30.0,900.0,0.0,0.0,0.219567,0.479011,960312.5,2095032.57671,0.0,0.0,1.0,0.0
2050000.0,14.533351,1108.0,12.3,20.0,12.0,0.6,0.0,2.0,0.0,2.0,0.162602,28.0,784.0,1.0,0.0,0.978505,2.134722,960312.5,2095032.57671,0.0,0.0,0.0,1.0
370000.0,12.821261,446.0,5.0,8.0,4.0,0.5,0.0,0.0,0.0,0.0,0.0,19.0,361.0,0.0,1.0,0.176608,0.385291,960312.5,2095032.57671,1.0,0.0,0.0,0.0
510000.0,13.142168,446.0,5.0,11.0,5.0,0.454545,0.0,0.0,0.0,0.0,0.0,23.0,529.0,0.0,1.0,0.243433,0.531077,960312.5,2095032.57671,0.0,1.0,0.0,0.0
2040000.0,14.528461,3315.0,36.8,38.0,37.0,0.973684,1.0,0.0,0.0,0.0,0.0,26.0,676.0,1.0,0.0,0.973732,2.124308,960312.5,2095032.57671,1.0,0.0,0.0,0.0
190000.0,12.154785,6.0,0.1,2.0,0.0,0.0,0.0,0.0,0.0,0.0,0.0,21.0,441.0,0.0,1.0,0.090691,0.197852,960312.5,2095032.57671,0.0,0.0,0.0,1.0
10190000.0,16.136918,2239.0,24.9,28.0,28.0,1.0,1.0,1.0,0.0,1.0,0.040161,26.0,676.0,1.0,0.0,4.863886,1.810349,5628750.0,2095032.57671,1.0,0.0,0.0,0.0
3700000.0,15.123844,1142.0,12.7,33.0,10.0,0.30303,0.0,5.0,0.0,5.0,0.393701,21.0,441.0,0.0,1.0,1.766082,0.65734,5628750.0,2095032.57671,0.0,1.0,0.0,0.0
2820000.0,14.852248,1763.0,19.6,34.0,18.0,0.529412,1.0,1.0,0.0,1.0,0.05102,26.0,676.0,1.0,0.0,1.346041,0.500999,5628750.0,2095032.57671,0.0,0.0,0.0,1.0
5190000.0,15.462244,569.0,6.3,22.0,3.0,0.136364,0.0,0.0,0.0,0.0,0.0,25.0,625.0,1.0,0.0,2.477288,0.922052,5628750.0,2095032.57671,0.0,0.0,0.0,1.0
5130000.0,15.450616,1325.0,14.7,20.0,15.0,0.75,0.0,3.0,0.0,3.0,0.204082,29.0,841.0,1.0,0.0,2.448649,0.911392,5628750.0,2095032.57671,0.0,0.0,0.0,1.0
7410000.0,15.818341,2698.0,30.0,35.0,30.0,0.857143,1.0,7.0,0.0,7.0,0.233333,27.0,729.0,1.0,0.0,3.536938,1.316456,5628750.0,2095032.57671,0.0,0.0,0.0,1.0
2780000.0,14.837962,1378.0,15.3,18.0,15.0,0.833333,0.0,0.0,0.0,0.0,0.0,37.0,1369.0,0.0,0.0,1.326948,0.493893,5628750.0,2095032.57671,1.0,0.0,0.0,0.0
1850000.0,14.430697,1571.0,17.5,35.0,15.0,0.428571,1.0,7.0,0.0,7.0,0.4,20.0,400.0,0.0,1.0,0.883041,0.32867,5628750.0,2095032.57671,0.0,1.0,0.0,0.0
11110000.0,16.223356,1639.0,18.2,22.0,20.0,0.909091,1.0,9.0,0.0,9.0,0.494505,31.0,961.0,0.0,0.0,5.30302,1.973795,5628750.0,2095032.57671,0.0,0.0,0.0,1.0
4870000.0,15.398605,1560.0,17.3,30.0,16.0,0.533333,1.0,4.0,0.0,4.0,0.231214,36.0,1296.0,0.0,0.0,2.324546,0.865201,5628750.0,2095032.57671,0.0,0.0,0.0,1.0
2780000.0,14.837962,450.0,5.0,5.0,5.0,1.0,0.0,0.0,4.0,4.0,0.8,27.0,729.0,1.0,0.0,1.326948,0.493893,5628750.0,2095032.57671,0.0,0.0,1.0,0.0
16670000.0,16.629121,2159.0,24.0,30.0,27.0,0.9,1.0,17.0,0.0,17.0,0.708333,27.0,729.0,1.0,0.0,7.956917,2.961581,5628750.0,2095032.57671,0.0,1.0,0.0,0.0
3910000.0,15.179048,1624.0,18.0,30.0,18.0,0.6,1.0,1.0,0.0,1.0,0.055556,23.0,529.0,0.0,1.0,1.866319,0.694648,5628750.0,2095032.57671,0.0,0.0,0.0,1.0
6480000.0,15.684231,2821.0,31.3,33.0,31.0,0.939394,1.0,2.0,0.0,2.0,0.063898,30.0,900.0,0.0,0.0,3.093031,1.151233,5628750.0,2095032.57671,1.0,0.0,0.0,0.0
7690000.0,15.855431,1900.0,21.1,29.0,24.0,0.827586,1.0,13.0,0.0,13.0,0.616114,27.0,729.0,1.0,0.0,3.670587,1.3662,5628750.0,2095032.57671,0.0,1.0,0.0,0.0
3210000.0,14.981782,248.0,2.8,6.0,2.0,0.333333,0.0,0.0,0.0,0.0,0.0,35.0,1225.0,0.0,0.0,1.532196,0.570286,5628750.0,2095032.57671,0.0,0.0,0.0,1.0
12040000.0,16.303745,2517.0,28.0,34.0,31.0,0.911765,1.0,3.0,0.0,3.0,0.107143,28.0,784.0,1.0,0.0,5.746927,2.139018,5628750.0,2095032.57671,0.0,0.0,0.0,1.0
2780000.0,14.837962,1765.0,19.6,34.0,21.0,0.617647,1.0,2.0,0.0,2.0,0.102041,21.0,441.0,0.0,1.0,1.326948,0.493893,5628750.0,2095032.57671,0.0,0.0,0.0,1.0
8330000.0,15.935374,2045.0,22.7,34.0,22.0,0.647059,1.0,6.0,0.0,6.0,0.264317,31.0,961.0,0.0,0.0,3.976072,1.479902,5628750.0,2095032.57671,0.0,0.0,0.0,1.0
280000.0,12.542548,10.0,0.1,1.0,0.0,0.0,0.0,0.0,0.0,0.0,0.0,31.0,961.0,0.0,0.0,0.133649,0.049745,5628750.0,2095032.57671,0.0,0.0,1.0,0.0
7040000.0,15.767119,670.0,7.4,11.0,8.0,0.727273,0.0,0.0,0.0,0.0,0.0,33.0,1089.0,0.0,0.0,3.36033,1.250722,5628750.0,2095032.57671,1.0,0.0,0.0,0.0
1920000.0,14.467836,1922.0,21.4,23.0,21.0,0.913043,1.0,3.0,0.0,3.0,0.140187,24.0,576.0,1.0,0.0,0.916454,0.341106,5628750.0,2095032.57671,1.0,0.0,0.0,0.0
3210000.0,14.981782,2960.0,32.9,33.0,33.0,1.0,1.0,0.0,23.0,23.0,0.699088,36.0,1296.0,0.0,0.0,1.532196,0.570286,5628750.0,2095032.57671,0.0,0.0,1.0,0.0
4440000.0,15.306165,2769.0,30.8,36.0,35.0,0.972222,1.0,3.0,0.0,3.0,0.097403,25.0,625.0,1.0,0.0,2.119299,0.849796,5224782.608696,2095032.57671,0.0,0.0,0.0,1.0
2240000.0,14.621987,36.0,0.4,2.0,0.0,0.0,0.0,0.0,0.0,0.0,0.0,31.0,961.0,0.0,0.0,1.069196,0.428726,5224782.608696,2095032.57671,0.0,1.0,0.0,0.0
22220000.0,16.916503,968.0,10.8,19.0,11.0,0.578947,0.0,7.0,0.0,7.0,0.648148,25.0,625.0,1.0,0.0,10.60604,4.252809,5224782.608696,2095032.57671,0.0,1.0,0.0,0.0
4630000.0,15.348068,382.0,4.2,19.0,0.0,0.0,0.0,0.0,0.0,0.0,0.0,26.0,676.0,1.0,0.0,2.20999,0.886161,5224782.608696,2095032.57671,0.0,0.0,0.0,1.0
1850000.0,14.430697,617.0,6.9,23.0,5.0,0.217391,0.0,1.0,0.0,1.0,0.144928,21.0,441.0,0.0,1.0,0.883041,0.354082,5224782.608696,2095032.57671,0.0,0.0,0.0,1.0
5740000.0,15.56297,1093.0,12.1,21.0,12.0,0.571429,0.0,2.0,0.0,2.0,0.165289,27.0,729.0,1.0,0.0,2.739814,1.09861,5224782.608696,2095032.57671,1.0,0.0,0.0,0.0
3210000.0,14.981782,479.0,5.3,18.0,4.0,0.222222,0.0,3.0,0.0,3.0,0.566038,32.0,1024.0,0.0,0.0,1.532196,0.61438,5224782.608696,2095032.57671,0.0,0.0,0.0,1.0
7040000.0,15.767119,2078.0,23.1,31.0,27.0,0.870968,1.0,3.0,0.0,3.0,0.12987,22.0,484.0,0.0,1.0,3.36033,1.347424,5224782.608696,2095032.57671,0.0,0.0,0.0,1.0
9260000.0,16.041215,2171.0,24.1,26.0,25.0,0.961538,1.0,4.0,0.0,4.0,0.165975,28.0,784.0,1.0,0.0,4.419979,1.772323,5224782.608696,2095032.57671,1.0,0.0,0.0,0.0
11110000.0,16.223356,1781.0,19.8,35.0,20.0,0.571429,1.0,6.0,0.0,6.0,0.30303,25.0,625.0,1.0,0.0,5.30302,2.126404,5224782.608696,2095032.57671,0.0,1.0,0.0,0.0
2220000.0,14.613018,296.0,3.3,12.0,2.0,0.166667,0.0,2.0,0.0,2.0,0.606061,24.0,576.0,1.0,0.0,1.059649,0.424898,5224782.608696,2095032.57671,0.0,0.0,0.0,1.0
2960000.0,14.9007,2825.0,31.4,36.0,33.0,0.916667,1.0,10.0,0.0,10.0,0.318471,20.0,400.0,0.0,1.0,1.412866,0.566531,5224782.608696,2095032.57671,0.0,0.0,0.0,1.0
3700000.0,15.123844,2442.0,27.1,35.0,30.0,0.857143,1.0,3.0,0.0,3.0,0.110701,24.0,576.0,1.0,0.0,1.766082,0.708163,5224782.608696,2095032.57671,0.0,0.0,0.0,1.0
4440000.0,15.306165,2996.0,33.3,35.0,33.0,0.942857,1.0,1.0,0.0,1.0,0.03003,26.0,676.0,1.0,0.0,2.119299,0.849796,5224782.608696,2095032.57671,1.0,0.0,0.0,0.0
6110000.0,15.625437,2994.0,33.3,36.0,36.0,1.0,1.0,1.0,0.0,1.0,0.03003,27.0,729.0,1.0,0.0,2.916422,1.169427,5224782.608696,2095032.57671,0.0,0.0,0.0,1.0
2780000.0,14.837962,765.0,8.5,9.0,9.0,1.0,0.0,0.0,4.0,4.0,0.470588,32.0,1024.0,0.0,0.0,1.326948,0.53208,5224782.608696,2095032.57671,0.0,0.0,1.0,0.0
3700000.0,15.123844,2655.0,29.5,30.0,29.0,0.966667,1.0,0.0,15.0,15.0,0.508475,28.0,784.0,1.0,0.0,1.766082,0.708163,5224782.608696,2095032.57671,0.0,0.0,1.0,0.0
3080000.0,14.94044,3281.0,36.5,37.0,37.0,1.0,1.0,2.0,0.0,2.0,0.054795,25.0,625.0,1.0,0.0,1.470144,0.589498,5224782.608696,2095032.57671,1.0,0.0,0.0,0.0
5770000.0,15.568183,1827.0,20.3,33.0,18.0,0.545455,1.0,0.0,0.0,0.0,0.0,27.0,729.0,1.0,0.0,2.754134,1.104352,5224782.608696,2095032.57671,0.0,0.0,0.0,1.0
740000.0,13.514407,171.0,1.9,10.0,1.0,0.1,0.0,1.0,0.0,1.0,0.526316,19.0,361.0,0.0,1.0,0.353216,0.141633,5224782.608696,2095032.57671,0.0,0.0,0.0,1.0
3210000.0,14.981782,2835.0,31.5,36.0,32.0,0.888889,1.0,5.0,0.0,5.0,0.15873,26.0,676.0,1.0,0.0,1.532196,0.61438,5224782.608696,2095032.57671,0.0,0.0,0.0,1.0
3700000.0,15.123844,2778.0,30.9,33.0,32.0,0.969697,1.0,1.0,0.0,1.0,0.032362,32.0,1024.0,0.0,0.0,1.766082,1.467007,2522142.857143,2095032.57671,1.0,0.0,0.0,0.0
560000.0,13.235694,9.0,0.1,1.0,0.0,0.0,0.0,0.0,0.0,0.0,0.0,18.0,324.0,0.0,1.0,0.267299,0.222033,2522142.857143,2095032.57671,0.0,0.0,0.0,1.0
110000.0,11.608245,180.0,2.0,2.0,2.0,1.0,0.0,0.0,1.0,1.0,0.5,23.0,529.0,0.0,1.0,0.052505,0.043614,2522142.857143,2095032.57671,0.0,0.0,1.0,0.0
5560000.0,15.531109,2666.0,29.6,32.0,31.0,0.96875,1.0,0.0,0.0,0.0,0.0,30.0,900.0,0.0,0.0,2.653897,2.204475,2522142.857143,2095032.57671,1.0,0.0,0.0,0.0
2560000.0,14.755518,1253.0,13.9,27.0,14.0,0.518519,0.0,1.0,0.0,1.0,0.071942,28.0,784.0,1.0,0.0,1.221938,1.01501,2522142.857143,2095032.57671,0.0,1.0,0.0,0.0
2780000.0,14.837962,1985.0,22.1,27.0,24.0,0.888889,1.0,3.0,0.0,3.0,0.135747,30.0,900.0,0.0,0.0,1.326948,1.102237,2522142.857143,2095032.57671,0.0,0.0,0.0,1.0
280000.0,12.542548,810.0,9.0,9.0,9.0,1.0,0.0,0.0,5.0,5.0,0.555556,20.0,400.0,0.0,1.0,0.133649,0.111017,2522142.857143,2095032.57671,0.0,0.0,1.0,0.0
5190000.0,15.462244,174.0,1.9,5.0,1.0,0.2,0.0,0.0,0.0,0.0,0.0,31.0,961.0,0.0,0.0,2.477288,2.057774,2522142.857143,2095032.57671,1.0,0.0,0.0,0.0
2410000.0,14.695138,1187.0,13.2,24.0,11.0,0.458333,0.0,1.0,0.0,1.0,0.075758,24.0,576.0,1.0,0.0,1.15034,0.955537,2522142.857143,2095032.57671,0.0,0.0,0.0,1.0
1920000.0,14.467836,1593.0,17.7,30.0,18.0,0.6,1.0,5.0,0.0,5.0,0.282486,24.0,576.0,1.0,0.0,0.916454,0.761257,2522142.857143,2095032.57671,0.0,1.0,0.0,0.0
3700000.0,15.123844,2430.0,27.0,27.0,27.0,1.0,1.0,0.0,8.0,8.0,0.296296,31.0,961.0,0.0,0.0,1.766082,1.467007,2522142.857143,2095032.57671,0.0,0.0,1.0,0.0
3150000.0,14.962913,1394.0,15.5,17.0,17.0,1.0,0.0,3.0,0.0,3.0,0.193548,23.0,529.0,0.0,1.0,1.503557,1.248938,2522142.857143,2095032.57671,0.0,0.0,0.0,1.0
2410000.0,14.695138,1469.0,16.3,24.0,17.0,0.708333,0.0,1.0,0.0,1.0,0.06135,26.0,676.0,1.0,0.0,1.15034,0.955537,2522142.857143,2095032.57671,1.0,0.0,0.0,0.0
3150000.0,14.962913,938.0,10.4,23.0,9.0,0.391304,0.0,0.0,0.0,0.0,0.0,31.0,961.0,0.0,0.0,1.503557,1.248938,2522142.857143,2095032.57671,1.0,0.0,0.0,0.0
1280000.0,14.062371,2472.0,27.5,31.0,31.0,1.0,1.0,0.0,0.0,0.0,0.0,24.0,576.0,1.0,0.0,0.610969,0.507505,2522142.857143,2095032.57671,1.0,0.0,0.0,0.0
1480000.0,14.207553,1725.0,19.2,30.0,21.0,0.7,1.0,4.0,0.0,4.0,0.208333,23.0,529.0,0.0,1.0,0.706433,0.586803,2522142.857143,2095032.57671,0.0,1.0,0.0,0.0
5560000.0,15.531109,2104.0,23.4,26.0,26.0,1.0,1.0,3.0,0.0,3.0,0.128205,30.0,900.0,0.0,0.0,2.653897,2.204475,2522142.857143,2095032.57671,0.0,1.0,0.0,0.0
830000.0,13.629182,1428.0,15.9,16.0,16.0,1.0,0.0,2.0,0.0,2.0,0.125786,26.0,676.0,1.0,0.0,0.396175,0.329085,2522142.857143,2095032.57671,0.0,0.0,0.0,1.0
3700000.0,15.123844,512.0,5.7,11.0,6.0,0.545455,0.0,0.0,0.0,0.0,0.0,23.0,529.0,0.0,1.0,1.766082,1.467007,2522142.857143,2095032.57671,0.0,0.0,0.0,1.0
4070000.0,15.219154,1473.0,16.4,23.0,17.0,0.73913,0.0,0.0,0.0,0.0,0.0,25.0,625.0,1.0,0.0,1.942691,1.613707,2522142.857143,2095032.57671,1.0,0.0,0.0,0.0
2220000.0,14.613018,667.0,7.4,14.0,6.0,0.428571,0.0,0.0,0.0,0.0,0.0,32.0,1024.0,0.0,0.0,1.059649,0.880204,2522142.857143,2095032.57671,0.0,0.0,0.0,1.0
2820000.0,14.852248,982.0,10.9,29.0,9.0,0.310345,0.0,5.0,0.0,5.0,0.458716,38.0,1444.0,0.0,0.0,1.346041,1.118097,2522142.857143,2095032.57671,0.0,1.0,0.0,0.0
1110000.0,13.919871,233.0,2.6,8.0,2.0,0.25,0.0,0.0,0.0,0.0,0.0,21.0,441.0,0.0,1.0,0.529825,0.440102,2522142.857143,2095032.57671,0.0,1.0,0.0,0.0
1670000.0,14.328335,609.0,6.8,13.0,5.0,0.384615,0.0,0.0,0.0,0.0,0.0,21.0,441.0,0.0,1.0,0.797124,0.662135,2522142.857143,2095032.57671,0.0,0.0,0.0,1.0
2410000.0,14.695138,1148.0,12.8,29.0,9.0,0.310345,0.0,4.0,0.0,4.0,0.3125,26.0,676.0,1.0,0.0,1.15034,0.955537,2522142.857143,2095032.57671,0.0,1.0,0.0,0.0
2050000.0,14.533351,1735.0,19.3,23.0,23.0,1.0,1.0,2.0,0.0,2.0,0.103627,28.0,784.0,1.0,0.0,0.978505,0.812801,2522142.857143,2095032.57671,0.0,0.0,0.0,1.0
1020000.0,13.835314,3056.0,34.0,37.0,34.0,0.918919,1.0,0.0,0.0,0.0,0.0,25.0,625.0,1.0,0.0,0.486866,1.740834,585925.925926,2095032.57671,1.0,0.0,0.0,0.0
190000.0,12.154785,27.0,0.3,3.0,0.0,0.0,0.0,0.0,0.0,0.0,0.0,25.0,625.0,1.0,0.0,0.090691,0.324273,585925.925926,2095032.57671,0.0,0.0,0.0,1.0
190000.0,12.154785,228.0,2.5,4.0,3.0,0.75,0.0,0.0,0.0,0.0,0.0,22.0,484.0,0.0,1.0,0.090691,0.324273,585925.925926,2095032.57671,1.0,0.0,0.0,0.0
330000.0,12.706851,543.0,6.0,14.0,6.0,0.428571,0.0,0.0,0.0,0.0,0.0,25.0,625.0,1.0,0.0,0.157515,0.563211,585925.925926,2095032.57671,1.0,0.0,0.0,0.0
460000.0,13.038984,3020.0,33.6,36.0,33.0,0.916667,1.0,0.0,0.0,0.0,0.0,22.0,484.0,0.0,1.0,0.219567,0.785082,585925.925926,2095032.57671,1.0,0.0,0.0,0.0
1480000.0,14.207553,687.0,7.6,21.0,7.0,0.333333,0.0,1.0,0.0,1.0,0.131579,17.0,289.0,0.0,1.0,0.706433,2.525917,585925.925926,2095032.57671,0.0,1.0,0.0,0.0
650000.0,13.384729,197.0,2.2,7.0,1.0,0.142857,0.0,0.0,0.0,0.0,0.0,25.0,625.0,1.0,0.0,0.310258,1.109355,585925.925926,2095032.57671,1.0,0.0,0.0,0.0
930000.0,13.742941,1701.0,18.9,21.0,18.0,0.857143,1.0,1.0,0.0,1.0,0.05291,23.0,529.0,0.0,1.0,0.443907,1.587231,585925.925926,2095032.57671,1.0,0.0,0.0,0.0
590000.0,13.28788,1830.0,20.3,23.0,21.0,0.913043,1.0,0.0,0.0,0.0,0.0,27.0,729.0,1.0,0.0,0.281619,1.006953,585925.925926,2095032.57671,1.0,0.0,0.0,0.0
560000.0,13.235694,544.0,6.0,27.0,1.0,0.037037,0.0,2.0,0.0,2.0,0.333333,24.0,576.0,1.0,0.0,0.267299,0.955752,585925.925926,2095032.57671,0.0,0.0,0.0,1.0
640000.0,13.369225,1752.0,19.5,32.0,21.0,0.65625,1.0,5.0,0.0,5.0,0.25641,24.0,576.0,1.0,0.0,0.305485,1.092288,585925.925926,2095032.57671,0.0,0.0,0.0,1.0
770000.0,13.554147,2689.0,29.9,33.0,31.0,0.939394,1.0,3.0,0.0,3.0,0.100334,29.0,841.0,1.0,0.0,0.367536,1.314159,585925.925926,2095032.57671,0.0,0.0,0.0,1.0
370000.0,12.821261,167.0,1.9,9.0,2.0,0.222222,0.0,0.0,0.0,0.0,0.0,24.0,576.0,1.0,0.0,0.176608,0.631479,585925.925926,2095032.57671,0.0,0.0,0.0,1.0
190000.0,12.154785,31.0,0.3,1.0,1.0,1.0,0.0,0.0,0.0,0.0,0.0,20.0,400.0,0.0,1.0,0.090691,0.324273,585925.925926,2095032.57671,1.0,0.0,0.0,0.0
370000.0,12.821261,871.0,9.7,13.0,12.0,0.923077,0.0,2.0,0.0,2.0,0.206186,21.0,441.0,0.0,1.0,0.176608,0.631479,585925.925926,2095032.57671,0.0,0.0,0.0,1.0
1110000.0,13.919871,1709.0,19.0,34.0,20.0,0.588235,1.0,4.0,0.0,4.0,0.210526,23.0,529.0,0.0,1.0,0.529825,1.894437,585925.925926,2095032.57671,0.0,1.0,0.0,0.0
110000.0,11.608245,28.0,0.3,2.0,0.0,0.0,0.0,0.0,0.0,0.0,0.0,20.0,400.0,0.0,1.0,0.052505,0.187737,585925.925926,2095032.57671,0.0,0.0,0.0,1.0
1110000.0,13.919871,975.0,10.8,19.0,10.0,0.526316,0.0,2.0,0.0,2.0,0.185185,25.0,625.0,1.0,0.0,0.529825,1.894437,585925.925926,2095032.57671,0.0,0.0,0.0,1.0
330000.0,12.706851,842.0,9.4,15.0,10.0,0.666667,0.0,0.0,0.0,0.0,0.0,21.0,441.0,0.0,1.0,0.157515,0.563211,585925.925926,2095032.57671,0.0,0.0,0.0,1.0
1110000.0,13.919871,1066.0,11.8,21.0,13.0,0.619048,0.0,1.0,0.0,1.0,0.084746,26.0,676.0,1.0,0.0,0.529825,1.894437,585925.925926,2095032.57671,0.0,1.0,0.0,0.0
60000.0,11.002117,147.0,1.6,8.0,1.0,0.125,0.0,0.0,0.0,0.0,0.0,24.0,576.0,1.0,0.0,0.028639,0.102402,585925.925926,2095032.57671,0.0,0.0,0.0,1.0
330000.0,12.706851,84.0,0.9,5.0,1.0,0.2,0.0,0.0,0.0,0.0,0.0,22.0,484.0,0.0,1.0,0.157515,0.563211,585925.925926,2095032.57671,0.0,0.0,0.0,1.0
560000.0,13.235694,2597.0,28.9,37.0,31.0,0.837838,1.0,1.0,0.0,1.0,0.034602,24.0,576.0,1.0,0.0,0.267299,0.955752,585925.925926,2095032.57671,0.0,0.0,0.0,1.0
330000.0,12.706851,3219.0,35.8,37.0,36.0,0.972973,1.0,2.0,0.0,2.0,0.055866,20.0,400.0,0.0,1.0,0.157515,0.563211,585925.925926,2095032.57671,1.0,0.0,0.0,0.0
280000.0,12.542548,1221.0,13.6,33.0,12.0,0.363636,0.0,4.0,0.0,4.0,0.294118,27.0,729.0,1.0,0.0,0.133649,0.477876,585925.925926,2095032.57671,0.0,1.0,0.0,0.0
1110000.0,13.919871,3420.0,38.0,38.0,38.0,1.0,1.0,0.0,10.0,10.0,0.263158,30.0,900.0,0.0,0.0,0.529825,1.894437,585925.925926,2095032.57671,0.0,0.0,1.0,0.0
640000.0,13.369225,3203.0,35.6,37.0,37.0,1.0,1.0,1.0,0.0,1.0,0.02809,29.0,841.0,1.0,0.0,0.305485,1.092288,585925.925926,2095032.57671,0.0,0.0,0.0,1.0
1280000.0,14.062371,2788.0,31.0,35.0,33.0,0.942857,1.0,3.0,0.0,3.0,0.096774,26.0,676.0,1.0,0.0,0.610969,0.294457,4346991.454545,2095032.57671,0.0,0.0,0.0,1.0
4630000.0,15.348068,701.0,7.8,14.0,7.0,0.5,0.0,0.0,0.0,0.0,0.0,23.0,529.0,0.0,1.0,2.20999,1.065104,4346991.454545,2095032.57671,0.0,0.0,0.0,1.0
5130000.0,15.450616,1609.0,17.9,30.0,18.0,0.6,1.0,8.0,0.0,8.0,0.446927,26.0,676.0,1.0,0.0,2.448649,1.180127,4346991.454545,2095032.57671,0.0,1.0,0.0,0.0
9260000.0,16.041215,1356.0,15.1,32.0,15.0,0.46875,0.0,7.0,0.0,7.0,0.463576,27.0,729.0,1.0,0.0,4.419979,2.130209,4346991.454545,2095032.57671,0.0,1.0,0.0,0.0
1110000.0,13.919871,2441.0,27.1,31.0,27.0,0.870968,1.0,2.0,0.0,2.0,0.073801,19.0,361.0,0.0,1.0,0.529825,0.255349,4346991.454545,2095032.57671,0.0,0.0,0.0,1.0
930000.0,13.742941,6.0,0.1,2.0,0.0,0.0,0.0,0.0,0.0,0.0,0.0,19.0,361.0,0.0,1.0,0.443907,0.213941,4346991.454545,2095032.57671,1.0,0.0,0.0,0.0
4490000.0,15.317363,2554.0,28.4,33.0,31.0,0.939394,1.0,0.0,0.0,0.0,0.0,27.0,729.0,1.0,0.0,2.143165,1.032898,4346991.454545,2095032.57671,1.0,0.0,0.0,0.0
3150000.0,14.962913,1800.0,20.0,26.0,19.0,0.730769,1.0,1.0,0.0,1.0,0.05,23.0,529.0,0.0,1.0,1.503557,0.724639,4346991.454545,2095032.57671,1.0,0.0,0.0,0.0
6480000.0,15.684231,2811.0,31.2,34.0,32.0,0.941176,1.0,2.0,0.0,2.0,0.064103,39.0,1521.0,0.0,0.0,3.093031,1.490686,4346991.454545,2095032.57671,0.0,0.0,0.0,1.0
3330000.0,15.018483,2530.0,28.1,30.0,28.0,0.933333,1.0,0.0,0.0,0.0,0.0,25.0,625.0,1.0,0.0,1.589474,0.766047,4346991.454545,2095032.57671,1.0,0.0,0.0,0.0
6410000.0,15.67337,3295.0,36.6,37.0,37.0,1.0,1.0,0.0,19.0,19.0,0.519126,30.0,900.0,0.0,0.0,3.059618,1.474583,4346991.454545,2095032.57671,0.0,0.0,1.0,0.0
4630000.0,15.348068,1034.0,11.5,19.0,13.0,0.684211,0.0,1.0,0.0,1.0,0.086957,27.0,729.0,1.0,0.0,2.20999,1.065104,4346991.454545,2095032.57671,0.0,0.0,0.0,1.0
1480000.0,14.207553,125.0,1.4,2.0,1.0,0.5,0.0,0.0,1.0,1.0,0.714286,35.0,1225.0,0.0,0.0,0.706433,0.340465,4346991.454545,2095032.57671,0.0,0.0,1.0,0.0
6410000.0,15.67337,1851.0,20.6,29.0,23.0,0.793103,1.0,9.0,0.0,9.0,0.436893,26.0,676.0,1.0,0.0,3.059618,1.474583,4346991.454545,2095032.57671,0.0,1.0,0.0,0.0
5130000.0,15.450616,1133.0,12.6,28.0,12.0,0.428571,0.0,3.0,0.0,3.0,0.238095,29.0,841.0,1.0,0.0,2.448649,1.180127,4346991.454545,2095032.57671,0.0,0.0,0.0,1.0
4630000.0,15.348068,1312.0,14.6,31.0,11.0,0.354839,0.0,1.0,0.0,1.0,0.068493,23.0,529.0,0.0,1.0,2.20999,1.065104,4346991.454545,2095032.57671,0.0,0.0,0.0,1.0
4630000.0,15.348068,892.0,9.9,16.0,11.0,0.6875,0.0,0.0,0.0,0.0,0.0,24.0,576.0,1.0,0.0,2.20999,1.065104,4346991.454545,2095032.57671,0.0,1.0,0.0,0.0
3150000.0,14.962913,2869.0,31.9,34.0,33.0,0.970588,1.0,5.0,0.0,5.0,0.15674,24.0,576.0,1.0,0.0,1.503557,0.724639,4346991.454545,2095032.57671,1.0,0.0,0.0,0.0
5560000.0,15.531109,2203.0,24.5,33.0,28.0,0.848485,1.0,2.0,0.0,2.0,0.081633,26.0,676.0,1.0,0.0,2.653897,1.279046,4346991.454545,2095032.57671,0.0,0.0,0.0,1.0
1850000.0,14.430697,833.0,9.3,27.0,7.0,0.259259,0.0,2.0,0.0,2.0,0.215054,20.0,400.0,0.0,1.0,0.883041,0.425582,4346991.454545,2095032.57671,0.0,0.0,0.0,1.0
4630000.0,15.348068,2521.0,28.0,33.0,28.0,0.848485,1.0,0.0,0.0,0.0,0.0,26.0,676.0,1.0,0.0,2.20999,1.169629,3958518.518519,2095032.57671,1.0,0.0,0.0,0.0
4630000.0,15.348068,979.0,10.9,11.0,11.0,1.0,0.0,0.0,9.0,9.0,0.825688,28.0,784.0,1.0,0.0,2.20999,1.169629,3958518.518519,2095032.57671,0.0,0.0,1.0,0.0
1670000.0,14.328335,834.0,9.3,14.0,9.0,0.642857,0.0,4.0,0.0,4.0,0.430108,22.0,484.0,0.0,1.0,0.797124,0.421875,3958518.518519,2095032.57671,0.0,0.0,0.0,1.0
3210000.0,14.981782,1795.0,19.9,21.0,21.0,1.0,1.0,2.0,0.0,2.0,0.100503,31.0,961.0,0.0,0.0,1.532196,0.810909,3958518.518519,2095032.57671,1.0,0.0,0.0,0.0
3460000.0,15.056779,1258.0,14.0,18.0,14.0,0.777778,0.0,4.0,0.0,4.0,0.285714,29.0,841.0,1.0,0.0,1.651526,0.874064,3958518.518519,2095032.57671,0.0,0.0,0.0,1.0
560000.0,13.235694,612.0,6.8,12.0,8.0,0.666667,0.0,1.0,0.0,1.0,0.147059,22.0,484.0,0.0,1.0,0.267299,0.141467,3958518.518519,2095032.57671,0.0,0.0,0.0,1.0
3330000.0,15.018483,805.0,8.9,17.0,8.0,0.470588,0.0,1.0,0.0,1.0,0.11236,24.0,576.0,1.0,0.0,1.589474,0.841224,3958518.518519,2095032.57671,0.0,0.0,0.0,1.0
5560000.0,15.531109,922.0,10.2,16.0,10.0,0.625,0.0,3.0,0.0,3.0,0.294118,28.0,784.0,1.0,0.0,2.653897,1.404566,3958518.518519,2095032.57671,0.0,1.0,0.0,0.0
5560000.0,15.531109,1783.0,19.8,33.0,20.0,0.606061,1.0,1.0,0.0,1.0,0.050505,25.0,625.0,1.0,0.0,2.653897,1.404566,3958518.518519,2095032.57671,0.0,0.0,0.0,1.0
5560000.0,15.531109,2276.0,25.3,26.0,26.0,1.0,1.0,2.0,0.0,2.0,0.079051,31.0,961.0,0.0,0.0,2.653897,1.404566,3958518.518519,2095032.57671,1.0,0.0,0.0,0.0
460000.0,13.038984,38.0,0.4,3.0,0.0,0.0,0.0,0.0,0.0,0.0,0.0,21.0,441.0,0.0,1.0,0.219567,0.116205,3958518.518519,2095032.57671,0.0,1.0,0.0,0.0
1850000.0,14.430697,1675.0,18.6,24.0,19.0,0.791667,1.0,0.0,0.0,0.0,0.0,34.0,1156.0,0.0,0.0,0.883041,0.467347,3958518.518519,2095032.57671,1.0,0.0,0.0,0.0
11110000.0,16.223356,1165.0,12.9,18.0,13.0,0.722222,0.0,5.0,0.0,5.0,0.387597,34.0,1156.0,0.0,0.0,5.30302,2.806606,3958518.518519,2095032.57671,0.0,0.0,0.0,1.0
3330000.0,15.018483,1901.0,21.1,32.0,22.0,0.6875,1.0,3.0,0.0,3.0,0.14218,32.0,1024.0,0.0,0.0,1.589474,0.841224,3958518.518519,2095032.57671,0.0,0.0,0.0,1.0
930000.0,13.742941,694.0,7.7,12.0,7.0,0.583333,0.0,0.0,0.0,0.0,0.0,21.0,441.0,0.0,1.0,0.443907,0.550994,1687857.142857,2095032.57671,1.0,0.0,0.0,0.0
2560000.0,14.755518,1370.0,15.2,25.0,15.0,0.6,0.0,0.0,0.0,0.0,0.0,27.0,729.0,1.0,0.0,1.221938,0.646707,3958518.518519,2095032.57671,1.0,0.0,0.0,0.0
6480000.0,15.684231,2200.0,24.4,34.0,26.0,0.764706,1.0,2.0,0.0,2.0,0.081967,31.0,961.0,0.0,0.0,3.093031,1.636976,3958518.518519,2095032.57671,0.0,0.0,0.0,1.0
4260000.0,15.26478,1488.0,16.5,28.0,15.0,0.535714,0.0,1.0,0.0,1.0,0.060606,24.0,576.0,1.0,0.0,2.033381,1.07616,3958518.518519,2095032.57671,0.0,0.0,0.0,1.0
1110000.0,13.919871,11.0,0.1,1.0,0.0,0.0,0.0,0.0,0.0,0.0,0.0,29.0,841.0,1.0,0.0,0.529825,0.280408,3958518.518519,2095032.57671,0.0,0.0,1.0,0.0
1390000.0,14.144815,666.0,7.4,18.0,7.0,0.388889,0.0,1.0,0.0,1.0,0.135135,26.0,676.0,1.0,0.0,0.663474,0.351141,3958518.518519,2095032.57671,0.0,1.0,0.0,0.0
1850000.0,14.430697,310.0,3.4,16.0,2.0,0.125,0.0,0.0,0.0,0.0,0.0,30.0,900.0,0.0,0.0,0.883041,0.467347,3958518.518519,2095032.57671,0.0,0.0,0.0,1.0
9260000.0,16.041215,2750.0,30.6,33.0,32.0,0.969697,1.0,12.0,0.0,12.0,0.392157,22.0,484.0,0.0,1.0,4.419979,2.339259,3958518.518519,2095032.57671,0.0,1.0,0.0,0.0
7690000.0,15.855431,44.0,0.5,5.0,0.0,0.0,0.0,1.0,0.0,1.0,2.0,32.0,1024.0,0.0,0.0,3.670587,1.942646,3958518.518519,2095032.57671,0.0,1.0,0.0,0.0
3210000.0,14.981782,1681.0,18.7,24.0,18.0,0.75,1.0,2.0,0.0,2.0,0.106952,26.0,676.0,1.0,0.0,1.532196,0.810909,3958518.518519,2095032.57671,1.0,0.0,0.0,0.0
5560000.0,15.531109,2791.0,31.0,33.0,31.0,0.939394,1.0,10.0,0.0,10.0,0.322581,28.0,784.0,1.0,0.0,2.653897,1.404566,3958518.518519,2095032.57671,0.0,0.0,0.0,1.0
3590000.0,15.093663,2431.0,27.0,32.0,29.0,0.90625,1.0,1.0,0.0,1.0,0.037037,30.0,900.0,0.0,0.0,1.713577,0.906905,3958518.518519,2095032.57671,0.0,0.0,0.0,1.0
3150000.0,14.962913,2430.0,27.0,27.0,27.0,1.0,1.0,0.0,14.0,14.0,0.518519,28.0,784.0,1.0,0.0,1.503557,0.795752,3958518.518519,2095032.57671,0.0,0.0,1.0,0.0
830000.0,13.629182,780.0,8.7,11.0,9.0,0.818182,0.0,0.0,0.0,0.0,0.0,23.0,529.0,0.0,1.0,0.396175,1.024691,810000.0,2095032.57671,1.0,0.0,0.0,0.0
380000.0,12.847929,490.0,5.4,14.0,5.0,0.357143,0.0,1.0,0.0,1.0,0.185185,24.0,576.0,1.0,0.0,0.181381,0.469136,810000.0,2095032.57671,0.0,1.0,0.0,0.0
1030000.0,13.84507,2470.0,27.4,32.0,31.0,0.96875,1.0,3.0,0.0,3.0,0.109489,24.0,576.0,1.0,0.0,0.491639,1.271605,810000.0,2095032.57671,0.0,0.0,0.0,1.0
930000.0,13.742941,2664.0,29.6,31.0,31.0,1.0,1.0,1.0,0.0,1.0,0.033784,21.0,441.0,0.0,1.0,0.443907,1.148148,810000.0,2095032.57671,1.0,0.0,0.0,0.0
130000.0,11.775297,132.0,1.5,8.0,2.0,0.25,0.0,0.0,0.0,0.0,0.0,20.0,400.0,0.0,1.0,0.062052,0.160494,810000.0,2095032.57671,0.0,0.0,0.0,1.0
930000.0,13.742941,1091.0,12.1,28.0,12.0,0.428571,0.0,1.0,0.0,1.0,0.082645,21.0,441.0,0.0,1.0,0.443907,1.148148,810000.0,2095032.57671,0.0,0.0,0.0,1.0
930000.0,13.742941,1530.0,17.0,17.0,17.0,1.0,1.0,0.0,8.0,8.0,0.470588,24.0,576.0,1.0,0.0,0.443907,1.148148,810000.0,2095032.57671,0.0,0.0,1.0,0.0
1390000.0,14.144815,2643.0,29.4,34.0,29.0,0.852941,1.0,0.0,0.0,0.0,0.0,26.0,676.0,1.0,0.0,0.663474,1.716049,810000.0,2095032.57671,0.0,0.0,0.0,1.0
1670000.0,14.328335,2951.0,32.8,35.0,34.0,0.971429,1.0,2.0,0.0,2.0,0.060976,25.0,625.0,1.0,0.0,0.797124,2.061728,810000.0,2095032.57671,1.0,0.0,0.0,0.0
190000.0,12.154785,90.0,1.0,1.0,1.0,1.0,0.0,0.0,0.0,0.0,0.0,22.0,484.0,0.0,1.0,0.090691,0.234568,810000.0,2095032.57671,0.0,0.0,1.0,0.0
190000.0,12.154785,114.0,1.3,7.0,1.0,0.142857,0.0,0.0,0.0,0.0,0.0,22.0,484.0,0.0,1.0,0.090691,0.234568,810000.0,2095032.57671,0.0,0.0,0.0,1.0
930000.0,13.742941,1007.0,11.2,14.0,13.0,0.928571,0.0,2.0,0.0,2.0,0.178571,28.0,784.0,1.0,0.0,0.443907,1.148148,810000.0,2095032.57671,0.0,1.0,0.0,0.0
740000.0,13.514407,859.0,9.5,20.0,8.0,0.4,0.0,1.0,0.0,1.0,0.105263,22.0,484.0,0.0,1.0,0.353216,0.91358,810000.0,2095032.57671,0.0,1.0,0.0,0.0
1390000.0,14.144815,73.0,0.8,4.0,0.0,0.0,0.0,0.0,0.0,0.0,0.0,31.0,961.0,0.0,0.0,0.663474,1.716049,810000.0,2095032.57671,0.0,0.0,0.0,1.0
930000.0,13.742941,773.0,8.6,16.0,9.0,0.5625,0.0,0.0,0.0,0.0,0.0,22.0,484.0,0.0,1.0,0.443907,1.148148,810000.0,2095032.57671,0.0,1.0,0.0,0.0
770000.0,13.554147,2252.0,25.0,27.0,25.0,0.925926,1.0,0.0,0.0,0.0,0.0,26.0,676.0,1.0,0.0,0.367536,0.950617,810000.0,2095032.57671,1.0,0.0,0.0,0.0
1390000.0,14.144815,2979.0,33.1,37.0,36.0,0.972973,1.0,1.0,0.0,1.0,0.030211,23.0,529.0,0.0,1.0,0.663474,1.716049,810000.0,2095032.57671,0.0,0.0,0.0,1.0
830000.0,13.629182,1625.0,18.1,21.0,18.0,0.857143,1.0,1.0,0.0,1.0,0.055249,22.0,484.0,0.0,1.0,0.396175,1.024691,810000.0,2095032.57671,1.0,0.0,0.0,0.0
930000.0,13.742941,2984.0,33.2,37.0,34.0,0.918919,1.0,9.0,0.0,9.0,0.271084,24.0,576.0,1.0,0.0,0.443907,1.148148,810000.0,2095032.57671,0.0,1.0,0.0,0.0
1110000.0,13.919871,1049.0,11.7,32.0,9.0,0.28125,0.0,0.0,0.0,0.0,0.0,29.0,841.0,1.0,0.0,0.529825,1.37037,810000.0,2095032.57671,0.0,0.0,0.0,1.0
460000.0,13.038984,309.0,3.4,9.0,2.0,0.222222,0.0,2.0,0.0,2.0,0.588235,24.0,576.0,1.0,0.0,0.219567,0.567901,810000.0,2095032.57671,0.0,1.0,0.0,0.0
1200000.0,13.997833,1840.0,20.4,34.0,19.0,0.558824,1.0,1.0,0.0,1.0,0.04902,23.0,529.0,0.0,1.0,0.572783,1.481481,810000.0,2095032.57671,0.0,0.0,0.0,1.0
320000.0,12.676079,888.0,9.9,15.0,11.0,0.733333,0.0,1.0,0.0,1.0,0.10101,27.0,729.0,1.0,0.0,0.152742,0.395062,810000.0,2095032.57671,0.0,1.0,0.0,0.0
1110000.0,13.919871,457.0,5.1,13.0,4.0,0.307692,0.0,0.0,0.0,0.0,0.0,26.0,676.0,1.0,0.0,0.529825,1.37037,810000.0,2095032.57671,0.0,0.0,0.0,1.0
130000.0,11.775297,2095.0,23.3,29.0,22.0,0.758621,1.0,0.0,0.0,0.0,0.0,18.0,324.0,0.0,1.0,0.062052,0.160494,810000.0,2095032.57671,0.0,0.0,0.0,1.0
80000.0,11.289794,1.0,0.0,1.0,0.0,0.0,0.0,0.0,0.0,0.0,0.0,22.0,484.0,0.0,1.0,0.038186,0.098765,810000.0,2095032.57671,0.0,0.0,0.0,1.0
930000.0,13.742941,1800.0,20.0,20.0,20.0,1.0,1.0,0.0,3.0,3.0,0.15,22.0,484.0,0.0,1.0,0.443907,1.148148,810000.0,2095032.57671,0.0,0.0,1.0,0.0
1110000.0,13.919871,2250.0,25.0,25.0,25.0,1.0,1.0,0.0,1.0,1.0,0.04,27.0,729.0,1.0,0.0,0.529825,1.688797,657272.727273,2095032.57671,0.0,0.0,1.0,0.0
280000.0,12.542548,3073.0,34.1,35.0,34.0,0.971429,1.0,2.0,0.0,2.0,0.058651,35.0,1225.0,0.0,0.0,0.133649,0.426003,657272.727273,2095032.57671,1.0,0.0,0.0,0.0
440000.0,12.994532,1514.0,16.8,26.0,17.0,0.653846,1.0,0.0,0.0,0.0,0.0,29.0,841.0,1.0,0.0,0.210021,0.669433,657272.727273,2095032.57671,1.0,0.0,0.0,0.0
2310000.0,14.652759,46.0,0.5,4.0,0.0,0.0,0.0,0.0,0.0,0.0,0.0,26.0,676.0,1.0,0.0,1.102608,3.514523,657272.727273,2095032.57671,0.0,1.0,0.0,0.0
130000.0,11.775297,122.0,1.4,2.0,2.0,1.0,0.0,0.0,0.0,0.0,0.0,21.0,441.0,0.0,1.0,0.062052,0.197787,657272.727273,2095032.57671,1.0,0.0,0.0,0.0
740000.0,13.514407,1444.0,16.0,24.0,16.0,0.666667,0.0,0.0,0.0,0.0,0.0,20.0,400.0,0.0,1.0,0.353216,1.125864,657272.727273,2095032.57671,0.0,0.0,0.0,1.0
460000.0,13.038984,538.0,6.0,11.0,6.0,0.545455,0.0,1.0,0.0,1.0,0.166667,24.0,576.0,1.0,0.0,0.219567,0.699862,657272.727273,2095032.57671,0.0,0.0,0.0,1.0
650000.0,13.384729,658.0,7.3,13.0,8.0,0.615385,0.0,0.0,0.0,0.0,0.0,25.0,625.0,1.0,0.0,0.310258,0.988935,657272.727273,2095032.57671,0.0,1.0,0.0,0.0
280000.0,12.542548,458.0,5.1,7.0,5.0,0.714286,0.0,0.0,0.0,0.0,0.0,20.0,400.0,0.0,1.0,0.133649,0.426003,657272.727273,2095032.57671,1.0,0.0,0.0,0.0
170000.0,12.04356,875.0,9.7,25.0,5.0,0.2,0.0,0.0,0.0,0.0,0.0,24.0,576.0,1.0,0.0,0.081144,0.258645,657272.727273,2095032.57671,0.0,0.0,0.0,1.0
170000.0,12.04356,494.0,5.5,9.0,6.0,0.666667,0.0,0.0,0.0,0.0,0.0,22.0,484.0,0.0,1.0,0.081144,0.258645,657272.727273,2095032.57671,1.0,0.0,0.0,0.0
830000.0,13.629182,1515.0,16.8,28.0,15.0,0.535714,1.0,2.0,0.0,2.0,0.119048,21.0,441.0,0.0,1.0,0.396175,1.262794,657272.727273,2095032.57671,0.0,1.0,0.0,0.0
220000.0,12.301387,2279.0,25.3,32.0,26.0,0.8125,1.0,1.0,0.0,1.0,0.039526,27.0,729.0,1.0,0.0,0.10501,0.334716,657272.727273,2095032.57671,0.0,0.0,0.0,1.0
1850000.0,14.430697,506.0,5.6,19.0,2.0,0.105263,0.0,1.0,0.0,1.0,0.178571,37.0,1369.0,0.0,0.0,0.883041,2.814661,657272.727273,2095032.57671,0.0,0.0,0.0,1.0
610000.0,13.321216,122.0,1.4,9.0,0.0,0.0,0.0,1.0,0.0,1.0,0.714286,19.0,361.0,0.0,1.0,0.291165,0.928077,657272.727273,2095032.57671,0.0,1.0,0.0,0.0
280000.0,12.542548,850.0,9.4,17.0,9.0,0.529412,0.0,0.0,0.0,0.0,0.0,24.0,576.0,1.0,0.0,0.133649,0.426003,657272.727273,2095032.57671,0.0,0.0,0.0,1.0
190000.0,12.154785,1281.0,14.2,23.0,18.0,0.782609,0.0,0.0,0.0,0.0,0.0,26.0,676.0,1.0,0.0,0.090691,0.289073,657272.727273,2095032.57671,0.0,0.0,0.0,1.0
190000.0,12.154785,198.0,2.2,3.0,3.0,1.0,0.0,0.0,0.0,0.0,0.0,21.0,441.0,0.0,1.0,0.090691,0.289073,657272.727273,2095032.57671,1.0,0.0,0.0,0.0
370000.0,12.821261,1600.0,17.8,27.0,21.0,0.777778,1.0,2.0,0.0,2.0,0.11236,25.0,625.0,1.0,0.0,0.176608,0.562932,657272.727273,2095032.57671,0.0,0.0,0.0,1.0
690000.0,13.444448,1525.0,17.0,30.0,15.0,0.5,1.0,4.0,0.0,4.0,0.235294,28.0,784.0,1.0,0.0,0.32935,1.049793,657272.727273,2095032.57671,0.0,1.0,0.0,0.0
1200000.0,13.997833,1900.0,21.1,34.0,21.0,0.617647,1.0,2.0,0.0,2.0,0.094787,27.0,729.0,1.0,0.0,0.572783,1.825726,657272.727273,2095032.57671,0.0,0.0,0.0,1.0
1030000.0,13.84507,2892.0,32.1,35.0,33.0,0.942857,1.0,1.0,0.0,1.0,0.031153,28.0,784.0,1.0,0.0,0.491639,1.567082,657272.727273,2095032.57671,0.0,0.0,0.0,1.0
280000.0,12.542548,540.0,6.0,6.0,6.0,1.0,0.0,0.0,1.0,1.0,0.166667,37.0,1369.0,0.0,0.0,0.133649,0.426003,657272.727273,2095032.57671,0.0,0.0,1.0,0.0
1020000.0,13.835314,432.0,4.8,12.0,4.0,0.333333,0.0,1.0,0.0,1.0,0.208333,22.0,484.0,0.0,1.0,0.486866,1.551867,657272.727273,2095032.57671,0.0,1.0,0.0,0.0
930000.0,13.742941,500.0,5.6,8.0,5.0,0.625,0.0,0.0,0.0,0.0,0.0,39.0,1521.0,0.0,0.0,0.443907,1.414938,657272.727273,2095032.57671,1.0,0.0,0.0,0.0
740000.0,13.514407,610.0,6.8,9.0,8.0,0.888889,0.0,0.0,0.0,0.0,0.0,20.0,400.0,0.0,1.0,0.353216,1.125864,657272.727273,2095032.57671,1.0,0.0,0.0,0.0
460000.0,13.038984,752.0,8.4,15.0,9.0,0.6,0.0,0.0,0.0,0.0,0.0,19.0,361.0,0.0,1.0,0.219567,0.699862,657272.727273,2095032.57671,0.0,0.0,0.0,1.0
280000.0,12.542548,2599.0,28.9,35.0,30.0,0.857143,1.0,0.0,0.0,0.0,0.0,21.0,441.0,0.0,1.0,0.133649,0.426003,657272.727273,2095032.57671,0.0,0.0,0.0,1.0
930000.0,13.742941,110.0,1.2,5.0,1.0,0.2,0.0,0.0,0.0,0.0,0.0,21.0,441.0,0.0,1.0,0.443907,1.414938,657272.727273,2095032.57671,0.0,0.0,0.0,1.0
350000.0,12.765691,3201.0,35.6,37.0,36.0,0.972973,1.0,1.0,0.0,1.0,0.02809,24.0,576.0,1.0,0.0,0.167062,0.532503,657272.727273,2095032.57671,1.0,0.0,0.0,0.0
740000.0,13.514407,630.0,7.0,7.0,7.0,1.0,0.0,0.0,0.0,0.0,0.0,29.0,841.0,1.0,0.0,0.353216,1.125864,657272.727273,2095032.57671,0.0,0.0,1.0,0.0
1670000.0,14.328335,2307.0,25.6,37.0,29.0,0.783784,1.0,7.0,0.0,7.0,0.273438,32.0,1024.0,0.0,0.0,0.797124,2.540802,657272.727273,2095032.57671,0.0,1.0,0.0,0.0
90000.0,11.407576,14.0,0.2,1.0,0.0,0.0,0.0,0.0,0.0,0.0,0.0,23.0,529.0,0.0,1.0,0.042959,0.136929,657272.727273,2095032.57671,1.0,0.0,0.0,0.0
3700000.0,15.123844,416.0,4.6,7.0,5.0,0.714286,0.0,0.0,0.0,0.0,0.0,28.0,784.0,1.0,0.0,1.766082,0.880285,4203181.818182,2095032.57671,0.0,0.0,0.0,1.0
5560000.0,15.531109,393.0,4.4,14.0,3.0,0.214286,0.0,3.0,0.0,3.0,0.681818,28.0,784.0,1.0,0.0,2.653897,1.322807,4203181.818182,2095032.57671,0.0,1.0,0.0,0.0
5190000.0,15.462244,3094.0,34.4,37.0,36.0,0.972973,1.0,2.0,0.0,2.0,0.05814,30.0,900.0,0.0,0.0,2.477288,1.234779,4203181.818182,2095032.57671,0.0,0.0,0.0,1.0
2780000.0,14.837962,135.0,1.5,4.0,2.0,0.5,0.0,0.0,0.0,0.0,0.0,23.0,529.0,0.0,1.0,1.326948,0.661404,4203181.818182,2095032.57671,0.0,0.0,0.0,1.0
1850000.0,14.430697,1097.0,12.2,23.0,9.0,0.391304,0.0,0.0,0.0,0.0,0.0,22.0,484.0,0.0,1.0,0.883041,0.440143,4203181.818182,2095032.57671,1.0,0.0,0.0,0.0
2220000.0,14.613018,1184.0,13.2,24.0,12.0,0.5,0.0,1.0,0.0,1.0,0.075758,22.0,484.0,0.0,1.0,1.059649,0.528171,4203181.818182,2095032.57671,0.0,0.0,0.0,1.0
3330000.0,15.018483,773.0,8.6,16.0,10.0,0.625,0.0,3.0,0.0,3.0,0.348837,20.0,400.0,0.0,1.0,1.589474,0.792257,4203181.818182,2095032.57671,0.0,1.0,0.0,0.0
6480000.0,15.684231,3059.0,34.0,36.0,36.0,1.0,1.0,4.0,0.0,4.0,0.117647,29.0,841.0,1.0,0.0,3.093031,1.541689,4203181.818182,2095032.57671,1.0,0.0,0.0,0.0
1300000.0,14.077876,517.0,5.7,18.0,5.0,0.277778,0.0,0.0,0.0,0.0,0.0,20.0,400.0,0.0,1.0,0.620515,0.309289,4203181.818182,2095032.57671,1.0,0.0,0.0,0.0
4630000.0,15.348068,644.0,7.2,18.0,6.0,0.333333,0.0,0.0,0.0,0.0,0.0,29.0,841.0,1.0,0.0,2.20999,1.101546,4203181.818182,2095032.57671,0.0,0.0,0.0,1.0
6480000.0,15.684231,1463.0,16.3,24.0,20.0,0.833333,0.0,4.0,0.0,4.0,0.245399,29.0,841.0,1.0,0.0,3.093031,1.541689,4203181.818182,2095032.57671,0.0,0.0,0.0,1.0
6480000.0,15.684231,2085.0,23.2,27.0,25.0,0.925926,1.0,3.0,0.0,3.0,0.12931,30.0,900.0,0.0,0.0,3.093031,1.541689,4203181.818182,2095032.57671,1.0,0.0,0.0,0.0
3700000.0,15.123844,2139.0,23.8,33.0,28.0,0.848485,1.0,6.0,0.0,6.0,0.252101,22.0,484.0,0.0,1.0,1.766082,0.880285,4203181.818182,2095032.57671,0.0,0.0,0.0,1.0
4360000.0,15.287983,3420.0,38.0,38.0,38.0,1.0,1.0,0.0,23.0,23.0,0.605263,25.0,625.0,1.0,0.0,2.081113,1.037309,4203181.818182,2095032.57671,0.0,0.0,1.0,0.0
2780000.0,14.837962,999.0,11.1,25.0,8.0,0.32,0.0,1.0,0.0,1.0,0.09009,24.0,576.0,1.0,0.0,1.326948,0.661404,4203181.818182,2095032.57671,0.0,0.0,0.0,1.0
3330000.0,15.018483,1295.0,14.4,25.0,13.0,0.52,0.0,2.0,0.0,2.0,0.138889,20.0,400.0,0.0,1.0,1.589474,0.792257,4203181.818182,2095032.57671,0.0,0.0,0.0,1.0
12960000.0,16.377378,1354.0,15.0,22.0,15.0,0.681818,0.0,2.0,0.0,2.0,0.133333,31.0,961.0,0.0,0.0,6.186061,3.083378,4203181.818182,2095032.57671,0.0,0.0,0.0,1.0
4630000.0,15.348068,666.0,7.4,20.0,5.0,0.25,0.0,1.0,0.0,1.0,0.135135,32.0,1024.0,0.0,0.0,2.20999,1.101546,4203181.818182,2095032.57671,0.0,0.0,0.0,1.0
2560000.0,14.755518,2723.0,30.3,34.0,32.0,0.941176,1.0,1.0,0.0,1.0,0.033003,28.0,784.0,1.0,0.0,1.221938,0.609062,4203181.818182,2095032.57671,0.0,0.0,0.0,1.0
830000.0,13.629182,987.0,11.0,28.0,8.0,0.285714,0.0,2.0,0.0,2.0,0.181818,23.0,529.0,0.0,1.0,0.396175,0.62406,1330000.0,2095032.57671,0.0,1.0,0.0,0.0
4440000.0,15.306165,2552.0,28.4,36.0,32.0,0.888889,1.0,9.0,0.0,9.0,0.316901,26.0,676.0,1.0,0.0,2.119299,3.338346,1330000.0,2095032.57671,0.0,1.0,0.0,0.0
2130000.0,14.571633,2880.0,32.0,32.0,32.0,1.0,1.0,0.0,12.0,12.0,0.375,26.0,676.0,1.0,0.0,1.016691,1.601504,1330000.0,2095032.57671,0.0,0.0,1.0,0.0
1150000.0,13.955273,2592.0,28.8,38.0,33.0,0.868421,1.0,7.0,0.0,7.0,0.243056,26.0,676.0,1.0,0.0,0.548917,0.864662,1330000.0,2095032.57671,0.0,1.0,0.0,0.0
3700000.0,15.123844,690.0,7.7,16.0,9.0,0.5625,0.0,0.0,0.0,0.0,0.0,22.0,484.0,0.0,1.0,1.766082,2.781955,1330000.0,2095032.57671,0.0,0.0,0.0,1.0
230000.0,12.345839,1.0,0.0,1.0,0.0,0.0,0.0,0.0,0.0,0.0,0.0,24.0,576.0,1.0,0.0,0.109783,0.172932,1330000.0,2095032.57671,1.0,0.0,0.0,0.0
1300000.0,14.077876,1064.0,11.8,24.0,11.0,0.458333,0.0,2.0,0.0,2.0,0.169492,21.0,441.0,0.0,1.0,0.620515,0.977444,1330000.0,2095032.57671,0.0,1.0,0.0,0.0
1110000.0,13.919871,135.0,1.5,2.0,2.0,1.0,0.0,0.0,0.0,0.0,0.0,26.0,676.0,1.0,0.0,0.529825,0.834586,1330000.0,2095032.57671,0.0,0.0,0.0,1.0
5560000.0,15.531109,1958.0,21.8,26.0,24.0,0.923077,1.0,8.0,0.0,8.0,0.366972,30.0,900.0,0.0,0.0,2.653897,4.180451,1330000.0,2095032.57671,0.0,1.0,0.0,0.0
830000.0,13.629182,260.0,2.9,15.0,1.0,0.066667,0.0,1.0,0.0,1.0,0.344828,24.0,576.0,1.0,0.0,0.396175,0.62406,1330000.0,2095032.57671,0.0,0.0,0.0,1.0
650000.0,13.384729,509.0,5.7,12.0,5.0,0.416667,0.0,0.0,0.0,0.0,0.0,27.0,729.0,1.0,0.0,0.310258,0.488722,1330000.0,2095032.57671,1.0,0.0,0.0,0.0
740000.0,13.514407,313.0,3.5,5.0,4.0,0.8,0.0,0.0,0.0,0.0,0.0,28.0,784.0,1.0,0.0,0.353216,0.556391,1330000.0,2095032.57671,1.0,0.0,0.0,0.0
370000.0,12.821261,8.0,0.1,1.0,0.0,0.0,0.0,0.0,0.0,0.0,0.0,22.0,484.0,0.0,1.0,0.176608,0.278195,1330000.0,2095032.57671,0.0,0.0,1.0,0.0
1390000.0,14.144815,2737.0,30.4,35.0,33.0,0.942857,1.0,6.0,0.0,6.0,0.197368,23.0,529.0,0.0,1.0,0.663474,1.045113,1330000.0,2095032.57671,0.0,0.0,0.0,1.0
1110000.0,13.919871,3061.0,34.0,35.0,35.0,1.0,1.0,0.0,0.0,0.0,0.0,25.0,625.0,1.0,0.0,0.529825,0.834586,1330000.0,2095032.57671,1.0,0.0,0.0,0.0
1540000.0,14.247294,1917.0,21.3,30.0,22.0,0.733333,1.0,0.0,0.0,0.0,0.0,23.0,529.0,0.0,1.0,0.735072,1.157895,1330000.0,2095032.57671,1.0,0.0,0.0,0.0
770000.0,13.554147,2460.0,27.3,32.0,27.0,0.84375,1.0,4.0,0.0,4.0,0.14652,26.0,676.0,1.0,0.0,0.367536,0.578947,1330000.0,2095032.57671,0.0,0.0,0.0,1.0
370000.0,12.821261,10.0,0.1,1.0,0.0,0.0,0.0,0.0,0.0,0.0,0.0,22.0,484.0,0.0,1.0,0.176608,0.278195,1330000.0,2095032.57671,0.0,1.0,0.0,0.0
170000.0,12.04356,1034.0,11.5,24.0,10.0,0.416667,0.0,0.0,0.0,0.0,0.0,20.0,400.0,0.0,1.0,0.081144,0.12782,1330000.0,2095032.57671,0.0,0.0,0.0,1.0
220000.0,12.301387,211.0,2.3,14.0,1.0,0.071429,0.0,0.0,0.0,0.0,0.0,24.0,576.0,1.0,0.0,0.10501,0.165414,1330000.0,2095032.57671,0.0,1.0,0.0,0.0
3700000.0,15.123844,2660.0,29.6,34.0,31.0,0.911765,1.0,1.0,0.0,1.0,0.033784,36.0,1296.0,0.0,0.0,1.766082,2.781955,1330000.0,2095032.57671,0.0,0.0,0.0,1.0
650000.0,13.384729,142.0,1.6,11.0,0.0,0.0,0.0,0.0,0.0,0.0,0.0,26.0,676.0,1.0,0.0,0.310258,0.488722,1330000.0,2095032.57671,0.0,1.0,0.0,0.0
220000.0,12.301387,129.0,1.4,3.0,1.0,0.333333,0.0,0.0,0.0,0.0,0.0,21.0,441.0,0.0,1.0,0.10501,0.165414,1330000.0,2095032.57671,1.0,0.0,0.0,0.0
1110000.0,13.919871,2852.0,31.7,34.0,33.0,0.970588,1.0,0.0,0.0,0.0,0.0,25.0,625.0,1.0,0.0,0.529825,0.834586,1330000.0,2095032.57671,1.0,0.0,0.0,0.0
850000.0,13.652993,532.0,5.9,6.0,6.0,1.0,0.0,0.0,2.0,2.0,0.338983,23.0,529.0,0.0,1.0,0.405722,0.639098,1330000.0,2095032.57671,0.0,0.0,1.0,0.0
740000.0,13.514407,2835.0,31.5,32.0,32.0,1.0,1.0,2.0,0.0,2.0,0.063492,22.0,484.0,0.0,1.0,0.353216,0.556391,1330000.0,2095032.57671,1.0,0.0,0.0,0.0
930000.0,13.742941,1054.0,11.7,20.0,9.0,0.45,0.0,0.0,0.0,0.0,0.0,26.0,676.0,1.0,0.0,0.443907,0.699248,1330000.0,2095032.57671,1.0,0.0,0.0,0.0
1280000.0,14.062371,235.0,2.6,5.0,2.0,0.4,0.0,0.0,0.0,0.0,0.0,31.0,961.0,0.0,0.0,0.610969,0.758358,1687857.142857,2095032.57671,1.0,0.0,0.0,0.0
1280000.0,14.062371,1120.0,12.4,24.0,12.0,0.5,0.0,0.0,0.0,0.0,0.0,31.0,961.0,0.0,0.0,0.610969,0.758358,1687857.142857,2095032.57671,1.0,0.0,0.0,0.0
740000.0,13.514407,2610.0,29.0,29.0,29.0,1.0,1.0,0.0,10.0,10.0,0.344828,32.0,1024.0,0.0,0.0,0.353216,0.438426,1687857.142857,2095032.57671,0.0,0.0,1.0,0.0
280000.0,12.542548,21.0,0.2,2.0,0.0,0.0,0.0,0.0,0.0,0.0,0.0,21.0,441.0,0.0,1.0,0.133649,0.165891,1687857.142857,2095032.57671,1.0,0.0,0.0,0.0
560000.0,13.235694,299.0,3.3,15.0,2.0,0.133333,0.0,1.0,0.0,1.0,0.30303,20.0,400.0,0.0,1.0,0.267299,0.331782,1687857.142857,2095032.57671,0.0,0.0,0.0,1.0
2220000.0,14.613018,1906.0,21.2,25.0,21.0,0.84,1.0,0.0,0.0,0.0,0.0,28.0,784.0,1.0,0.0,1.059649,1.315277,1687857.142857,2095032.57671,1.0,0.0,0.0,0.0
2780000.0,14.837962,1997.0,22.2,33.0,19.0,0.575758,1.0,6.0,0.0,6.0,0.27027,22.0,484.0,0.0,1.0,1.326948,1.647059,1687857.142857,2095032.57671,0.0,0.0,0.0,1.0
3330000.0,15.018483,1893.0,21.0,33.0,19.0,0.575758,1.0,6.0,0.0,6.0,0.285714,29.0,841.0,1.0,0.0,1.589474,1.972916,1687857.142857,2095032.57671,0.0,1.0,0.0,0.0
3150000.0,14.962913,517.0,5.7,14.0,5.0,0.357143,0.0,0.0,0.0,0.0,0.0,32.0,1024.0,0.0,0.0,1.503557,1.866272,1687857.142857,2095032.57671,0.0,0.0,0.0,1.0
5000000.0,15.424949,1103.0,12.3,28.0,11.0,0.392857,0.0,3.0,0.0,3.0,0.243902,34.0,1156.0,0.0,0.0,2.386598,2.962336,1687857.142857,2095032.57671,0.0,1.0,0.0,0.0
350000.0,12.765691,1001.0,11.1,19.0,13.0,0.684211,0.0,1.0,0.0,1.0,0.09009,21.0,441.0,0.0,1.0,0.167062,0.207364,1687857.142857,2095032.57671,0.0,0.0,0.0,1.0
560000.0,13.235694,289.0,3.2,15.0,1.0,0.066667,0.0,0.0,0.0,0.0,0.0,23.0,529.0,0.0,1.0,0.267299,0.331782,1687857.142857,2095032.57671,0.0,0.0,0.0,1.0
1480000.0,14.207553,810.0,9.0,9.0,9.0,1.0,0.0,0.0,2.0,2.0,0.222222,25.0,625.0,1.0,0.0,0.706433,0.876851,1687857.142857,2095032.57671,0.0,0.0,1.0,0.0
3150000.0,14.962913,2230.0,24.8,32.0,27.0,0.84375,1.0,11.0,0.0,11.0,0.443548,30.0,900.0,0.0,0.0,1.503557,1.866272,1687857.142857,2095032.57671,0.0,1.0,0.0,0.0
3150000.0,14.962913,2145.0,23.8,27.0,24.0,0.888889,1.0,2.0,0.0,2.0,0.084034,31.0,961.0,0.0,0.0,1.503557,1.866272,1687857.142857,2095032.57671,1.0,0.0,0.0,0.0
1480000.0,14.207553,1756.0,19.5,29.0,23.0,0.793103,1.0,0.0,0.0,0.0,0.0,21.0,441.0,0.0,1.0,0.706433,0.876851,1687857.142857,2095032.57671,0.0,0.0,0.0,1.0
1540000.0,14.247294,416.0,4.6,8.0,5.0,0.625,0.0,0.0,0.0,0.0,0.0,24.0,576.0,1.0,0.0,0.735072,0.912399,1687857.142857,2095032.57671,0.0,0.0,0.0,1.0
1300000.0,14.077876,2134.0,23.7,29.0,23.0,0.793103,1.0,1.0,0.0,1.0,0.042194,25.0,625.0,1.0,0.0,0.620515,0.770207,1687857.142857,2095032.57671,0.0,0.0,0.0,1.0
690000.0,13.444448,355.0,3.9,11.0,3.0,0.272727,0.0,0.0,0.0,0.0,0.0,24.0,576.0,1.0,0.0,0.32935,0.408802,1687857.142857,2095032.57671,0.0,0.0,0.0,1.0
2560000.0,14.755518,3043.0,33.8,37.0,36.0,0.972973,1.0,8.0,0.0,8.0,0.236686,27.0,729.0,1.0,0.0,1.221938,1.516716,1687857.142857,2095032.57671,0.0,0.0,0.0,1.0
280000.0,12.542548,1116.0,12.4,16.0,14.0,0.875,0.0,1.0,0.0,1.0,0.080645,21.0,441.0,0.0,1.0,0.133649,0.165891,1687857.142857,2095032.57671,0.0,0.0,0.0,1.0
1850000.0,14.430697,3088.0,34.3,35.0,35.0,1.0,1.0,1.0,0.0,1.0,0.029155,26.0,676.0,1.0,0.0,0.883041,1.096064,1687857.142857,2095032.57671,1.0,0.0,0.0,0.0
1850000.0,14.430697,300.0,3.3,13.0,3.0,0.230769,0.0,0.0,0.0,0.0,0.0,25.0,625.0,1.0,0.0,0.883041,1.096064,1687857.142857,2095032.57671,0.0,1.0,0.0,0.0
1920000.0,14.467836,2252.0,25.0,31.0,26.0,0.83871,1.0,0.0,0.0,0.0,0.0,29.0,841.0,1.0,0.0,0.916454,1.137537,1687857.142857,2095032.57671,0.0,0.0,0.0,1.0
2040000.0,14.528461,511.0,5.7,15.0,6.0,0.4,0.0,0.0,0.0,0.0,0.0,25.0,625.0,1.0,0.0,0.973732,1.208633,1687857.142857,2095032.57671,0.0,0.0,0.0,1.0
190000.0,12.154785,12.0,0.1,1.0,0.0,0.0,0.0,0.0,0.0,0.0,0.0,16.0,256.0,0.0,1.0,0.090691,0.229967,826206.896552,2095032.57671,0.0,0.0,0.0,1.0
1670000.0,14.328335,922.0,10.2,25.0,6.0,0.24,0.0,3.0,0.0,3.0,0.294118,29.0,841.0,1.0,0.0,0.797124,2.021285,826206.896552,2095032.57671,0.0,1.0,0.0,0.0
740000.0,13.514407,1280.0,14.2,19.0,16.0,0.842105,0.0,1.0,0.0,1.0,0.070423,24.0,576.0,1.0,0.0,0.353216,0.895659,826206.896552,2095032.57671,0.0,0.0,0.0,1.0
560000.0,13.235694,2557.0,28.4,32.0,29.0,0.90625,1.0,5.0,0.0,5.0,0.176056,22.0,484.0,0.0,1.0,0.267299,0.677796,826206.896552,2095032.57671,0.0,0.0,0.0,1.0
740000.0,13.514407,166.0,1.8,7.0,2.0,0.285714,0.0,0.0,0.0,0.0,0.0,18.0,324.0,0.0,1.0,0.353216,0.895659,826206.896552,2095032.57671,1.0,0.0,0.0,0.0
1670000.0,14.328335,2247.0,25.0,30.0,28.0,0.933333,1.0,3.0,0.0,3.0,0.12,34.0,1156.0,0.0,0.0,0.797124,2.021285,826206.896552,2095032.57671,1.0,0.0,0.0,0.0
370000.0,12.821261,180.0,2.0,2.0,2.0,1.0,0.0,0.0,0.0,0.0,0.0,39.0,1521.0,0.0,0.0,0.176608,0.44783,826206.896552,2095032.57671,0.0,0.0,1.0,0.0
1150000.0,13.955273,1861.0,20.7,26.0,22.0,0.846154,1.0,0.0,0.0,0.0,0.0,31.0,961.0,0.0,0.0,0.548917,1.391903,826206.896552,2095032.57671,0.0,0.0,0.0,1.0
190000.0,12.154785,421.0,4.7,19.0,1.0,0.052632,0.0,1.0,0.0,1.0,0.212766,18.0,324.0,0.0,1.0,0.090691,0.229967,826206.896552,2095032.57671,0.0,1.0,0.0,0.0
190000.0,12.154785,206.0,2.3,8.0,3.0,0.375,0.0,1.0,0.0,1.0,0.434783,20.0,400.0,0.0,1.0,0.090691,0.229967,826206.896552,2095032.57671,0.0,1.0,0.0,0.0
1110000.0,13.919871,1696.0,18.8,33.0,20.0,0.606061,1.0,1.0,0.0,1.0,0.053191,27.0,729.0,1.0,0.0,0.529825,1.343489,826206.896552,2095032.57671,0.0,0.0,0.0,1.0
1110000.0,13.919871,3146.0,35.0,36.0,36.0,1.0,1.0,1.0,0.0,1.0,0.028571,30.0,900.0,0.0,0.0,0.529825,1.343489,826206.896552,2095032.57671,0.0,0.0,0.0,1.0
510000.0,13.142168,1127.0,12.5,17.0,13.0,0.764706,0.0,0.0,0.0,0.0,0.0,25.0,625.0,1.0,0.0,0.243433,0.617279,826206.896552,2095032.57671,0.0,0.0,0.0,1.0
370000.0,12.821261,191.0,2.1,10.0,1.0,0.1,0.0,0.0,0.0,0.0,0.0,19.0,361.0,0.0,1.0,0.176608,0.44783,826206.896552,2095032.57671,0.0,0.0,0.0,1.0
1300000.0,14.077876,2186.0,24.3,31.0,27.0,0.870968,1.0,5.0,0.0,5.0,0.205761,25.0,625.0,1.0,0.0,0.620515,1.573456,826206.896552,2095032.57671,0.0,0.0,0.0,1.0
900000.0,13.710151,2065.0,22.9,30.0,27.0,0.9,1.0,10.0,0.0,10.0,0.436681,27.0,729.0,1.0,0.0,0.429588,1.089316,826206.896552,2095032.57671,0.0,1.0,0.0,0.0
900000.0,13.710151,1811.0,20.1,32.0,20.0,0.625,1.0,2.0,0.0,2.0,0.099502,30.0,900.0,0.0,0.0,0.429588,1.089316,826206.896552,2095032.57671,0.0,0.0,0.0,1.0
740000.0,13.514407,996.0,11.1,24.0,9.0,0.375,0.0,0.0,0.0,0.0,0.0,18.0,324.0,0.0,1.0,0.353216,0.895659,826206.896552,2095032.57671,0.0,0.0,0.0,1.0
900000.0,13.710151,2616.0,29.1,30.0,30.0,1.0,1.0,0.0,12.0,12.0,0.412371,25.0,625.0,1.0,0.0,0.429588,1.089316,826206.896552,2095032.57671,0.0,0.0,1.0,0.0
190000.0,12.154785,120.0,1.3,5.0,1.0,0.2,0.0,0.0,0.0,0.0,0.0,17.0,289.0,0.0,1.0,0.090691,0.229967,826206.896552,2095032.57671,1.0,0.0,0.0,0.0
740000.0,13.514407,1763.0,19.6,28.0,18.0,0.642857,1.0,0.0,0.0,0.0,0.0,22.0,484.0,0.0,1.0,0.353216,0.895659,826206.896552,2095032.57671,1.0,0.0,0.0,0.0
3330000.0,15.018483,2257.0,25.1,32.0,28.0,0.875,1.0,5.0,0.0,5.0,0.199203,26.0,676.0,1.0,0.0,1.589474,4.030467,826206.896552,2095032.57671,0.0,1.0,0.0,0.0
450000.0,13.017005,475.0,5.3,24.0,2.0,0.083333,0.0,0.0,0.0,0.0,0.0,26.0,676.0,1.0,0.0,0.214794,0.544658,826206.896552,2095032.57671,0.0,0.0,0.0,1.0
1300000.0,14.077876,2959.0,32.9,35.0,34.0,0.971429,1.0,3.0,0.0,3.0,0.091185,25.0,625.0,1.0,0.0,0.620515,1.573456,826206.896552,2095032.57671,1.0,0.0,0.0,0.0
650000.0,13.384729,620.0,6.9,7.0,6.0,0.857143,0.0,0.0,2.0,2.0,0.289855,23.0,529.0,0.0,1.0,0.310258,0.786728,826206.896552,2095032.57671,0.0,0.0,1.0,0.0
370000.0,12.821261,119.0,1.3,3.0,0.0,0.0,0.0,0.0,0.0,0.0,0.0,25.0,625.0,1.0,0.0,0.176608,0.44783,826206.896552,2095032.57671,0.0,0.0,0.0,1.0
370000.0,12.821261,424.0,4.7,8.0,4.0,0.5,0.0,0.0,0.0,0.0,0.0,21.0,441.0,0.0,1.0,0.176608,0.44783,826206.896552,2095032.57671,1.0,0.0,0.0,0.0
320000.0,12.676079,2472.0,27.5,28.0,28.0,1.0,1.0,3.0,0.0,3.0,0.109091,23.0,529.0,0.0,1.0,0.152742,0.387312,826206.896552,2095032.57671,1.0,0.0,0.0,0.0
930000.0,13.742941,453.0,5.0,15.0,4.0,0.266667,0.0,0.0,0.0,0.0,0.0,28.0,784.0,1.0,0.0,0.443907,1.125626,826206.896552,2095032.57671,0.0,1.0,0.0,0.0
